"Variable / Field Name","Form Name","Section Header","Field Type","Field Label","Choices, Calculations, OR Slider Labels","Field Note","Text Validation Type OR Show Slider Number","Text Validation Min","Text Validation Max",Identifier?,"Branching Logic (Show field only if...)","Required Field?","Custom Alignment","Question Number (surveys only)","Matrix Group Name","Matrix Ranking?","Field Annotation"
record_id,patient_information,,text,"Record ID",,,,,,,,,,,,,
part_of_clinical_trial,patient_information,,yesno,"Is this case reviewed as part of a clinical trial?",,,,,,,,y,,,,,
clinical_trial_enrolled,patient_information,,dropdown,"Clinical Protocol Patient is Enrolled","0, Trial 1 | 1, Trial 2 | 2, Trial 3 | 3, Trial 4 | 4, Trial X",,,,,,"[part_of_clinical_trial]=""1""",,,,,,
clinical_trial_id,patient_information,,text,"Clinical Trial Identifier",,,,,,,"[part_of_clinical_trial]=""1""",,,,,,
physician_name,patient_information,,text,"Referring Physician Name",,"First and last name of physician submitting the request, e.g., Joe Doe",,,,,,y,,,,,
physician_contact,patient_information,,text,"Referring Physician Contact Email Address",,"Physician's email",,,,,,y,,,,,
physician_institution,patient_information,,text,"Referring Physician Institution",,"Physician's institution",,,,,,,,,,,
other_physician_name,patient_information,,text,"Other Referring Physician Name",,"First and last name of physician submitting the request, e.g., Joe Doe",,,,,,,,,,,
other_physician_contact,patient_information,,text,"Other Referring Physician Contact Email Address",,"Physician's email",,,,,,,,,,,
other_physician_institution,patient_information,,text,"Other Referring Physician Institution",,"Physician's institution",,,,,,,,,,,
mrn,patient_information,,text,MRN,,,,,,y,,y,,,,,
mrn_enterprise,patient_information,,text,"MRN Enterprise",,,,,,,,,,,,,
first_name,patient_information,,text,"First Name",,"The given name(s) of the patient",,,,y,,y,,,,,
last_name,patient_information,,text,"Last Name",,"The family name of the patient",,,,y,,y,,,,,
sex,patient_information,,dropdown,Sex,"0, Female | 1, Male","The gender the patient was given at birth",,,,,,,,,,,
gender,patient_information,,radio,"Administrative Gender","0, Female | 1, Male | 2, Other | 99, Unknown","A gender classification used for administrative purposes, not necessarily the same as a biological description or a sex identity.",,,,,,,,,,,
race,patient_information,,dropdown,Race,"0, American Indian/Alaska Native | 1, Asian | 2, Native Hawaiian or Other Pacific Islander | 3, Black or African American | 4, White | 5, More Than One Race | 6, Unknown / Not Reported","Text code for patient's race",,,,,,,,,,,
ethnicity,patient_information,,dropdown,Ethnicity,"0, Hispanic or Latino | 1, NOT Hispanic or Latino | 2, Unknown/Not Reported","Text code patient's ethnicity",,,,,,,,,,,
dob,patient_information,,text,"Date of Birth",,"Date of birth in the form MMDDYYYY, hyphens will be autocompleted",date_mdy,,,y,,,,,,," @HIDEBUTTON"
pt_address,patient_information,,text,"Address Line",,"The street name and number or P.O. box of the physical home address of the patient",,,,,,,,,,," @HIDDEN-SURVEY"
pt_address_city,patient_information,,text,"Address City",,"Name of city of the physical home address of the patient",,,,,,,,,,," @HIDDEN-SURVEY"
pt_address_state,patient_information,,text,"Address State",,"Name of state of the physical home address of the patient",,,,,,,,,,," @HIDDEN-SURVEY"
pt_address_zipcode,patient_information,,text,"Address Zip Code",,"The postal (zip) code of the physical home address of the patient",,,,,,,,,,," @HIDDEN-SURVEY"
pt_address_period,patient_information,,text,"Address Period",,"Time period address has been in use",,,,,,,,,,," @HIDDEN-SURVEY"
smoking_status,patient_information,,radio,"What is the smoking status of the patient?","0, Current Smoker | 1, Former Smoker | 2, Never Smoker | 98, Smoker, Current Status Unknown | 99, Unknown if Ever Smoked","Text code for patient's smoking status",,,,,,,,,,,
pack_years,patient_information,,text,Pack-years,,"Number with one decimal place for pack-yearss",number_1dp,,,,"[smoking_status] = '0' or [smoking_status] = '1' or [smoking_status] = '98'",,,,,,
other_exposures,patient_information,,checkbox,"Other Exposures","1, Aflatoxins | 2, Aristolochic Acids | 3, Arsenic | 4, Asbestos | 5, Benzene | 6, Benzidine | 7, Beryllium | 8, 3-Butadiene | 9, Cadmium | 10, Coal Tar and Coal-Tar Pitch | 11, Coke-Oven Emissions | 12, Crystalline Silica (respirable size) | 13, Erionite | 14, Ethylene Oxide | 15, Formaldehyde | 16, Hexavalent Chromium Compounds | 17, Indoor Emissions from the Household Combustion of Coal | 18, Mineral Oils: Untreated and Mildly Treated | 19, Nickel Compounds | 20, Radon | 21, Secondhand Tobacco Smoke (Environmental Tobacco Smoke) | 22, Soot | 23, Strong Inorganic Acid Mists Containing Sulfuric Acid | 24, Thorium | 25, Trichloroethylene | 26, Vinyl Chloride | 27, Wood Dust","Check one or more other exposures",,,,,,,,,,,
germline,patient_information,,radio,"Germline testing performed?","1, Yes | 2, No | 3, Unknown",,,,,,,y,,,,,
tissue,patient_information,,radio,"Tissue NGS performed?","1, Yes | 2, No | 3, Unknown",,,,,,,y,,,,,
liquid_biopsy,patient_information,,radio,"Liquid biopsy performed?","1, Yes | 2, No | 3, Unknown",,,,,,,y,,,,,
other_mol_test,patient_information,,checkbox,"Other molecular testing performed?","1, FISH | 2, CTCs | 3, Other",,,,,,,,,,,,
ngs_report_1,patient_information,,file,"NGS Report 1",,"Please upload NGS report(s)",,,,,,y,,,,,
ngs_report_2,patient_information,,file,"NGS Report 2",,"Please upload NGS report(s)",,,,,,,,,,,
ngs_report_3,patient_information,,file,"NGS Report 3",,"Please upload NGS report(s)",,,,,,,,,,,
other_mol_test_report,patient_information,,file,"Other Molecular Testing Report",,,,,,,,,,,,,
ecog,patient_information,,text,"ECOG Performance Status Score",,"Evaluate patient's performance status using the ECOG score",integer,0,5,,,,,,,,
ecogps_interpretation,patient_information,,dropdown,"ECOG Performance Status Interpretation","0, ECOG score of 0, Fully active, able to carry on all pre-disease performance without restriction | 1, ECOG score of 1, Restricted in physically strenuous activity but ambulatory and able to carry out work of a light or sedentary nature, e.g., light house work, office work | 2, ECOG score of 2, Ambulatory and capable of all selfcare but unable to carry out any work activities; up and about more than 50% of waking hours | 3, ECOG score of 3, Capable of only limited selfcare; confined to bed or chair more than 50% of waking hours | 4, ECOG score of 4, Completely disabled; cannot carry on any selfcare; totally confined to bed or chair | 5, ECOG score of 5, Dead","A categorical assessment of the ECOG score",,,,,,,,,,,
ecog_date,patient_information,,descriptive,"<div class=""rich-text-field-label""><table style=""border-collapse: collapse; width: 97.5495%; height: 18.3333px;"" border=""0""> <tbody> <tr> <td style=""width: 59.5162%;""> </td> <td style=""width: 13.9262%;"">Month</td> <td style=""width: 13.3398%;"">Day</td> <td style=""width: 13.1933%;"">Year</td> </tr> <tr style=""height: 18.3333px; border-style: none;""> <td style=""width: 59.5162%; height: 18.3333px;"">ECOG Assessment Date</td> <td style=""width: 13.9262%; height: 18.3333px;"">{ecog_ass_m}</td> <td style=""width: 13.3398%; height: 18.3333px;"">{ecog_ass_d}</td> <td style=""width: 13.1933%; height: 18.3333px;"">{ecog_ass_y}</td> </tr> </tbody> </table> <p style=""text-align: left;""><em><span style=""font-weight: normal;"">*When was patient's performance status last assessed (closest to the MTB review date)?</span></em></p></div>",,"When was the ECOG status assessed (closest to the MTB review date)?",,,,,,,,,,,
ecog_date_full,patient_information,,text,"ECOG Assessment Date (full value)",,"When was the ECOG status assessed (closest to the MTB review date)?",,,,,,,,,,," @CALCTEXT(concat(if(isblankormissingcode([ecog_ass_m]),'00',[ecog_ass_m]), ""-"", if(isblankormissingcode([ecog_ass_d]),'00',[ecog_ass_d]), ""-"", if(isblankormissingcode([ecog_ass_y]),'0000',[ecog_ass_y]))) AND @HIDDEN"
ecog_ass_d,patient_information,,dropdown,"ECOG Assessment Date (Day)","XX, Unknown | 01, 01 | 02, 02 | 03, 03 | 04, 04 | 05, 05 | 06, 06 | 07, 07 | 08, 08 | 09, 09 | 10, 10 | 11, 11 | 12, 12 | 13, 13 | 14, 14 | 15, 15 | 16, 16 | 17, 17 | 18, 18 | 19, 19 | 20, 20 | 21, 21 | 22, 22 | 23, 23 | 24, 24 | 25, 25 | 26, 26 | 27, 27 | 28, 28 | 29, 29 | 30, 30 | 31, 31",,,,,,,,,,,,
ecog_ass_m,patient_information,,dropdown,"ECOG Assessment Date (Month)","XX, Unknown | 01, 01 | 02, 02 | 03, 03 | 04, 04 | 05, 05 | 06, 06 | 07, 07 | 08, 08 | 09, 09 | 10, 10 | 11, 11 | 12, 12",,,,,,,,,,,,
ecog_ass_y,patient_information,,dropdown,"ECOG Assessment Date (Year)","XXXX, Unknown | 2026, 2026 | 2025, 2025 | 2024, 2024 | 2023, 2023 | 2022, 2022 | 2021, 2021 | 2020, 2020 | 2019, 2019 | 2018, 2018 | 2017, 2017 | 2016, 2016 | 2015, 2015 | 2014, 2014 | 2013, 2013 | 2012, 2012 | 2011, 2011 | 2010, 2010 | 2009, 2009 | 2008, 2008 | 2007, 2007 | 2006, 2006 | 2005, 2005 | 2004, 2004 | 2003, 2003 | 2002, 2002 | 2001, 2001 | 2000, 2000 | 1999, 1999 | 1998, 1998 | 1997, 1997 | 1996, 1996 | 1995, 1995 | 1994, 1994 | 1993, 1993 | 1992, 1992 | 1991, 1991 | 1990, 1990",,,,,,,,,,,,
karnofsky,patient_information,,text,"Karnofsky Performance Status Score",,"Evaluate patient's performance status using the Karnofsky score",integer,0,100,,,,,,,,
kps_interpretation,patient_information,,dropdown,"Karnofsky Performance Status Interpretation","1, KPS score of 100, Normal; no complaints; no evidence of disease | 2, KPS score of 90, Able to carry on normal activity; minor signs or symptoms of disease | 3, KPS score of 80, Normal activity with effort; some signs or symptoms of disease | 4, KPS score of 70, Cares for self; unable to carry on normal activity or do active work | 5, KPS score of 60,  Requires occasional assistance but is able to care for most needs | 6, KPS score of 50, Requires considerable assistance and frequent medical care | 7, KPS score of 40, Disabled; requires special care and assistance | 8, KPS score of 30, Severely disabled; hospitalization is indicated, although death not imminent | 9, KPS score of 20, Very sick; hospitalization necessary; active supportive treatment necessary | 10, KPS score of 10, Moribund; fatal processes progressing rapidly | 11, KPS score of 0, Dead","A categorical assessment of the Karnofsky score ",,,,,,,,,,,
karnofsky_date,patient_information,,text,"Karnofsky Assessment Date",,"Date the Karnofsky status assessed (closest to the MTB review date)",date_mdy,,,,,,,,,," @HIDEBUTTON"
date_cur_pt_info,patient_information,,text,"Date Last Curated (Patient Info) ",,"Date of curation in the form MMDDYYYY, hyphens will be autocompleted",date_mdy,,,y,,,,,,," @HIDDEN-SURVEY"
cur_by_pt_info,patient_information,,text,"Curated By (Patient Info) ",,"Please enter your full name",,,,,,,,,,," @HIDDEN-SURVEY"
personal_cancer_history,personal_and_family_history,,yesno,"Personal History of Other Cancer",,"Personal history of cancer diagnoses, other than the current condition",,,,,,,,,,,
personal_cancer_dx,personal_and_family_history,,text,"Personal Cancer Diagnosis",,"Prior cancer diagnosis",,,,,"[personal_cancer_history] = '1'",,,,,,
personal_cancer_age,personal_and_family_history,,text,"Personal Cancer Age at Diagnosis",,"Patient's age when diagnosed with other cancer",number,0,110,,"[personal_cancer_history] = '1'",,,,,,
personal_other_cancer_dx,personal_and_family_history,,text,"Personal Other Cancer Diagnosis",,"The diagnosis for second other cancer",,,,,"[personal_cancer_history] = '1'",,,,,,
personal_other_cancer_age,personal_and_family_history,,text,"Personal Other Cancer Age at Diagnosis",,"Patient's age when diagnosed with a second other cancer",number,0,110,,"[personal_cancer_history] = '1'",,,,,,
fam_hx_cancer,personal_and_family_history,,dropdown,"Family History of Cancer","0, No | 1, Yes | 2, Unknown/not reported","Family history of cancer",,,,,,,,,,,
no_first_deg_rel_cancer,personal_and_family_history,,dropdown,"Number of First Degree Relatives with Cancer","0, 0 | 1, 1 | 2, 2 | 3, 3 | 4, 4 | 5, 5 | 6, 6 | 7, 7 | 8, 8 | 9, 9 | 10, 10 | 11, unknown or not reported","Number of first degree relatives (parents, siblings, children) with cancer",,,,,"[fam_hx_cancer] = ""1""",,,,,,
first_deg_rel_under_50,personal_and_family_history,,dropdown,"Number First Degree Relatives with Cancer Before Age 50","0, 0 | 1, 1 | 2, 2 | 3, 3 | 4, 4 | 5, 5 | 6, 6 | 7, 7 | 8, 8 | 9, 9 | 10, 10 | 11, unknown or not reported","Number of first degree relatives  (parents, siblings, children) with cancer before the age of 50",,,,,[no_first_deg_rel_cancer]>0,,,,,,
no_second_deg_rel_cancer,personal_and_family_history,,dropdown,"Number of Second Degree Relatives with Cancer","0, 0 | 1, 1 | 2, 2 | 3, 3 | 4, 4 | 5, 5 | 6, 6 | 7, 7 | 8, 8 | 9, 9 | 10, 10 | 11, unknown or not reported","Number of second degree relatives (grandparents, aunts and uncles, nieces and nephews, half-siblings, grandchildren) with cancer",,,,,"[fam_hx_cancer] = ""1""",,,,,,
sec_deg_rel_under_50,personal_and_family_history,,dropdown,"Number of Second Degree Relatives with Cancer Before Age 50","0, 0 | 1, 1 | 2, 2 | 3, 3 | 4, 4 | 5, 5 | 6, 6 | 7, 7 | 8, 8 | 9, 9 | 10, 10 | 11, unknown or not reported","Number of second degree relatives (grandparents, aunts and uncles, nieces and nephews, half-siblings, grandchildren) with cancer before the age of 50",,,,,[no_second_deg_rel_cancer]>0,,,,,,
no_third_deg_rel_cancer,personal_and_family_history,,dropdown,"Number of Third Degree Relatives with Cancer","0, 0 | 1, 1 | 2, 2 | 3, 3 | 4, 4 | 5, 5 | 6, 6 | 7, 7 | 8, 8 | 9, 9 | 10, 10 | 11, unknown or not reported","Number of third degree relatives (first cousins, great aunts and uncles, great grandparents or great grandchildren) with cancer",,,,,"[fam_hx_cancer] = ""1""",,,,,,
third_deg_rel_under_50,personal_and_family_history,,dropdown,"Number of Third Degree Relatives with Cancer Before Age 50","0, 0 | 1, 1 | 2, 2 | 3, 3 | 4, 4 | 5, 5 | 6, 6 | 7, 7 | 8, 8 | 9, 9 | 10, 10 | 11, unknown or not reported","Number of third degree relatives (first cousins, great aunts and uncles, great grandparents or great grandchildren) with cancer before the age of 50",,,,,[no_third_deg_rel_cancer]>0,,,,,,
fst_deg_cancer_types,personal_and_family_history,"Cancer Types in Family Members",checkbox,"1st Degree","0, Breast | 1, Ovarian | 2, Colon | 3, Prost | 4, Lung | 5, Uterus | 6, Uroth | 7, Kidney | 8, Gastric | 9, Pancr | 10, Melan | 11, Other",,,,,,"[fam_hx_cancer] = '1'",,,,fam_cancer_types,,
snd_deg_cancer_types,personal_and_family_history,,checkbox,"2nd Degree","0, Breast | 1, Ovarian | 2, Colon | 3, Prost | 4, Lung | 5, Uterus | 6, Uroth | 7, Kidney | 8, Gastric | 9, Pancr | 10, Melan | 11, Other",,,,,,"[fam_hx_cancer] = '1'",,,,fam_cancer_types,,
trd_deg_cancer_types,personal_and_family_history,,checkbox,"3rd Degree","0, Breast | 1, Ovarian | 2, Colon | 3, Prost | 4, Lung | 5, Uterus | 6, Uroth | 7, Kidney | 8, Gastric | 9, Pancr | 10, Melan | 11, Other",,,,,,"[fam_hx_cancer] = '1'",,,,fam_cancer_types,,
date_cur_fhx,personal_and_family_history,,text,"Date Last Curated (MHx and FHx) ",,"Date of curation in the form MMDDYYYY, hyphens will be autocompleted",date_mdy,,,y,,,,,,," @HIDDEN-SURVEY"
cur_by_fhx,personal_and_family_history,,text,"Curated By (MHx and FHx) ",,"Please enter your full name",,,,,,,,,,," @HIDDEN-SURVEY"
genetic_couns,germline_profiling_data,"Germline Profiling Data",radio,"Genetic Counseling Visit","0, Yes | 1, No | 2, Unknown","Genetic counceling visit occurred",,,,,,y,,,,,
gen_date_full,germline_profiling_data,,text,"Date Genetic Counseling Visit (full value)",,,,,,,,,,,,," @CALCTEXT(concat(if(isblankormissingcode([gen_date_m]),'00',[gen_date_m]), ""/"", if(isblankormissingcode([gen_date_d]),'00',[gen_date_d]), ""/"", if(isblankormissingcode([gen_date_y]),'0000',[gen_date_y]))) AND @HIDDEN"
gen_date,germline_profiling_data,,descriptive,"<div class=""rich-text-field-label""><table style=""border-collapse: collapse; width: 97.5495%; height: 18.3333px;"" border=""0""> <tbody> <tr> <td style=""width: 59.5162%;""> </td> <td style=""width: 13.9262%;"">Month</td> <td style=""width: 13.3398%;"">Day</td> <td style=""width: 13.1933%;"">Year</td> </tr> <tr style=""height: 18.3333px; border-style: none;""> <td style=""width: 59.5162%; height: 18.3333px;"">Date Genetic Counseling Visit</td> <td style=""width: 13.9262%; height: 18.3333px;"">{gen_date_m}</td> <td style=""width: 13.3398%; height: 18.3333px;"">{gen_date_d}</td> <td style=""width: 13.1933%; height: 18.3333px;"">{gen_date_y}</td> </tr> </tbody> </table> <p style=""text-align: left;""><em><span style=""font-weight: normal;"">*When was the genetic counseling visit?</span></em></p></div>",,,,,,,[genetic_couns]=0,,,,,,
gen_date_d,germline_profiling_data,,dropdown,"Date Genetic Counseling Visit (Day)","XX, Unknown | 01, 01 | 02, 02 | 03, 03 | 04, 04 | 05, 05 | 06, 06 | 07, 07 | 08, 08 | 09, 09 | 10, 10 | 11, 11 | 12, 12 | 13, 13 | 14, 14 | 15, 15 | 16, 16 | 17, 17 | 18, 18 | 19, 19 | 20, 20 | 21, 21 | 22, 22 | 23, 23 | 24, 24 | 25, 25 | 26, 26 | 27, 27 | 28, 28 | 29, 29 | 30, 30 | 31, 31",,,,,,,,,,,,
gen_date_m,germline_profiling_data,,dropdown,"Date Genetic Counseling Visit (Month)","XX, Unknown | 01, 01 | 02, 02 | 03, 03 | 04, 04 | 05, 05 | 06, 06 | 07, 07 | 08, 08 | 09, 09 | 10, 10 | 11, 11 | 12, 12",,,,,,,,,,,,
gen_date_y,germline_profiling_data,,dropdown,"Date Genetic Counseling Visit (Year)","XXXX, Unknown | 2026, 2026 | 2025, 2025 | 2024, 2024 | 2023, 2023 | 2022, 2022 | 2021, 2021 | 2020, 2020 | 2019, 2019 | 2018, 2018 | 2017, 2017 | 2016, 2016 | 2015, 2015 | 2014, 2014 | 2013, 2013 | 2012, 2012 | 2011, 2011 | 2010, 2010 | 2009, 2009 | 2008, 2008 | 2007, 2007 | 2006, 2006 | 2005, 2005 | 2004, 2004 | 2003, 2003 | 2002, 2002 | 2001, 2001 | 2000, 2000 | 1999, 1999 | 1998, 1998 | 1997, 1997 | 1996, 1996 | 1995, 1995 | 1994, 1994 | 1993, 1993 | 1992, 1992 | 1991, 1991 | 1990, 1990",,,,,,,,,,,,
germ_test_rec,germline_profiling_data,,yesno,"Germline Testing Recommendation",,,,,,,,,,,,,
gen_couns_or_germ_test_mtb_rec,germline_profiling_data,,yesno,"Was the genetic counseling or germline testing performed based on the MTB Recommendation?",,,,,,,"[genetic_couns]='0' OR [germ_test_rec]='1'",,,,,,
germline_report,germline_profiling_data,,file,"Germline Report",,,,,,,,,,,,,
germ_report_case_id,germline_profiling_data,,text,"Germline Report Case Identifier",,"Report ID",,,,,,,,,,,
germline_test_provider,germline_profiling_data,,dropdown,"Germline Test Provider","0, Myriad | 1, GeneDx | 2, Invitae | 3, Color | 4, Other | 5, Ambry","Name of the germline test provider (select from a list)",,,,,,,,,,,
germline_test_prov_name,germline_profiling_data,,text,"Germline Test Provider (Other)",,"Name of the germline test provider (if not included in the list)",,,,,"[germline_test_provider] = ""4""",,,,,,
germline_assay,germline_profiling_data,,dropdown,"Germline Test Assay","1, FoundationOne CDx | 2, FoundationOne Liquid CDx | 3, FoundationOne Heme | 4, Tempus|xT | 5, Tempus|xE | 6, Tempus|xF | 7, Tempus|nP | 8, Caris Molecular Intelligence | 9, MI GPSai™|Genomic_Prevalence_Score | 10, Caris FOLFIRSTai | 11, NGS Solid Tumor Hotspot Panel | 12, NGS Solid Tumor Panel | 13, Solid Tumor Panel-v6 | 14, Solid Tumor Panel-v5 | 15, Solid Tumor Panel-v3.3 | 16, Solid Tumor Panel-v3 | 17, NGS SOLID TUMOR PNL | 18, NGS Solid Tumor Panel- limited | 19, Lung mutation panel | 20, Guardant360 CDx | 21, Guardant360 TissueNext test | 22, Guardant360 Response test | 23, Guardant Reveal test | 24, LUNAR-2 test | 25, Biocept Target Selector Liquid Biopsy | 26, Invitae Multi-Cancer Panel | 27, Invitae Common Hereditary Cancers Panel | 28, Invitae BRCA1 and BRCA2 STAT Panel | 29, Invitae Breast Cancer STAT Panel | 30, Invitae Breast Cancer Panel | 31, Invitae Breast Cancer Guidelines-Based Panel | 32, Invitae Breast and Gyn Cancers Panel | 33, Invitae Breast and Gyn Cancers Guidelines-Based Panel | 34, Invitae Colorectal Cancer Panel | 35, Invitae Colorectal Cancer Guidelines-Based Panel | 36, Oncomine PanCancer Cell-Free Assay | 37, Biodesix Cancer-Specific Assay | 38, Oncomine Tumor Mutation Load Assay | 39, Inivata InvisionFirst Lung | 40, Inivata InvisionSeq | 41, Inivata RaDar | 42, Signatera | 43, Altera | 44, Empower | 45, Elio tissue complete | 46, Elio plasma resolve | 47, Elio plasma complete | 48, JH Actionable fusion panel | 99, Other","The range(s) of the DNA sequence examined",,,,,,,,,,,
germline_other_assay,germline_profiling_data,,notes,"Germline Other Assay - Please Specify",,"Additional description if ""Other"" is selected in the ""Test Assay"" question",,,,,"[germline_assay] = '99'",,,,,,
gtest_date_full,germline_profiling_data,,text,"Date Germline Test (full value)",,,,,,,,,,,,," @CALCTEXT(concat(if(isblankormissingcode([gtest_dt_m]),'00',[gtest_dt_m]), ""/"", if(isblankormissingcode([gtest_dt_d]),'00',[gtest_dt_d]), ""/"", if(isblankormissingcode([gtest_dt_y]),'0000',[gtest_dt_y]))) AND @HIDDEN"
gtest_date,germline_profiling_data,,descriptive,"<div class=""rich-text-field-label""><table style=""border-collapse: collapse; width: 97.5495%; height: 18.3333px;"" border=""0""> <tbody> <tr> <td style=""width: 59.5162%;""> </td> <td style=""width: 13.9262%;"">Month</td> <td style=""width: 13.3398%;"">Day</td> <td style=""width: 13.1933%;"">Year</td> </tr> <tr style=""height: 18.3333px; border-style: none;""> <td style=""width: 59.5162%; height: 18.3333px;"">Date Germline Test</td> <td style=""width: 13.9262%; height: 18.3333px;"">{gtest_dt_m}</td> <td style=""width: 13.3398%; height: 18.3333px;"">{gtest_dt_d}</td> <td style=""width: 13.1933%; height: 18.3333px;"">{gtest_dt_y}</td> </tr> </tbody> </table> <p style=""text-align: left;""><em><span style=""font-weight: normal;"">*When was the germline test completed?</span></em></p></div>",,,,,,,,,,,,,
gtest_dt_d,germline_profiling_data,,dropdown,"Date Germline Test (Day)","XX, Unknown | 01, 01 | 02, 02 | 03, 03 | 04, 04 | 05, 05 | 06, 06 | 07, 07 | 08, 08 | 09, 09 | 10, 10 | 11, 11 | 12, 12 | 13, 13 | 14, 14 | 15, 15 | 16, 16 | 17, 17 | 18, 18 | 19, 19 | 20, 20 | 21, 21 | 22, 22 | 23, 23 | 24, 24 | 25, 25 | 26, 26 | 27, 27 | 28, 28 | 29, 29 | 30, 30 | 31, 31",,,,,,,,,,,,
gtest_dt_m,germline_profiling_data,,dropdown,"Date Germline Test (Month)","XX, Unknown | 01, 01 | 02, 02 | 03, 03 | 04, 04 | 05, 05 | 06, 06 | 07, 07 | 08, 08 | 09, 09 | 10, 10 | 11, 11 | 12, 12",,,,,,,,,,,,
gtest_dt_y,germline_profiling_data,,dropdown,"Date Germline Test (Year)","XXXX, Unknown | 2026, 2026 | 2025, 2025 | 2024, 2024 | 2023, 2023 | 2022, 2022 | 2021, 2021 | 2020, 2020 | 2019, 2019 | 2018, 2018 | 2017, 2017 | 2016, 2016 | 2015, 2015 | 2014, 2014 | 2013, 2013 | 2012, 2012 | 2011, 2011 | 2010, 2010 | 2009, 2009 | 2008, 2008 | 2007, 2007 | 2006, 2006 | 2005, 2005 | 2004, 2004 | 2003, 2003 | 2002, 2002 | 2001, 2001 | 2000, 2000 | 1999, 1999 | 1998, 1998 | 1997, 1997 | 1996, 1996 | 1995, 1995 | 1994, 1994 | 1993, 1993 | 1992, 1992 | 1991, 1991 | 1990, 1990",,,,,,,,,,,,
date_cur_germ_prof,germline_profiling_data,,text,"Date Last Curated (Germline Profiling Data) ",,"Date of curation in the form MMDDYYYY, hyphens will be autocompleted",date_mdy,,,y,,,,,,," @HIDDEN-SURVEY"
cur_by_germ_prof,germline_profiling_data,,text,"Curated By (Germline Profiling Data) ",,"Please enter your full name",,,,,,,,,,," @HIDDEN-SURVEY"
germ_report_case_id_genomic,germline_genomics,,text,"Germline Report Case Identifier",,"Report ID",,,,,,,,,,,
germ_gene_name_hgnc,germline_genomics,,text,"Name of Mutated Gene (Germline)",,"The gene name",,,,,,,,,,,
germ_gene_id_hgnc_id,germline_genomics,,text,"ID of Mutated Gene (Germline)",BIOPORTAL:HGNC-NR,"The gene id: based on the HGNC nomenclature",,,,,,,,,,,
germ_mutation_type,germline_genomics,,dropdown,"Is the germline mutation reported a sequence alteration or a structural alteration (amplification, deletion or fusion/rearrangement)?
","1, Sequence Alteration | 2, Structural Alteration",,,,,,,,,,,,
germ_structural_type,germline_genomics,,dropdown,"Structural Type (Germline)","1, Amplification | 2, Deletion | 3, Fusion | 4, Complex","Type of structural mutation",,,,,"[germ_mutation_type] = '2'",,,,,,
germ_five_prime_partner,germline_genomics,,text,"5' Gene Partner (Germline)",,,,,,,[germ_structural_type]=3,,,,,,
germ_three_prime_partner,germline_genomics,,text,"3' Gene Partner (Germline)",,,,,,,[germ_structural_type]=3,,,,,,
germ_fusion_breakpoint,germline_genomics,,text,"Fusion Breakpoint (Germline)",,"Exact breakpoint or any information from NGS report",,,,,[germ_structural_type]=3,,,,,,
germ_cytogen_loc,germline_genomics,,text,"Cytogenetic Location (Germline)",,"e.g., chr7: 140434535-140434535",,,,,,,,,,," @CALCTEXT(concat(""chr"", [germ_cytogen_loc_chrom], "": "", [germ_cytogen_loc_start_pos], ""-"", [germ_cytogen_loc_end_pos]))"
germ_genome_assembly,germline_genomics,,dropdown,"Genome Assembly (Germline)","1, GRCh38 | 2, GRCh37/Hg19 | 3, Hg18 | 99, Unknown","The genome assembly",,,,,,,,,,,
germ_cytogen_loc_chrom,germline_genomics,,text,"Cytogenetic Location - Chromosome (Germline)",,"e.g., 7",,,,,,,,,,,
germ_cytogen_loc_start_pos,germline_genomics,,text,"Cytogenetic Location - Start Position (Germline)",,"e.g., 140434535",integer,,,,,,,,,,
germ_cytogen_loc_end_pos,germline_genomics,,text,"Cytogenetic Location - End Position (Germline)",,"e.g., 140434535",integer,,,,,,,,,,
germ_reference_allele,germline_genomics,,text,"Reference Allele (Germline)",,"Reference Allele (A, T, C, G)",,,,,,,,,,,
germ_altered_allele,germline_genomics,,text,"Altered Allele (Germline)",,"Altered Allele (A, T, C, G)",,,,,,,,,,,
germ_refseq_id,germline_genomics,,text,"Refseq ID (Germline)",,"Range(s) of DNA sequence examined",,,,,,,,,,,
germ_ensembl_id,germline_genomics,,text,"Ensembl ID (Germline)",,"The Ensembl ID",,,,,,,,,,,
germ_mutation_class,germline_genomics,,radio,"Mutation Classification (Germline)","1, Missense | 2, Nonsense | 3, Frameshift | 4, Inframe Deletion | 5, Inframe Insertion | 6, Splice Site Variant | 7, Complex | 8, Silent | 9, Intron | 10, 3'UTR | 11, Promoter Region","The mutation classification",,,,,,,,,,,
germ_nucleot_change_hgvs,germline_genomics,,text,"Nucleotide Change (Germline)",,"Example: chr12:1455 C>G",,,,,,,,,,,
germ_cdna_change_hgvs,germline_genomics,,text,"cDNA Change (Germline)",,"Example: c.230G>T",,,,,,,,,,,
germ_aa_change_hgvs,germline_genomics,,text,"Amino Acid Change (Germline)",,"Example: p.G79*",,,,,,,,,,,
germ_dbsnp,germline_genomics,,text,"DBSNP ID (Germline)",,"The variation ID assigned by DBSNP",,,,,,,,,,,
germ_clinvar,germline_genomics,,text,"ClinVar ID (Germline)",,"The variation ID assigned by ClinVar",,,,,,,,,,,
germ_allelic_state,germline_genomics,,radio,"Allelic State (Germline)","1, Homozygous | 2, Heterozygous | 3, Hemizygous | 4, Heteroplasmic | 5, Homoplasmic","The classification of allelic state using one of the five provided codes",,,,,,,,,,,
germline_variant_id,germline_genomics,,radio,"Germline Variant","0, None | 1, Benign | 2, Likely Benign | 3, Uncertain Significance | 4, Likely Pathogenic | 5, Pathogenic","The classification of a germline variant according to pathogenicity",,,,,,,,,,,
date_cur_germ_prof_gen,germline_genomics,,text,"Date Last Curated (Germline Genomics) ",,"Date of curation in the form MMDDYYYY, hyphens will be autocompleted",date_mdy,,,y,,,,,,," @HIDDEN-SURVEY"
cur_by_germ_prof_gen,germline_genomics,,text,"Curated By (Germline Genomics) ",,"Please enter your full name",,,,,,,,,,," @HIDDEN-SURVEY"
tnm_edition,disease_diagnosis,"Disease Diagnosis",text,"TNM Edition Number",,,,,,,,,,,,," @HIDDEN-SURVEY"
isa_second_primary,disease_diagnosis,,yesno,"Is this a second primary cancer?",,"The default value is set to ""NO"" when a new instance is created. There is no default vaule for some of the old cases",,,,,,,,,,," @DEFAULT=""0"", @HIDDEN-SURVEY"
isa_third_primary,disease_diagnosis,,yesno,"Is this a third primary cancer?",,"The default value is set to ""NO"" when a new instance is created. There is no default vaule for some of the old cases",,,,,,,,,,," @DEFAULT=""0"", @HIDDEN-SURVEY"
pp_dx_dt,disease_diagnosis,,descriptive,"<div class=""rich-text-field-label""><table style=""border-collapse: collapse; width: 97.5495%; height: 18.3333px;"" border=""0""> <tbody> <tr> <td style=""width: 59.5162%;""> </td> <td style=""width: 13.9262%;"">Month</td> <td style=""width: 13.3398%;"">Day</td> <td style=""width: 13.1933%;"">Year</td> </tr> <tr style=""height: 18.3333px; border-style: none;""> <td style=""width: 59.5162%; height: 18.3333px;"">Date Primary Cancer Pathologic Diagnosis </td> <td style=""width: 13.9262%; height: 18.3333px;"">{pp_dx_dt_m}</td> <td style=""width: 13.3398%; height: 18.3333px;"">{pp_dx_dt_d}</td> <td style=""width: 13.1933%; height: 18.3333px;"">{pp_dx_dt_y}</td> </tr> </tbody> </table> <p style=""text-align: left;""><em><span style=""font-weight: normal;""> </span></em></p></div>",,,,,,,,,,,,,
primary_ca_path_dx_dt_full,disease_diagnosis,,text,"Date Primary Cancer Pathologic Diagnosis (full value)",,,,,,,,,,,,," @CALCTEXT(concat(if(isblankormissingcode([pp_dx_dt_m]),'00',[pp_dx_dt_m]), ""/"", if(isblankormissingcode([pp_dx_dt_d]),'00',[pp_dx_dt_d]), ""/"", if(isblankormissingcode([pp_dx_dt_y]),'0000',[pp_dx_dt_y]))) AND @HIDDEN"
pp_dx_dt_d,disease_diagnosis,,dropdown,"Date Primary Cancer Pathologic Diagnosis (Day)","XX, Unknown | 01, 01 | 02, 02 | 03, 03 | 04, 04 | 05, 05 | 06, 06 | 07, 07 | 08, 08 | 09, 09 | 10, 10 | 11, 11 | 12, 12 | 13, 13 | 14, 14 | 15, 15 | 16, 16 | 17, 17 | 18, 18 | 19, 19 | 20, 20 | 21, 21 | 22, 22 | 23, 23 | 24, 24 | 25, 25 | 26, 26 | 27, 27 | 28, 28 | 29, 29 | 30, 30 | 31, 31",,,,,,,y,,,,,
pp_dx_dt_m,disease_diagnosis,,dropdown,"Date Primary Cancer Pathologic Diagnosis (Month)","XX, Unknown | 01, 01 | 02, 02 | 03, 03 | 04, 04 | 05, 05 | 06, 06 | 07, 07 | 08, 08 | 09, 09 | 10, 10 | 11, 11 | 12, 12",,,,,,,y,,,,,
pp_dx_dt_y,disease_diagnosis,,dropdown,"Date Primary Cancer Pathologic Diagnosis (Year)","XXXX, Unknown | 2026, 2026 | 2025, 2025 | 2024, 2024 | 2023, 2023 | 2022, 2022 | 2021, 2021 | 2020, 2020 | 2019, 2019 | 2018, 2018 | 2017, 2017 | 2016, 2016 | 2015, 2015 | 2014, 2014 | 2013, 2013 | 2012, 2012 | 2011, 2011 | 2010, 2010 | 2009, 2009 | 2008, 2008 | 2007, 2007 | 2006, 2006 | 2005, 2005 | 2004, 2004 | 2003, 2003 | 2002, 2002 | 2001, 2001 | 2000, 2000 | 1999, 1999 | 1998, 1998 | 1997, 1997 | 1996, 1996 | 1995, 1995 | 1994, 1994 | 1993, 1993 | 1992, 1992 | 1991, 1991 | 1990, 1990 | 1989, 1989 | 1988, 1988 | 1987, 1987 | 1986, 1986",,,,,,,y,,,,,
primary_path_dx,disease_diagnosis,,text,"Primary Pathologic Diagnosis",,"Description from pathology report",,,,,,y,,,,,
primary_cancer_type,disease_diagnosis,,text,"Primary Cancer Type",,"Primary malignant neoplastic disease as reported in EPIC",,,,,,y,,,,," @HIDDEN-SURVEY"
primary_cancer_type_nci,disease_diagnosis,,text,"Primary Cancer Type NCI",BIOPORTAL:NCIT,"Select the NCI code for the primary malignant neoplastic disease",,,,,,,,,,," @HIDDEN-SURVEY"
primary_laterality,disease_diagnosis,,radio,"Primary Laterality","0, Unilateral Left | 1, Unilateral Right | 2, Bilateral | 99, Unknown | 98, Not Applicable","Body side of the primary body location",,,,,,y,,,,,
local_recurrence_dt,disease_diagnosis,,text,"Date of Local Recurrence",,,date_mdy,,,,,,,,,,
metdx_dt,disease_diagnosis,,descriptive,"<div class=""rich-text-field-label""><table style=""border-collapse: collapse; width: 97.5495%; height: 18.3333px;"" border=""0""> <tbody> <tr> <td style=""width: 59.5162%;""> </td> <td style=""width: 13.9262%;"">Month</td> <td style=""width: 13.3398%;"">Day</td> <td style=""width: 13.1933%;"">Year</td> </tr> <tr style=""height: 18.3333px; border-style: none;""> <td style=""width: 59.5162%; height: 18.3333px;"">Date of Metastatic Diagnosis </td> <td style=""width: 13.9262%; height: 18.3333px;"">{metdx_dt_m}</td> <td style=""width: 13.3398%; height: 18.3333px;"">{metdx_dt_d}</td> <td style=""width: 13.1933%; height: 18.3333px;"">{metdx_dt_y}</td> </tr> </tbody> </table> <p style=""text-align: left;""><em><span style=""font-weight: normal;"">*Date of metastatic diagnosis<br /></span></em></p></div>",,,,,,,,,,,,,
metdx_dt_full,disease_diagnosis,,text,"Date of Metastatic Diagnosis (full value)",,,,,,,,,,,,," @CALCTEXT(concat(if(isblankormissingcode([metdx_dt_m]),'00',[metdx_dt_m]), ""/"", if(isblankormissingcode([metdx_dt_d]),'00',[metdx_dt_d]), ""/"", if(isblankormissingcode([metdx_dt_y]),'0000',[metdx_dt_y]))) AND @HIDDEN"
metdx_dt_d,disease_diagnosis,,dropdown,"Date of Metastatic Diagnosis (Day)","XX, Unknown | 01, 01 | 02, 02 | 03, 03 | 04, 04 | 05, 05 | 06, 06 | 07, 07 | 08, 08 | 09, 09 | 10, 10 | 11, 11 | 12, 12 | 13, 13 | 14, 14 | 15, 15 | 16, 16 | 17, 17 | 18, 18 | 19, 19 | 20, 20 | 21, 21 | 22, 22 | 23, 23 | 24, 24 | 25, 25 | 26, 26 | 27, 27 | 28, 28 | 29, 29 | 30, 30 | 31, 31",,,,,,,,,,,,
metdx_dt_m,disease_diagnosis,,dropdown,"Date of Metastatic Diagnosis (Month)","XX, Unknown | 01, 01 | 02, 02 | 03, 03 | 04, 04 | 05, 05 | 06, 06 | 07, 07 | 08, 08 | 09, 09 | 10, 10 | 11, 11 | 12, 12",,,,,,,,,,,,
metdx_dt_y,disease_diagnosis,,dropdown,"Date of Metastatic Diagnosis (Year)","XXXX, Unknown | 2026, 2026 | 2025, 2025 | 2024, 2024 | 2023, 2023 | 2022, 2022 | 2021, 2021 | 2020, 2020 | 2019, 2019 | 2018, 2018 | 2017, 2017 | 2016, 2016 | 2015, 2015 | 2014, 2014 | 2013, 2013 | 2012, 2012 | 2011, 2011 | 2010, 2010 | 2009, 2009 | 2008, 2008 | 2007, 2007 | 2006, 2006 | 2005, 2005 | 2004, 2004 | 2003, 2003 | 2002, 2002 | 2001, 2001 | 2000, 2000 | 1999, 1999 | 1998, 1998 | 1997, 1997 | 1996, 1996 | 1995, 1995 | 1994, 1994 | 1993, 1993 | 1992, 1992 | 1991, 1991 | 1990, 1990",,,,,,,,,,,,
primary_grade,disease_diagnosis,,text,"Overall Histological Tumor Grade of Primary Sample",,"Grade for the morphologic and behavioral characteristics of the primary cancer",,,,,,,,,,,
primary_solid_tumor_grade,disease_diagnosis,,radio,"Solid Tumor Grading of Primary Sample","1, Brain Tumor Grading | 2, Prostate Cancer Grading | 3, Carcinomas Grading | 4, Soft Tissue Sarcomas Grading | 5, Mesotheliomas Grading",,,,,,,,,,,,
who_grading,disease_diagnosis,,radio,"Brain Tumor Grading of Primary Sample","1, WHO Grade 1 | 2, WHO Grade 2 | 3, WHO Grade 3 | 4, WHO Grade 4 | 5, High Grade | 6, Low Grade | 7, Not Assigned",,,,,,[primary_solid_tumor_grade]=1,,,,,,
primary_prostate_ca_grade,disease_diagnosis,,radio,"Prostate Cancer Grading of Primary Sample","1, Grade Group 1: Gleason score ≤6 (3+3) | 2, Grade Group 2: Gleason score 7 (3+4) | 3, Grade Group 3: Gleason score 7 (4+3) | 40, Grade Group 4: Gleason score 8 (4+4) | 41, Grade Group 4: Gleason score 8 (3+5) | 42, Grade Group 4: Gleason score 8 (5+3) | 50, Grade Group 5: Gleason score 9-10 (4+5) | 51, Grade Group 5: Gleason score 9-10 (5+4) | 52, Grade Group 5: Gleason score 9-10 (5+5)",,,,,,[primary_solid_tumor_grade]=2,,,,,,
primary_carrcinomas_grade,disease_diagnosis,,radio,"Carcinomas Grading of Primary Sample","1, Well-differentiated/low grade = Grade 1 | 2, Moderately differentiated/intermediate grade = Grade 2 | 3, Poorly differentiated/high grade = Grade 3",,,,,,[primary_solid_tumor_grade]=3,,,,,,
primary_soft_tissue_sarc_grade,disease_diagnosis,,radio,"Soft Tissue Sarcomas Grading of Primary Sample","1, FNCLCC G1 | 2, FNCLCC G2 | 3, FNCLCC G3",,,,,,[primary_solid_tumor_grade]=4,,,,,,
primary_mesotheliomas_grade,disease_diagnosis,,radio,"Mesotheliomas Grading of Primary Sample","1, Low-grade | 2, High-grade",,,,,,[primary_solid_tumor_grade]=5,,,,,,
primary_verif_status,disease_diagnosis,,radio,"Primary Verification Status","0, Unconfirmed | 1, Provisional | 2, Differential | 3, Confirmed | 4, Refuted | 5, Entered-in-error","A flag indicating the status of the primary condition",,,,,,,,,,," @HIDDEN-SURVEY"
path_stage_at_dx_v1,disease_diagnosis,,dropdown,"Pathological Stage at Diagnosis","0, Stage 1 | 1, Stage 1A | 2, Stage 1B | 3, Stage 1C | 4, Stage 2 | 5, Stage 2A | 6, Stage 2B | 7, Stage 2C | 8, Stage 3 | 9, Stage 3A | 10, Stage 3B | 11, Stage 3C | 12, Stage 4 | 13, Stage 4A | 14, Stage 4B | 15, Stage 4C | 16, Unknown | 17, Not Applicable | 18, Stage 0 | 19, Undocumented","The category describing the extent of the primary disease, according to the TNM staging rules (path stage)",,,,,,,,,,,
p_t,disease_diagnosis,,radio,pT,"0, T0 | 1, T1 | 2, T2 | 3, T3 | 4, T4 | 5, Tis | 6, Tx","Category of the primary tumor according to TNM staging rules (path stage)",,,,,,,,,,,
p_n,disease_diagnosis,,radio,pN,"0, N0 | 1, N1 | 2, N2 | 3, N3 | 4, Nx","Category of regional lymph nodes for the primary condition according to TNM staging rules (path stage)",,,,,,,,,,,
p_m,disease_diagnosis,,radio,pM,"0, M0 | 1, M1 | 2, Mx","Category of distant metastases for the primary condition according to TNM staging rules (path stage)",,,,,,,,,,,
clinical_stage_at_dx,disease_diagnosis,,dropdown,"Clinical Stage at Diagnosis","0, Stage 1 | 1, Stage 1A | 2, Stage 1B | 3, Stage 1C | 4, Stage 2 | 5, Stage 2A | 6, Stage 2B | 7, Stage 2C | 8, Stage 3 | 9, Stage 3A | 10, Stage 3B | 11, Stage 3C | 12, Stage 4 | 13, Stage 4A | 14, Stage 4B | 15, Stage 4C | 16, Unknown | 17, Not applicable | 18, Stage 0 | 19, Undocumented","The category describing the extent of the primary disease, according to the TNM staging rules (clinical stage)",,,,,,,,,,,
c_t,disease_diagnosis,,radio,cT,"0, T0 | 1, T1 | 2, T2 | 3, T3 | 4, T4 | 5, Tis | 6, Tx","Category of the primary tumor according to TNM staging rules (clinical stage)",,,,,,,,,,,
c_n,disease_diagnosis,,radio,cN,"0, N0 | 1, N1 | 2, N2 | 3, N3 | 4, Nx","Category of regional lymph nodes for the primary condition according to TNM staging rules (clinical stage)",,,,,,,,,,,
c_m,disease_diagnosis,,radio,cM,"0, M0 | 1, M1 | 2, Mx","Category of distant metastases for the primary condition according to TNM staging rules (clinical stage)",,,,,,,,,,,
sp_dx_dt_full,disease_diagnosis,,descriptive,"<div class=""rich-text-field-label""><table style=""border-collapse: collapse; width: 97.5495%; height: 18.3333px;"" border=""0""> <tbody> <tr> <td style=""width: 59.5162%;""> </td> <td style=""width: 13.9262%;"">Month</td> <td style=""width: 13.3398%;"">Day</td> <td style=""width: 13.1933%;"">Year</td> </tr> <tr style=""height: 18.3333px; border-style: none;""> <td style=""width: 59.5162%; height: 18.3333px;"">Date Secondary Cancer Pathologic Diagnosis </td> <td style=""width: 13.9262%; height: 18.3333px;"">{sp_dx_dt_m}</td> <td style=""width: 13.3398%; height: 18.3333px;"">{sp_dx_dt_d}</td> <td style=""width: 13.1933%; height: 18.3333px;"">{sp_dx_dt_y}</td> </tr> </tbody> </table> <p style=""text-align: left;""><em><span style=""font-weight: normal;""> </span></em></p></div>",,,,,,,,,,,,," @HIDDEN-SURVEY"
secondary_ca_path_dx_dt_full,disease_diagnosis,,text,"Date Secondary Cancer Pathologic Diagnosis (full value)",,,,,,,,,,,,," @CALCTEXT(concat(if(isblankormissingcode([sp_dx_dt_m]),'00',[sp_dx_dt_m]), ""-"", if(isblankormissingcode([sp_dx_dt_d]),'00',[sp_dx_dt_d]), ""-"", if(isblankormissingcode([sp_dx_dt_y]),'0000',[sp_dx_dt_y]))) AND @HIDDEN"
sp_dx_dt_d,disease_diagnosis,,dropdown,"Date Secondary Cancer Pathologic Diagnosis (Day)","XX, Unknown | 01, 01 | 02, 02 | 03, 03 | 04, 04 | 05, 05 | 06, 06 | 07, 07 | 08, 08 | 09, 09 | 10, 10 | 11, 11 | 12, 12 | 13, 13 | 14, 14 | 15, 15 | 16, 16 | 17, 17 | 18, 18 | 19, 19 | 20, 20 | 21, 21 | 22, 22 | 23, 23 | 24, 24 | 25, 25 | 26, 26 | 27, 27 | 28, 28 | 29, 29 | 30, 30 | 31, 31",,,,,,,,,,,," @HIDDEN-SURVEY"
sp_dx_dt_m,disease_diagnosis,,dropdown,"Date Secondary Cancer Pathologic Diagnosis (Month)","XX, Unknown | 01, 01 | 02, 02 | 03, 03 | 04, 04 | 05, 05 | 06, 06 | 07, 07 | 08, 08 | 09, 09 | 10, 10 | 11, 11 | 12, 12",,,,,,,,,,,," @HIDDEN-SURVEY"
sp_dx_dt_y,disease_diagnosis,,dropdown,"Date Secondary Cancer Pathologic Diagnosis (Year)","XXXX, Unknown | 2026, 2026 | 2025, 2025 | 2024, 2024 | 2023, 2023 | 2022, 2022 | 2021, 2021 | 2020, 2020 | 2019, 2019 | 2018, 2018 | 2017, 2017 | 2016, 2016 | 2015, 2015 | 2014, 2014 | 2013, 2013 | 2012, 2012 | 2011, 2011 | 2010, 2010 | 2009, 2009 | 2008, 2008 | 2007, 2007 | 2006, 2006 | 2005, 2005 | 2004, 2004 | 2003, 2003 | 2002, 2002 | 2001, 2001 | 2000, 2000 | 1999, 1999 | 1998, 1998 | 1997, 1997 | 1996, 1996 | 1995, 1995 | 1994, 1994 | 1993, 1993 | 1992, 1992 | 1991, 1991 | 1990, 1990",,,,,,,,,,,," @HIDDEN-SURVEY"
secondary_path_dx,disease_diagnosis,,text,"Secondary Pathologic Diagnosis",,"Description from pathology report",,,,,,,,,,," @HIDDEN-SURVEY"
sec_cancer_type,disease_diagnosis,,text,"Secondary Cancer Type",,"Secondary malignant neoplastic disease as reported in EPIC",,,,,,,,,,," @HIDDEN-SURVEY"
sec_cancer_type_nci,disease_diagnosis,,text,"Secondary Cancer Type NCI",BIOPORTAL:NCIT,"Select the NCI code for the secondary malignant neoplastic disease",,,,,,,,,,," @HIDDEN-SURVEY"
sec_laterality,disease_diagnosis,,radio,"Secondary Laterality","0, Unilateral Left | 1, Unilateral Right | 2, Bilateral | 99, Unknown | 98, Not Applicable","Body side of the secondary body location",,,,,,,,,,," @HIDDEN-SURVEY"
sec_grade,disease_diagnosis,,text,"Overall Histological Tumor Grade of Secondary Sample",,"Grade for the morphologic and behavioral characteristics of the secondary cancer",,,,,,,,,,," @HIDDEN-SURVEY"
sec_solid_tumor_grade,disease_diagnosis,,radio,"Solid Tumor Grading of Secondary Sample","1, Brain Tumor Grading | 2, Prostate Cancer Grading | 3, Carcinomas Grading | 4, Soft Tissue Sarcomas Grading | 5, Mesotheliomas Grading",,,,,,,,,,,," @HIDDEN-SURVEY"
sec_who_grading,disease_diagnosis,,radio,"Brain Tumor Grading of Secondary Sample","1, WHO Grade 1 | 2, WHO Grade 2 | 3, WHO Grade 3 | 4, WHO Grade 4 | 5, High Grade | 6, Low Grade | 7, Not Assigned",,,,,,[sec_solid_tumor_grade]=1,,,,,," @HIDDEN-SURVEY"
sec_prostate_ca_grade,disease_diagnosis,,radio,"Prostate Cancer Grading of Secondary Sample","1, Grade Group 1: Gleason score ≤6 (3+3) | 2, Grade Group 2: Gleason score 7 (3+4) | 3, Grade Group 3: Gleason score 7 (4+3) | 40, Grade Group 4: Gleason score 8 (4+4) | 41, Grade Group 4: Gleason score 8 (3+5) | 42, Grade Group 4: Gleason score 8 (5+3) | 50, Grade Group 5: Gleason score 9-10 (4+5) | 51, Grade Group 5: Gleason score 9-10 (5+4) | 52, Grade Group 5: Gleason score 9-10 (5+5)",,,,,,[sec_solid_tumor_grade]=2,,,,,," @HIDDEN-SURVEY"
sec_carrcinomas_grade,disease_diagnosis,,radio,"Carcinomas Grading of Secondary Sample","1, Well-differentiated/low grade = Grade 1 | 2, Moderately differentiated/intermediate grade = Grade 2 | 3, Poorly differentiated/high grade = Grade 3",,,,,,[sec_solid_tumor_grade]=3,,,,,," @HIDDEN-SURVEY"
sec_soft_tissue_sarc_grade,disease_diagnosis,,radio,"Soft Tissue Sarcomas Grading of Secondary Sample","1, FNCLCC G1 | 2, FNCLCC G2 | 3, FNCLCC G3",,,,,,[sec_solid_tumor_grade]=4,,,,,," @HIDDEN-SURVEY"
sec_mesotheliomas_grade,disease_diagnosis,,radio,"Mesotheliomas Grading of Secondary Sample","1, Low-grade | 2, High-grade",,,,,,[sec_solid_tumor_grade]=5,,,,,," @HIDDEN-SURVEY"
sec_verif_status,disease_diagnosis,,radio,"Secondary Verification Status","0, Unconfirmed | 1, Provisional | 2, Differential | 3, Confirmed | 4, Refuted | 5, Entered-in-error","A flag indicating the status of the secondary condition",,,,,,,,,,," @HIDDEN-SURVEY"
date_cur_disease_dx,disease_diagnosis,,text,"Date Last Curated (Disease Diagnosis)",,"Date of curation in the form MMDDYYYY, hyphens will be autocompleted",date_mdy,,,,,,,,,," @HIDDEN-SURVEY"
cur_by_disease_dx,disease_diagnosis,,text,"Curated By (Disease Diagnosis)",,"Please enter your full name",,,,,,,,,,," @HIDDEN-SURVEY"
surg_path_id,tumor_sample_information,"Tumor Profiling Data",text,"Surgical Pathology ID",,,,,,y,,,,,,,
date_specimen_collected,tumor_sample_information,,text,"Date Profiled Specimen Collected",,"Date of profiled specimen collected in the form MMDDYYYY, hyphens will be autocompleted",date_mdy,,,,,y,,,,," @HIDEBUTTON"
site_specimen,tumor_sample_information,,text,"Tumor Specimen Site",,"The anatomical collection site",,,,,,y,,,,,
spec_type,tumor_sample_information,,radio,"Specimen Type","0, Primary Tumor | 1, Lymph Node | 2, Plasma | 3, Distant Organ Metastasis | 4, Metastasis Site Unspecified | 5, Local Recurrence | 99, Unknown","The kind of material that forms the specimen",,,,,,y,,,,,
nci_code_sample,tumor_sample_information,,text,"NCI Code for the Sample",BIOPORTAL:NCIT,"NCI code for the specimen",,,,,,,,,,," @HIDDEN-SURVEY"
spec_laterality,tumor_sample_information,,radio,"Specimen Laterality","0, Unilateral Left | 1, Unilateral Right | 2, Bilateral | 99, Unknown | 98, Not Applicable","What is the specimen laterality?",,,,,,,,,,,
immunostain,tumor_sample_information,,checkbox,Immunostain,"1, ER | 2, PR | 3, HER2 | 4, AR | 5, PD-L1","IHC cancer markers from pathology report",,,,,,,,,,,
er_clone,tumor_sample_information,,text,"ER IHC Clone",,"What antibody clone was used for staining, eg SP1 ",,,,,"[immunostain(1)] = '1'",,,,,,
er_interpretation,tumor_sample_information,,dropdown,"ER IHC Interpretation","1, Positive | 2, Negative | 3, Equivocal | 4, Other | 5, Not interpretable","IHC interpretation",,,,,"[immunostain(1)] = '1'",,,,,,
er_ihc_score,tumor_sample_information,,dropdown,"ER IHC Score","0, 0 | 1, 1+ | 2, 2+ | 3, 3+ | 4, Non Applicable","IHC score",,,,,"[immunostain(1)] = '1'",,,,,,
er_ihc_label,tumor_sample_information,,text,"ER IHC Labeling Result",,"% labeling, eg 10%",,,,,"[immunostain(1)] = '1'",,,,,,
er_ihc_discrepancy,tumor_sample_information,,yesno,"ER IHC Discrepancy Between Pathology and NGS Reports?",,,,,,,"[immunostain(1)] = '1'",,,,,," @DEFAULT='0', @HIDDEN-SURVEY"
pr_clone,tumor_sample_information,,text,"PR IHC Clone",,"What antibody clone was used for staining, eg SP1 ",,,,,"[immunostain(2)] = '1'",,,,,,
pr_interpretation,tumor_sample_information,,dropdown,"PR IHC Interpretation","1, Positive | 2, Negative | 3, Equivocal | 4, Other | 5, Not interpretable","IHC interpretation",,,,,[immunostain(2)]='1',,,,,,
pr_ihc_score,tumor_sample_information,,dropdown,"PR IHC Score","0, 0 | 1, 1+ | 2, 2+ | 3, 3+ | 4, Non Applicable","IHC score",,,,,[immunostain(2)]='1',,,,,,
pr_ihc_label,tumor_sample_information,,text,"PR IHC Labeling Result",,"% labeling, eg 10%",,,,,[immunostain(2)]='1',,,,,,
pr_ihc_discrepancy,tumor_sample_information,,yesno,"PR IHC Discrepancy Between Pathology and NGS Reports?",,,,,,,"[immunostain(2)] = '1'",,,,,," @DEFAULT=0, @HIDDEN-SURVEY"
her_clone,tumor_sample_information,,text,"HER2 IHC Clone",,"What antibody clone was used for staining, eg SP1 ",,,,,[immunostain(3)]='1',,,,,,
her_interpretation,tumor_sample_information,,dropdown,"HER2 IHC Interpretation","1, Positive | 2, Negative | 3, Equivocal | 4, Other | 5, Not interpretable","IHC interpretation",,,,,[immunostain(3)]='1',,,,,,
her_ihc_score,tumor_sample_information,,dropdown,"HER2 IHC Score","0, 0 | 1, 1+ | 2, 2+ | 3, 3+ | 4, Non Applicable","IHC score",,,,,[immunostain(3)]='1',,,,,,
her_ihc_label,tumor_sample_information,,text,"HER2 IHC Labeling Result",,"% labeling, eg 10%",,,,,[immunostain(3)]='1',,,,,,
her_ihc_discrepancy,tumor_sample_information,,yesno,"HER2 IHC Discrepancy Between Pathology and NGS Reports?",,,,,,,"[immunostain(3)] = '1'",,,,,," @DEFAULT=""0"", @HIDDEN-SURVEY"
her2_fish,tumor_sample_information,,text,"HER2 FISH Available",,"Was HER2 FISH testing performed?",,,,,[immunostain(3)]='1',,,,,,
her2_fish_ratio,tumor_sample_information,,text,"HER2 FISH Ratio",,"e.g 1.4",,,,,[immunostain(3)]='1',,,,,,
her2_fish_interpretation,tumor_sample_information,,dropdown,"HER2 FISH Interpretation","1, Positive | 2, Negative","HER2 FISH interpretation",,,,,[immunostain(3)]='1',,,,,,
ar_clone,tumor_sample_information,,text,"AR IHC Clone",,"What antibody clone was used for staining, eg SP1 ",,,,,[immunostain(4)]='1',,,,,,
ar_interpretation,tumor_sample_information,,dropdown,"AR IHC Interpretation","1, Positive | 2, Negative | 3, Equivocal | 4, Other | 5, Not interpretable","IHC interpretation",,,,,[immunostain(4)]='1',,,,,,
ar_ihc_score,tumor_sample_information,,dropdown,"AR IHC Score","0, 0 | 1, 1+ | 2, 2+ | 3, 3+ | 4, Non Applicable","IHC score",,,,,[immunostain(4)]='1',,,,,,
ar_ihc_label,tumor_sample_information,,text,"AR IHC Labeling Result",,"% labeling, eg 10%",,,,,[immunostain(4)]='1',,,,,,
ar_ihc_discrepancy,tumor_sample_information,,yesno,"AR IHC Discrepancy Between Pathology and NGS Reports?",,,,,,,"[immunostain(4)] = '1'",,,,,," @DEFAULT=""0"", @HIDDEN-SURVEY"
pdl1_clone,tumor_sample_information,,text,"PDL1 IHC Clone",,"What antibody clone was used for staining, eg SP1 ",,,,,[immunostain(5)]='1',,,,,,
pdl1_cps,tumor_sample_information,,text,"PD-L1 Combined Positive Score (CPS)",,"% cells, eg 10%",,,,,[immunostain(5)]='1',,,,,,
pdl1_ic_label,tumor_sample_information,,text,"Immune Cell (IC) Labeling",,"% cells, eg 10%",,,,,[immunostain(5)]='1',,,,,,
pdl1_tps,tumor_sample_information,,text,"PD-L1 Tumor Positive Score (TPS) ",,,,,,,[immunostain(5)]='1',,,,,,
pdl1_ics,tumor_sample_information,,text,"PD-L1 Immune Cell Score (ICS)",,"% cells",,,,,[immunostain(5)]='1',,,,,,
pdl1_ihc_discrepancy,tumor_sample_information,,yesno,"PD-L1 IHC Discrepancy Between Pathology and NGS Reports?",,,,,,,"[immunostain(5)] = '1'",,,,,," @DEFAULT=""0"", @HIDDEN-SURVEY"
mmr_proteins,tumor_sample_information,,checkbox,"Mismatch Repair Proteins (assessed by IHC)","1, MLH1 | 2, PMS2 | 3, MSH2 | 4, MSH6","Mismatch repair proteins as assessed by immunohistochemistry",,,,,,,,,,,
mmr_result,tumor_sample_information,,dropdown,"Mismatch Repair Protein Assessment","1, Intact | 2, Impaired | 3, Equivocal","Mismatch repair protein assessment",,,,,,,,,,,
mmr_protein,tumor_sample_information,,checkbox,"Impaired MMR Protein","1, MLH1 | 2, PMS2 | 3, MSH2 | 4, MSH6","Impaired mismatch repair protein",,,,,[mmr_result]=2,,,,,,
fish_binary,tumor_sample_information,,yesno,"FISH Performed",,"FISH was performed or not performed",,,,,,,,,,,
fish_assay,tumor_sample_information,,checkbox,"FISH Assay","1, MET amplification | 2, RET rearrangement | 3, ROS1 rearrangement | 4, ALK rearrangement | 5, BCR/ABL1 rearrangement | 6, IgH translocation | 7, TMPRSS2 translocation | 98, Other","Please select from the list",,,,,[fish_binary]=1,,,,,,
met_fish_result,tumor_sample_information,,text,"MET FISH Result",,,,,,,[fish_assay(1)]='1',,,,,,
met_fish_interpretation,tumor_sample_information,,radio,"MET FISH Interpretation","1, Negative | 2, Positive | 3, Inconclusive",,,,,,[fish_assay(1)]='1',,,,,,
ret_fish_result,tumor_sample_information,,text,"RET FISH Result",,,,,,,[fish_assay(2)]='1',,,,,,
ret_fish_interpretation,tumor_sample_information,,radio,"RET FISH Interpretation","1, Negative | 2, Positive | 3, Inconclusive",,,,,,[fish_assay(2)]='1',,,,,,
ros1_fish_result,tumor_sample_information,,text,"ROS1 FISH Result",,,,,,,[fish_assay(3)]='1',,,,,,
ros1_fish_interpretation,tumor_sample_information,,radio,"ROS1 FISH Interpretation","1, Negative | 2, Positive | 3, Inconclusive",,,,,,[fish_assay(3)]='1',,,,,,
alk_fish_result,tumor_sample_information,,text,"ALK FISH Result",,,,,,,[fish_assay(4)]='1',,,,,,
alk_fish_interpretation,tumor_sample_information,,radio,"ALK FISH Interpretation","1, Negative | 2, Positive | 3, Inconclusive",,,,,,[fish_assay(4)]='1',,,,,,
bcr_abl1_fish_result,tumor_sample_information,,text,"BCR/ABL1 FISH Result",,,,,,,[fish_assay(5)]='1',,,,,,
bcr_abl1_fish_interpretation,tumor_sample_information,,radio,"BCR/ABL1 FISH Interpretation","1, Negative | 2, Positive | 3, Inconclusive",,,,,,[fish_assay(5)]='1',,,,,,
igh_fish_result,tumor_sample_information,,text,"IgH FISH Result",,,,,,,[fish_assay(6)]='1',,,,,,
igh_fish_interpretation,tumor_sample_information,,radio,"IgH FISH Interpretation","1, Negative | 2, Positive | 3, Inconclusive",,,,,,[fish_assay(6)]='1',,,,,,
tmprss2_fish_result,tumor_sample_information,,text,"TMPRSS2 FISH Result",,,,,,,[fish_assay(7)]='1',,,,,,
tmprss2_fish_interpretation,tumor_sample_information,,radio,"TMPRSS2 FISH Interpretation","1, Negative | 2, Positive | 3, Inconclusive",,,,,,[fish_assay(7)]='1',,,,,,
fish_result,tumor_sample_information,,text,"FISH Result",,"Gene to control ratio, eg 1.1",,,,,,,,,,,
fish_interpretation,tumor_sample_information,,dropdown,"FISH Interpretation","1, Negative | 2, Positive | 3, Inconclusive",,,,,,,,,,,,
tumor_purity,tumor_sample_information,,text,"Tumor Purity",,"The percentage of cancer cells in the tumor tissue",number_2dp,,,,,,,,,," @HIDDEN-SURVEY"
msi_modality,tumor_sample_information,,radio,"MSI Modality","2, PCR | 3, NGS | 98, Other | 99, Unknown","How was MSI measured for this sequenced sample (choose all that apply)?",,,,,,,,,,," @HIDDEN-SURVEY"
pcr_msi_status,tumor_sample_information,,radio,"PCR MSI Status","1, MSS | 2, MSI | 3, Not Determined",,,,,,[msi_modality]=2,,,,,,
sample_reviewed_mtb,tumor_sample_information,,yesno,"Tumor Sample Reviewed at MTB",,,,,,,,,,,,," @HIDDEN-SURVEY"
date_mtb_disc,tumor_sample_information,,text,"Tumor Sample MTB Review Date",,"Date of review in the form MMDDYYYY, hyphens will be autocompleted",date_mdy,,,,,,,,,," @HIDDEN-SURVEY"
date_cur_tumor_sample,tumor_sample_information,,text,"Date Last Curated (Tumor Sample Information)",,"Date of curation in the form MMDDYYYY, hyphens will be autocompleted",date_mdy,,,y,,,,,,," @HIDDEN-SURVEY"
cur_by_tumor_sample,tumor_sample_information,,text,"Curated By (Tumor Sample Information)",,"Please enter your full name",,,,,,,,,,," @HIDDEN-SURVEY"
tumor_prof_report,assay,,file,"Tumor Profiling Report",,,,,,,,,,,,,
surg_path_id_assay,assay,,text,"Surgical Pathology ID",,,,,,y,,,,,,,
tumor_prof_case_id,assay,,text,"Report Case Identifier",,"Report ID, for example TRF number ",,,,,,,,,,,
tumor_test_type,assay,,checkbox,"Test Type","0, Tumor Only Targeted Next Generation Sequencing | 1, Tumor and Matched Normal Next Generation Sequencing | 2, Plasma Cell-free DNA Sequencing | 3, FISH or CISH | 4, Mass Spec Proteomics | 5, RNA Sequencing | 6, Whole Exome Sequencing | 7, Whole Genome Sequencing | 8, Karyotype | 9, Multiple Modalities | 10, Plasma cell-free DNA Sequencing with Matched Normal WBC","The method used to perform the moleulcar analyses",,,,,,y,,,,,
assay,assay,,dropdown,"Test Assay","1, FoundationOne CDx | 2, FoundationOne Liquid CDx | 3, FoundationOne Heme | 4, Tempus-xT | 5, Tempus-xE | 6, Tempus-xF | 7, Tempus-nP | 8, Caris Molecular Intelligence | 9, MI GPSai™-Genomic_Prevalence_Score | 10, Caris FOLFIRSTai | 11, NGS Solid Tumor Hotspot Panel | 12, NGS Solid Tumor Panel | 51, Solid Tumor Panel-v8 | 50, Solid Tumor Panel-v7 | 13, Solid Tumor Panel-v6 | 14, Solid Tumor Panel-v5 | 15, Solid Tumor Panel-v3.3 | 16, Solid Tumor Panel-v3 | 17, NGS SOLID TUMOR PNL | 18, NGS Solid Tumor Panel- limited | 19, Lung mutation panel | 20, Guardant360 CDx | 21, Guardant360 TissueNext test | 22, Guardant360 Response test | 23, Guardant Reveal test | 24, LUNAR-2 test | 25, Biocept Target Selector Liquid Biopsy | 26, Invitae Multi-Cancer Panel | 27, Invitae Common Hereditary Cancers Panel | 28, Invitae BRCA1 and BRCA2 STAT Panel | 29, Invitae Breast Cancer STAT Panel | 30, Invitae Breast Cancer Panel | 31, Invitae Breast Cancer Guidelines-Based Panel | 32, Invitae Breast and Gyn Cancers Panel | 33, Invitae Breast and Gyn Cancers Guidelines-Based Panel | 34, Invitae Colorectal Cancer Panel | 35, Invitae Colorectal Cancer Guidelines-Based Panel | 36, Oncomine PanCancer Cell-Free Assay | 37, Biodesix Cancer-Specific Assay | 38, Oncomine Tumor Mutation Load Assay | 39, Inivata InvisionFirst Lung | 40, Inivata InvisionSeq | 41, Inivata RaDar | 42, Signatera | 43, Altera | 44, Empower | 45, Elio Tissue Complete | 46, Elio Plasma Resolve | 47, Elio Plasma Complete | 48, JH Actionable Fusion Panel | 49, Solid Tumor Panel-v4 | 52, Solid Tumor Gene List-v9 | 99, Other","The range(s) of the DNA sequence examined",,,,,,y,,,,,
date_tumor_prof_rept,assay,,text,"Date of Tumor Profiling Report",,"Date of tumor profiling report in the form MMDDYYYY, hyphens will be autocompleted",date_mdy,,,,,y,,,,," @HIDEBUTTON"
other_assay,assay,,notes,"Other Assay - Please Specify",,"Additional description if ""Other"" is selected in the ""Test Assay"" question",,,,,"[assay] = '99'",,,,,,
tumor_prof_provider,assay,,dropdown,"Test Provider","0, Foundation Medicine | 1, PGDx | 2, Caris | 3, JHU | 4, MSKCC | 5, DFCI | 6, Guardant | 7, HLI | 8, Quest | 9, LabCorp | 10, Inivata | 11, Natera | 12, Invitae | 13, Tempus | 14, Biodesix | 99, Unknown | 98, Other","The name of the organization producing the report",,,,,,y,,,,,
coverage,assay,,text,Coverage,,"Sequencing depth",number,,,,,,,,,,
tmb,assay,,text,"Tumor Mutation Burden (Muts/Mb)",,"The total number of mutations (changes) found in the DNA of cancer cells",number,0,1000,,,,,,,,
loh,assay,,text,"Genomic Loss of Heterozygosity (LOH) ",,"% of tested genomic segments with LOH",,,,,,,,,,,
loh_assay,assay,,text,"Assay LOH Threshold",,"LOH threshold of assay, eg 16%",,,,,,,,,,,
msi_status,assay,,dropdown,"Microsatellite Status","0, MSS | 1, MSI | 2, Not Determined",,,,,,,,,,,,
msi_date,assay,,text,"MSI Date",,"MSI date in the form MMDDYYYY, hyphens will be autocompleted",date_mdy,,,,,,,,,," @HIDEBUTTON"
cur_by_assay_v1,assay,,text,"Curated By (Assay)",,"Please enter your full name",,,,,,,,,,," @HIDDEN-SURVEY"
date_cur_assay_v1,assay,,text,"Date Last Curated (Assay)",,"Date of curation in the form MMDDYYYY, hyphens will be autocompleted",date_mdy,,,y,,,,,,," @HIDDEN-SURVEY"
surg_path_id_genomic,somatic_genomics,,text,"Surgical Pathology ID",,,,,,y,,,,,,,
tumor_prof_case_id_genomic,somatic_genomics,,text,"Report Case Identifier",,,,,,,,,,,,,
gene_name_hgnc,somatic_genomics,,text,"Name of Mutated Gene",,,,,,,,y,,,,,
gene_id_hgnc_id,somatic_genomics,,text,"ID of Mutated Gene",BIOPORTAL:HGNC-NR,"The gene id: based on the HGNC nomenclature",,,,,,y,,,,,
mutation_type,somatic_genomics,,dropdown,"Is the mutation reported a sequence alteration or a structural alteration (amplification, deletion or fusion/rearrangement)?
","1, Sequence Alteration | 2, Structural Alteration",,,,,,,,,,,,
structural_type,somatic_genomics,,dropdown,"Structural Type","1, Amplification | 2, Deletion | 3, Fusion | 4, Complex","Type of structural mutation",,,,,"[mutation_type] = '2'",,,,,,
five_prime_partner,somatic_genomics,,text,"5' Gene Partner",,,,,,,[structural_type]=3,,,,,,
three_prime_partner,somatic_genomics,,text,"3' Gene Partner",,,,,,,[structural_type]=3,,,,,,
fusion_breakpoint,somatic_genomics,,text,"Fusion Breakpoint",,"Exact breakpoint or any information from NGS report",,,,,[structural_type]=3,,,,,,
genome_assembly,somatic_genomics,,dropdown,"Genome Assembly","1, GRCh38 | 2, GRCh37/Hg19 | 3, Hg18 | 99, Unknown",,,,,,,,,,,,
cytogen_loc,somatic_genomics,,text,"Cytogenetic Location",,"e.g., chr7: 140434535-140434535",,,,,,,,,,," @CALCTEXT(concat(""chr"", [cytogen_loc_chromosome], "": "", [cytogen_loc_start_pos], ""-"", [cytogen_loc_end_pos]))"
cytogen_loc_chromosome,somatic_genomics,,text,"Cytogenetic Location - Chromosome",,"e.g., 7",,,,,,,,,,,
cytogen_loc_start_pos,somatic_genomics,,text,"Cytogenetic Location - Start Position",,"e.g., 140434535",integer,,,,,,,,,,
cytogen_loc_end_pos,somatic_genomics,,text,"Cytogenetic Location - End Position",,"e.g., 140434535",integer,,,,,,,,,,
reference_allele,somatic_genomics,,text,"Reference Allele",,"Reference Allele (A, T, C, G)",,,,,,,,,,,
altered_allele,somatic_genomics,,text,"Altered Allele",,"Altered Allele (A, T, C, G)",,,,,,,,,,,
refseq_id,somatic_genomics,,text,"Refseq ID",,"Reference sequence ID by NCBI",,,,,,,,,,,
ensembl_id,somatic_genomics,,text,"Ensembl ID",,,,,,,,,,,,,
cosmic,somatic_genomics,,text,"Cosmic ID",,,,,,,,,,,,,
dbsnp,somatic_genomics,,text,"DBSNP ID",,,,,,,,,,,,,
clinvar,somatic_genomics,,text,"ClinVar ID",,,,,,,,,,,,,
mutation_class,somatic_genomics,,radio,"Mutation Classification","1, Missense | 2, Nonsense | 3, Frameshift | 4, Inframe Deletion | 5, Inframe Insertion | 6, Splice Site Variant | 7, Complex | 8, Silent | 9, Intron | 10, 3'UTR | 11, Promoter Region","The mutation classification based on the provided codes",,,,,"[mutation_type] = '1'",,,,,,
nucleotide_change_hgvs,somatic_genomics,,text,"Nucleotide Change",,"Example: chr12:1455 C>G",,,,,,,,,,,
cdna_change_hgvs,somatic_genomics,,text,"cDNA Change",,"Example: c.230G>T",,,,,,,,,,,
amino_acid_change_hgvs,somatic_genomics,,text,"Amino Acid Change",,"Example: p.G79*",,,,,,,,,,,
allelic_state,somatic_genomics,,radio,"Allelic State","1, Homozygous | 2, Heterozygous | 3, Hemizygous | 4, Heteroplasmic | 5, Homoplasmic","The classification of allelic state using one of the five provided codes",,,,,,,,,,,
mutation_vaf,somatic_genomics,,text,"Variant Allele Frequency (%)
",,"The allele frequency represents the incidence of a gene variant in a population - this is a percentage",number,0,100,,"[mutation_type] = '1'",,,,,,
cn_fold,somatic_genomics,,text,"Copy Number Fold",,"The genomic trait involving the number of copies of a particular gene present in the genome of an individual",number,,,,"[structural_type] = '1'",,,,,,
vus,somatic_genomics,,radio,"Is the mutation listed as a VUS in the NGS report?
","1, Yes | 0, No | 99, Unknown","The mutation is listed as a VUS in the NGS report",,,,,,,,,,,
genomics_report_recs,somatic_genomics,,checkbox,"Recommendations Listed on NGS Report","0, FDA-approved Drug in Tumor Type | 1, Off-label Use | 2, Clinical Trial | 3, Not Applicable | 4, None","The recommendation listed on NGS report",,,,,,,,,,,
variant_origin,somatic_genomics,,radio,"Variant Origin","0, Possibly Somatic & Tumor-derived | 1, Possibly Germline | 3, Confirmed Somatic & Tumor-derived | 4, Confirmed Germline | 5, Possibly Somatic & CH-derived | 6, Possibly Somatic (Cannot Differentiate Between CH- & Tumor-derived) | 7, Confirmed Somatic & CH-derived | 2, Inconclusive","The genomic class of the specimen being analyzed, for example, germline",,,,,,,,,,,
significant_ch_requiring_eval,somatic_genomics,,yesno,"Clinically Significant CH Variant Requiring Further Clinical Evaluation",,,,,,,"([variant_origin]=5) OR ([variant_origin]=6) OR ([variant_origin]=7)",,,,,,
genomics_germline_disc,somatic_genomics,,yesno,"Potential Pathogenic Germline Finding Discussed",,"Record whether the MTB discussed the variant as a potential pathogenic germline variant",,,,,,,,,,,
genomics_clonal_heme_disc,somatic_genomics,,yesno,"Potential Clonal Hematopoiesis Discussed",,"Record whether the MTB discussed the potential germline finding",,,,,,,,,,,
variant_clin_significance,somatic_genomics,,radio,"Variant Clinical Significance","0, Oncogenic | 1, Likely Oncogenic | 2, Uncertain Significance | 3, Pathogenic | 4, Likely Pathogenic","The variant clinical significance depending on pathogenicity",,,,,,,,,,,
genomics_mtb_recs,somatic_genomics,,checkbox,"MTB Recommendation","0, FDA-approved for Genomic Indication | 1, Off-label | 2, Clinical Trial | 3, Genetic Counseling or Germline Testing | 4, Additional or Confirmatory Tumor Testing | 5, Request Additional Information from Sequencing Provider | 6, Non-actionable at the Time of Review | 7, Resistance Mutation for Targeted Therapy | 8, Actionable but Not Prioritized","MTB's reccommendation based on the genomic findings",,,,,,,,,,,
genomics_mtb_recs_implem,somatic_genomics,,radio,"Was this recommendation implemented? ","1, Yes | 0, No | 99, Unknown",,,,,,"[genomics_mtb_recs(0)] OR [genomics_mtb_recs(1)] OR [genomics_mtb_recs(2)] OR [genomics_mtb_recs(3)] OR [genomics_mtb_recs(4)] OR [genomics_mtb_recs(5)]",,,,,,
date_cur_genomics,somatic_genomics,,text,"Date Last Curated (Genomics)",,"Date of curation in the form MMDDYYYY, hyphens will be autocompleted",date_mdy,,,y,,,,,,," @HIDDEN-SURVEY"
cur_by_genomics,somatic_genomics,,text,"Curated By (Genomics)",,"Please enter your full name",,,,,,,,,,," @HIDDEN-SURVEY"
marker_name,laboratory_markers,,text,"Tumor Marker Name",,"The type of tumor marker test",,,,,,,,,,,
marker_value,laboratory_markers,,text,"Tumor Marker Value",,"The result of a tumor marker test, whose data type depends on the specific type of test",,,,,,,,,,,
marker_unit,laboratory_markers,,text,"Tumor Marker Unit",,"The unit used in the tumor market test results",,,,,,,,,,,
marker_test_date,laboratory_markers,,text,"Date of Test",,"The date of the tumor marker test",date_mdy,,,,,,,,,," @HIDEBUTTON"
date_cur_lab_markers,laboratory_markers,,text,"Date Last Curated (Laboratory Markers)",,"Date of curation in the form MMDDYYYY, hyphens will be autocompleted",date_mdy,,,y,,,,,,," @HIDDEN-SURVEY"
cur_by_lab_markers,laboratory_markers,,text,"Curated By (Laboratory Markers)",,"Please enter your full name",,,,,,,,,,," @HIDDEN-SURVEY"
neo_yn,treatment_neoadjuvant,,yesno,"Did the patient ever receive neoadjuvant therapy/treatment?",,,,,,,,,,,,,
isa_second_primary_neoadj,treatment_neoadjuvant,,yesno,"Is this a neoadjuvant therapy for a second primary cancer?",,"The default value is set to ""NO"" when a new instance is created. There is no default vaule for some of the old cases",,,,,[neo_yn]=1,,,,,," @DEFAULT=""0"", @HIDDEN-SURVEY"
isa_third_primary_neoadj,treatment_neoadjuvant,,yesno,"Is this a neoadjuvant therapy for a third primary cancer?",,"The default value is set to ""NO"" when a new instance is created. There is no default vaule for some of the old cases",,,,,[neo_yn]=1,,,,,," @DEFAULT=""0"", @HIDDEN-SURVEY"
med_neoadj_ther_trial_yn,treatment_neoadjuvant,,yesno,"Was the neoadjuvant medication/regimen given in a clinical trial?",,,,,,,[neo_yn]=1,,,,,," @HIDDEN-SURVEY"
med_neoadj_ther_mtb_rec,treatment_neoadjuvant,,yesno,"Was the neadjuvant medication/regimen given based on the MTB Recommendation?  ",,,,,,,[neo_yn]=1,,,,,," @HIDDEN-SURVEY"
med_neoadj_ther_off_lab_yn,treatment_neoadjuvant,,yesno,"Was the neoadjuvant medication/regimen given off-label for compassionate use?",,,,,,,[neo_yn]=1,,,,,," @HIDDEN-SURVEY"
regimen_neoadjuvant,treatment_neoadjuvant,,descriptive,"<div class=""rich-text-field-label""><h3>Neoadjuvant Regimen</h3> <p> </p> <table style=""border-collapse: collapse; width: 100.073%; border-style: none; height: 198.667px;"" border=""0""> <tbody> <tr style=""height: 18.3333px;""> <td style=""width: 20.4955%; height: 18.3333px;""> </td> <td style=""width: 37.5271%; text-align: center; height: 18.3333px;"" colspan=""3"">START DATE</td> <td style=""text-align: center; width: 2.02069%; height: 18.3333px;""> </td> <td style=""text-align: center; width: 2.02069%; height: 18.3333px;""> </td> <td style=""width: 37.9601%; text-align: center; height: 18.3333px;"" colspan=""3"">END DATE</td> </tr> <tr style=""height: 20.6px;""> <td style=""width: 20.4955%; height: 40.6px;""> <p> </p> <p>Medication 1</p> <p>{neo1_therapy}</p> </td> <td style=""width: 12.9901%; height: 40.6px;""> <p style=""text-align: center;"">Month</p> <p>{neo1_sd_m}</p> </td> <td style=""width: 12.2685%; height: 40.6px;""> <p style=""text-align: center;"">Day</p> <p>{neo1_sd_d}</p> </td> <td style=""width: 12.2685%; height: 40.6px;""> <p style=""text-align: center;"">Year</p> <p>{neo1_sd_y}</p> </td> <td style=""width: 2.02069%; height: 40.6px;""> <p style=""text-align: center;""> </p> </td> <td style=""width: 2.02069%; height: 40.6px;""> <p style=""text-align: center;""> </p> </td> <td style=""width: 13.1345%; height: 40.6px;""> <p style=""text-align: center;"">Month</p> <p>{neo1_ed_m}</p> </td> <td style=""width: 12.5571%; height: 40.6px;""> <p style=""text-align: center;"">Day</p> <p>{neo1_ed_d}</p> </td> <td style=""width: 12.2685%; height: 40.6px;""> <p style=""text-align: center;"">Year</p> <p>{neo1_ed_y}</p> </td> </tr> <tr style=""height: 66.4px;""> <td style=""width: 20.4955%; height: 66.4px;""> <p>Medication 2</p> <p>{neo2_therapy}</p> </td> <td style=""width: 12.9901%; height: 66.4px;"">{neo2_sd_m}</td> <td style=""width: 12.2685%; height: 66.4px;"">{neo2_sd_d}</td> <td style=""width: 12.2685%; height: 66.4px;"">{neo2_sd_y}</td> <td style=""width: 2.02069%; height: 66.4px;""> </td> <td style=""width: 2.02069%; height: 66.4px;""> </td> <td style=""width: 13.1345%; height: 66.4px;"">{neo2_ed_m}</td> <td style=""width: 12.5571%; height: 66.4px;"">{neo2_ed_d}</td> <td style=""width: 12.2685%; height: 66.4px;"">{neo2_ed_y}</td> </tr> <tr style=""height: 18.3333px;""> <td style=""width: 20.4955%; height: 66.4px;""> <p>Medication 3</p> <p>{neo3_therapy}</p> </td> <td style=""width: 12.9901%; height: 66.4px;"">{neo3_sd_m}</td> <td style=""width: 12.2685%; height: 66.4px;"">{neo3_sd_d}</td> <td style=""width: 12.2685%; height: 66.4px;"">{neo3_sd_y}</td> <td style=""width: 2.02069%; height: 66.4px;""> </td> <td style=""width: 2.02069%; height: 66.4px;""> </td> <td style=""width: 13.1345%; height: 66.4px;"">{neo3_ed_m}</td> <td style=""width: 12.5571%; height: 66.4px;"">{neo3_ed_d}</td> <td style=""width: 12.2685%; height: 66.4px;"">{neo3_ed_y}</td> </tr> <tr style=""height: 18.3333px;""> <td style=""width: 20.4955%; height: 66.4px;""> <p>Medication 4</p> <p>{neo4_therapy}</p> </td> <td style=""width: 12.9901%; height: 66.4px;"">{neo4_sd_m}</td> <td style=""width: 12.2685%; height: 66.4px;"">{neo4_sd_d}</td> <td style=""width: 12.2685%; height: 66.4px;"">{neo4_sd_y}</td> <td style=""width: 2.02069%; height: 66.4px;""> </td> <td style=""width: 2.02069%; height: 66.4px;""> </td> <td style=""width: 13.1345%; height: 66.4px;"">{neo4_ed_m}</td> <td style=""width: 12.5571%; height: 66.4px;"">{neo4_ed_d}</td> <td style=""width: 12.2685%; height: 66.4px;"">{neo4_ed_y}</td> </tr> <tr style=""height: 18.3333px;""> <td style=""width: 20.4955%; height: 66.4px;""> <p>Medication 5</p> <p>{neo5_therapy}</p> </td> <td style=""width: 12.9901%; height: 66.4px;"">{neo5_sd_m}</td> <td style=""width: 12.2685%; height: 66.4px;"">{neo5_sd_d}</td> <td style=""width: 12.2685%; height: 66.4px;"">{neo5_sd_y}</td> <td style=""width: 2.02069%; height: 66.4px;""> </td> <td style=""width: 2.02069%; height: 66.4px;""> </td> <td style=""width: 13.1345%; height: 66.4px;"">{neo5_ed_m}</td> <td style=""width: 12.5571%; height: 66.4px;"">{neo5_ed_d}</td> <td style=""width: 12.2685%; height: 66.4px;"">{neo5_ed_y}</td> </tr> <tr style=""height: 18.3333px;""> <td style=""width: 20.4955%; height: 66.4px;""> <p>Medication 6</p> <p>{neo6_therapy}</p> </td> <td style=""width: 12.9901%; height: 66.4px;"">{neo6_sd_m}</td> <td style=""width: 12.2685%; height: 66.4px;"">{neo6_sd_d}</td> <td style=""width: 12.2685%; height: 66.4px;"">{neo6_sd_y}</td> <td style=""width: 2.02069%; height: 66.4px;""> </td> <td style=""width: 2.02069%; height: 66.4px;""> </td> <td style=""width: 13.1345%; height: 66.4px;"">{neo6_ed_m}</td> <td style=""width: 12.5571%; height: 66.4px;"">{neo6_ed_d}</td> <td style=""width: 12.2685%; height: 66.4px;"">{neo6_ed_y}</td> </tr> </tbody> </table> <p><em><span style=""font-weight: normal;"">*One line per medication</span></em></p> <p><em><span style=""font-weight: normal;"">Medication 1-4 fields have to be completed using one of the RxNorm-coded drugs autopopulating after typing in the first few letters. If no code matches the actual drug name please use the Medication 5-6 fields that allow for free-text entry. If a regimen contains >4 entries please try to use an RxNorm-coded drug in Medication 5 and/or 6 as well, if possible, using any of the other 4 fields to identify and copy/paste that code.</span></em></p> <p> </p></div>",,,,,,,[neo_yn]=1,,,,,,
neo1_therapy,treatment_neoadjuvant,,text,"Neoadjuvant Medication 1",BIOPORTAL:RXNORM,,,,,,,,,,,,
neo1_sd_m,treatment_neoadjuvant,,dropdown,"Neoadjuvant Medication 1 Start Date (Month)","XX, Unknown | 01, 01 | 02, 02 | 03, 03 | 04, 04 | 05, 05 | 06, 06 | 07, 07 | 08, 08 | 09, 09 | 10, 10 | 11, 11 | 12, 12",,,,,,,,,,,,
neo1_sd_d,treatment_neoadjuvant,,dropdown,"Neoadjuvant Medication 1 Start Date (Day)","XX, Unknown | 01, 01 | 02, 02 | 03, 03 | 04, 04 | 05, 05 | 06, 06 | 07, 07 | 08, 08 | 09, 09 | 10, 10 | 11, 11 | 12, 12 | 13, 13 | 14, 14 | 15, 15 | 16, 16 | 17, 17 | 18, 18 | 19, 19 | 20, 20 | 21, 21 | 22, 22 | 23, 23 | 24, 24 | 25, 25 | 26, 26 | 27, 27 | 28, 28 | 29, 29 | 30, 30 | 31, 31",,,,,,,,,,,,
neo1_sd_y,treatment_neoadjuvant,,dropdown,"Neoadjuvant Medication 1 Start Date (Year)","XXXX, Unknown | 2026, 2026 | 2025, 2025 | 2024, 2024 | 2023, 2023 | 2022, 2022 | 2021, 2021 | 2020, 2020 | 2019, 2019 | 2018, 2018 | 2017, 2017 | 2016, 2016 | 2015, 2015 | 2014, 2014 | 2013, 2013 | 2012, 2012 | 2011, 2011 | 2010, 2010 | 2009, 2009 | 2008, 2008 | 2007, 2007 | 2006, 2006 | 2005, 2005 | 2004, 2004 | 2003, 2003 | 2002, 2002 | 2001, 2001 | 2000, 2000 | 1999, 1999 | 1998, 1998 | 1997, 1997 | 1996, 1996 | 1995, 1995 | 1994, 1994 | 1993, 1993 | 1992, 1992 | 1991, 1991 | 1990, 1990",,,,,,,,,,,,
neo1_ed_d,treatment_neoadjuvant,,dropdown,"Neodjuvant Medication 1 End Date (Day)","XX, Unknown | 01, 01 | 02, 02 | 03, 03 | 04, 04 | 05, 05 | 06, 06 | 07, 07 | 08, 08 | 09, 09 | 10, 10 | 11, 11 | 12, 12 | 13, 13 | 14, 14 | 15, 15 | 16, 16 | 17, 17 | 18, 18 | 19, 19 | 20, 20 | 21, 21 | 22, 22 | 23, 23 | 24, 24 | 25, 25 | 26, 26 | 27, 27 | 28, 28 | 29, 29 | 30, 30 | 31, 31",,,,,,,,,,,,
neo1_ed_m,treatment_neoadjuvant,,dropdown,"Neoadjuvant Medication 1 End Date (Month)","XX, Unknown | 01, 01 | 02, 02 | 03, 03 | 04, 04 | 05, 05 | 06, 06 | 07, 07 | 08, 08 | 09, 09 | 10, 10 | 11, 11 | 12, 12",,,,,,,,,,,,
neo1_ed_y,treatment_neoadjuvant,,dropdown,"Neoadjuvant Medication 1 End Date (Year)","XXXX, Unknown | 2026, 2026 | 2025, 2025 | 2024, 2024 | 2023, 2023 | 2022, 2022 | 2021, 2021 | 2020, 2020 | 2019, 2019 | 2018, 2018 | 2017, 2017 | 2016, 2016 | 2015, 2015 | 2014, 2014 | 2013, 2013 | 2012, 2012 | 2011, 2011 | 2010, 2010 | 2009, 2009 | 2008, 2008 | 2007, 2007 | 2006, 2006 | 2005, 2005 | 2004, 2004 | 2003, 2003 | 2002, 2002 | 2001, 2001 | 2000, 2000 | 1999, 1999 | 1998, 1998 | 1997, 1997 | 1996, 1996 | 1995, 1995 | 1994, 1994 | 1993, 1993 | 1992, 1992 | 1991, 1991 | 1990, 1990",,,,,,,,,,,,
neo2_therapy,treatment_neoadjuvant,,text,"Neoadjuvant Medication 2",BIOPORTAL:RXNORM,,,,,,,,,,,,
neo2_sd_d,treatment_neoadjuvant,,dropdown,"Neoadjuvant Medication 2 Start Date (Day)","XX, Unknown | 01, 01 | 02, 02 | 03, 03 | 04, 04 | 05, 05 | 06, 06 | 07, 07 | 08, 08 | 09, 09 | 10, 10 | 11, 11 | 12, 12 | 13, 13 | 14, 14 | 15, 15 | 16, 16 | 17, 17 | 18, 18 | 19, 19 | 20, 20 | 21, 21 | 22, 22 | 23, 23 | 24, 24 | 25, 25 | 26, 26 | 27, 27 | 28, 28 | 29, 29 | 30, 30 | 31, 31",,,,,,,,,,,,
neo2_sd_m,treatment_neoadjuvant,,dropdown,"Neoadjuvant Medication 2 Start Date (Month)","XX, Unknown | 01, 01 | 02, 02 | 03, 03 | 04, 04 | 05, 05 | 06, 06 | 07, 07 | 08, 08 | 09, 09 | 10, 10 | 11, 11 | 12, 12",,,,,,,,,,,,
neo2_sd_y,treatment_neoadjuvant,,dropdown,"Neoadjuvant Medication 2 Start Date (Year)","XXXX, Unknown | 2026, 2026 | 2025, 2025 | 2024, 2024 | 2023, 2023 | 2022, 2022 | 2021, 2021 | 2020, 2020 | 2019, 2019 | 2018, 2018 | 2017, 2017 | 2016, 2016 | 2015, 2015 | 2014, 2014 | 2013, 2013 | 2012, 2012 | 2011, 2011 | 2010, 2010 | 2009, 2009 | 2008, 2008 | 2007, 2007 | 2006, 2006 | 2005, 2005 | 2004, 2004 | 2003, 2003 | 2002, 2002 | 2001, 2001 | 2000, 2000 | 1999, 1999 | 1998, 1998 | 1997, 1997 | 1996, 1996 | 1995, 1995 | 1994, 1994 | 1993, 1993 | 1992, 1992 | 1991, 1991 | 1990, 1990",,,,,,,,,,,,
neo2_ed_d,treatment_neoadjuvant,,dropdown,"Neoadjuvant Medication 2 End Date (Day)","XX, Unknown | 01, 01 | 02, 02 | 03, 03 | 04, 04 | 05, 05 | 06, 06 | 07, 07 | 08, 08 | 09, 09 | 10, 10 | 11, 11 | 12, 12 | 13, 13 | 14, 14 | 15, 15 | 16, 16 | 17, 17 | 18, 18 | 19, 19 | 20, 20 | 21, 21 | 22, 22 | 23, 23 | 24, 24 | 25, 25 | 26, 26 | 27, 27 | 28, 28 | 29, 29 | 30, 30 | 31, 31",,,,,,,,,,,,
neo3_therapy,treatment_neoadjuvant,,text,"Neoadjuvant Medication 3",BIOPORTAL:RXNORM,,,,,,,,,,,,
neo3_sd_d,treatment_neoadjuvant,,dropdown,"Neoadjuvant Medication 3 Start Date (Day)","XX, Unknown | 01, 01 | 02, 02 | 03, 03 | 04, 04 | 05, 05 | 06, 06 | 07, 07 | 08, 08 | 09, 09 | 10, 10 | 11, 11 | 12, 12 | 13, 13 | 14, 14 | 15, 15 | 16, 16 | 17, 17 | 18, 18 | 19, 19 | 20, 20 | 21, 21 | 22, 22 | 23, 23 | 24, 24 | 25, 25 | 26, 26 | 27, 27 | 28, 28 | 29, 29 | 30, 30 | 31, 31",,,,,,,,,,,,
neo2_ed_m,treatment_neoadjuvant,,dropdown,"Neoadjuvant Medication 2 End Date (Month)","XX, Unknown | 01, 01 | 02, 02 | 03, 03 | 04, 04 | 05, 05 | 06, 06 | 07, 07 | 08, 08 | 09, 09 | 10, 10 | 11, 11 | 12, 12",,,,,,,,,,,,
neo3_sd_m,treatment_neoadjuvant,,dropdown,"Neoadjuvant Medication 3 Start Date (Month)","XX, Unknown | 01, 01 | 02, 02 | 03, 03 | 04, 04 | 05, 05 | 06, 06 | 07, 07 | 08, 08 | 09, 09 | 10, 10 | 11, 11 | 12, 12",,,,,,,,,,,,
neo3_sd_y,treatment_neoadjuvant,,dropdown,"Neoadjuvant Medication 3 Start Date (Year)","XXXX, Unknown | 2026, 2026 | 2025, 2025 | 2024, 2024 | 2023, 2023 | 2022, 2022 | 2021, 2021 | 2020, 2020 | 2019, 2019 | 2018, 2018 | 2017, 2017 | 2016, 2016 | 2015, 2015 | 2014, 2014 | 2013, 2013 | 2012, 2012 | 2011, 2011 | 2010, 2010 | 2009, 2009 | 2008, 2008 | 2007, 2007 | 2006, 2006 | 2005, 2005 | 2004, 2004 | 2003, 2003 | 2002, 2002 | 2001, 2001 | 2000, 2000 | 1999, 1999 | 1998, 1998 | 1997, 1997 | 1996, 1996 | 1995, 1995 | 1994, 1994 | 1993, 1993 | 1992, 1992 | 1991, 1991 | 1990, 1990",,,,,,,,,,,,
neo2_ed_y,treatment_neoadjuvant,,dropdown,"Neoadjuvant Medication 2 End Date (Year)","XXXX, Unknown | 2026, 2026 | 2025, 2025 | 2024, 2024 | 2023, 2023 | 2022, 2022 | 2021, 2021 | 2020, 2020 | 2019, 2019 | 2018, 2018 | 2017, 2017 | 2016, 2016 | 2015, 2015 | 2014, 2014 | 2013, 2013 | 2012, 2012 | 2011, 2011 | 2010, 2010 | 2009, 2009 | 2008, 2008 | 2007, 2007 | 2006, 2006 | 2005, 2005 | 2004, 2004 | 2003, 2003 | 2002, 2002 | 2001, 2001 | 2000, 2000 | 1999, 1999 | 1998, 1998 | 1997, 1997 | 1996, 1996 | 1995, 1995 | 1994, 1994 | 1993, 1993 | 1992, 1992 | 1991, 1991 | 1990, 1990",,,,,,,,,,,,
neo3_ed_d,treatment_neoadjuvant,,dropdown,"Neoadjuvant Medication 3 End Date (Day)","XX, Unknown | 01, 01 | 02, 02 | 03, 03 | 04, 04 | 05, 05 | 06, 06 | 07, 07 | 08, 08 | 09, 09 | 10, 10 | 11, 11 | 12, 12 | 13, 13 | 14, 14 | 15, 15 | 16, 16 | 17, 17 | 18, 18 | 19, 19 | 20, 20 | 21, 21 | 22, 22 | 23, 23 | 24, 24 | 25, 25 | 26, 26 | 27, 27 | 28, 28 | 29, 29 | 30, 30 | 31, 31",,,,,,,,,,,,
neo3_ed_y,treatment_neoadjuvant,,dropdown,"Neoadjuvant Medication 3 End Date (Year)","XXXX, Unknown | 2026, 2026 | 2025, 2025 | 2024, 2024 | 2023, 2023 | 2022, 2022 | 2021, 2021 | 2020, 2020 | 2019, 2019 | 2018, 2018 | 2017, 2017 | 2016, 2016 | 2015, 2015 | 2014, 2014 | 2013, 2013 | 2012, 2012 | 2011, 2011 | 2010, 2010 | 2009, 2009 | 2008, 2008 | 2007, 2007 | 2006, 2006 | 2005, 2005 | 2004, 2004 | 2003, 2003 | 2002, 2002 | 2001, 2001 | 2000, 2000 | 1999, 1999 | 1998, 1998 | 1997, 1997 | 1996, 1996 | 1995, 1995 | 1994, 1994 | 1993, 1993 | 1992, 1992 | 1991, 1991 | 1990, 1990",,,,,,,,,,,,
neo4_sd_y,treatment_neoadjuvant,,dropdown,"Neoadjuvant Medication 4 Start Date (Year)","XXXX, Unknown | 2026, 2026 | 2025, 2025 | 2024, 2024 | 2023, 2023 | 2022, 2022 | 2021, 2021 | 2020, 2020 | 2019, 2019 | 2018, 2018 | 2017, 2017 | 2016, 2016 | 2015, 2015 | 2014, 2014 | 2013, 2013 | 2012, 2012 | 2011, 2011 | 2010, 2010 | 2009, 2009 | 2008, 2008 | 2007, 2007 | 2006, 2006 | 2005, 2005 | 2004, 2004 | 2003, 2003 | 2002, 2002 | 2001, 2001 | 2000, 2000 | 1999, 1999 | 1998, 1998 | 1997, 1997 | 1996, 1996 | 1995, 1995 | 1994, 1994 | 1993, 1993 | 1992, 1992 | 1991, 1991 | 1990, 1990",,,,,,,,,,,,
neo3_ed_m,treatment_neoadjuvant,,dropdown,"Neoadjuvant Medication 3 End Date (Month)","XX, Unknown | 01, 01 | 02, 02 | 03, 03 | 04, 04 | 05, 05 | 06, 06 | 07, 07 | 08, 08 | 09, 09 | 10, 10 | 11, 11 | 12, 12",,,,,,,,,,,,
neo4_sd_m,treatment_neoadjuvant,,dropdown,"Neoadjuvant Medication 4 Start Date (Month)","XX, Unknown | 01, 01 | 02, 02 | 03, 03 | 04, 04 | 05, 05 | 06, 06 | 07, 07 | 08, 08 | 09, 09 | 10, 10 | 11, 11 | 12, 12",,,,,,,,,,,,
neo4_ed_d,treatment_neoadjuvant,,dropdown,"Neoadjuvant Medication 4 End Date (Day)","XX, Unknown | 01, 01 | 02, 02 | 03, 03 | 04, 04 | 05, 05 | 06, 06 | 07, 07 | 08, 08 | 09, 09 | 10, 10 | 11, 11 | 12, 12 | 13, 13 | 14, 14 | 15, 15 | 16, 16 | 17, 17 | 18, 18 | 19, 19 | 20, 20 | 21, 21 | 22, 22 | 23, 23 | 24, 24 | 25, 25 | 26, 26 | 27, 27 | 28, 28 | 29, 29 | 30, 30 | 31, 31",,,,,,,,,,,,
neo4_ed_m,treatment_neoadjuvant,,dropdown,"Neoadjuvant Medication 4 End Date (Month)","XX, Unknown | 01, 01 | 02, 02 | 03, 03 | 04, 04 | 05, 05 | 06, 06 | 07, 07 | 08, 08 | 09, 09 | 10, 10 | 11, 11 | 12, 12",,,,,,,,,,,,
neo4_therapy,treatment_neoadjuvant,,text,"Neoadjuvant Medication 4",BIOPORTAL:RXNORM,,,,,,,,,,,,
neo4_ed_y,treatment_neoadjuvant,,dropdown,"Neoadjuvant Medication 4 End Date (Year)","XXXX, Unknown | 2026, 2026 | 2025, 2025 | 2024, 2024 | 2023, 2023 | 2022, 2022 | 2021, 2021 | 2020, 2020 | 2019, 2019 | 2018, 2018 | 2017, 2017 | 2016, 2016 | 2015, 2015 | 2014, 2014 | 2013, 2013 | 2012, 2012 | 2011, 2011 | 2010, 2010 | 2009, 2009 | 2008, 2008 | 2007, 2007 | 2006, 2006 | 2005, 2005 | 2004, 2004 | 2003, 2003 | 2002, 2002 | 2001, 2001 | 2000, 2000 | 1999, 1999 | 1998, 1998 | 1997, 1997 | 1996, 1996 | 1995, 1995 | 1994, 1994 | 1993, 1993 | 1992, 1992 | 1991, 1991 | 1990, 1990",,,,,,,,,,,,
neo4_sd_d,treatment_neoadjuvant,,dropdown,"Neoadjuvant Medication 4 Start Date (Day)","XX, Unknown | 01, 01 | 02, 02 | 03, 03 | 04, 04 | 05, 05 | 06, 06 | 07, 07 | 08, 08 | 09, 09 | 10, 10 | 11, 11 | 12, 12 | 13, 13 | 14, 14 | 15, 15 | 16, 16 | 17, 17 | 18, 18 | 19, 19 | 20, 20 | 21, 21 | 22, 22 | 23, 23 | 24, 24 | 25, 25 | 26, 26 | 27, 27 | 28, 28 | 29, 29 | 30, 30 | 31, 31",,,,,,,,,,,,
neo5_therapy,treatment_neoadjuvant,,text,"Neoadjuvant Medication 5",,,,,,,,,,,,,
neo5_sd_d,treatment_neoadjuvant,,dropdown,"Neoadjuvant Medication 5 Start Date (Day)","XX, Unknown | 01, 01 | 02, 02 | 03, 03 | 04, 04 | 05, 05 | 06, 06 | 07, 07 | 08, 08 | 09, 09 | 10, 10 | 11, 11 | 12, 12 | 13, 13 | 14, 14 | 15, 15 | 16, 16 | 17, 17 | 18, 18 | 19, 19 | 20, 20 | 21, 21 | 22, 22 | 23, 23 | 24, 24 | 25, 25 | 26, 26 | 27, 27 | 28, 28 | 29, 29 | 30, 30 | 31, 31",,,,,,,,,,,,
neo5_sd_m,treatment_neoadjuvant,,dropdown,"Neoadjuvant Medication 5 Start Date (Month)","XX, Unknown | 01, 01 | 02, 02 | 03, 03 | 04, 04 | 05, 05 | 06, 06 | 07, 07 | 08, 08 | 09, 09 | 10, 10 | 11, 11 | 12, 12",,,,,,,,,,,,
neo5_sd_y,treatment_neoadjuvant,,dropdown,"Neoadjuvant Medication 5 Start Date (Year)","XXXX, Unknown | 2026, 2026 | 2025, 2025 | 2024, 2024 | 2023, 2023 | 2022, 2022 | 2021, 2021 | 2020, 2020 | 2019, 2019 | 2018, 2018 | 2017, 2017 | 2016, 2016 | 2015, 2015 | 2014, 2014 | 2013, 2013 | 2012, 2012 | 2011, 2011 | 2010, 2010 | 2009, 2009 | 2008, 2008 | 2007, 2007 | 2006, 2006 | 2005, 2005 | 2004, 2004 | 2003, 2003 | 2002, 2002 | 2001, 2001 | 2000, 2000 | 1999, 1999 | 1998, 1998 | 1997, 1997 | 1996, 1996 | 1995, 1995 | 1994, 1994 | 1993, 1993 | 1992, 1992 | 1991, 1991 | 1990, 1990",,,,,,,,,,,,
neo5_ed_d,treatment_neoadjuvant,,dropdown,"Neoadjuvant Medication 5 End Date (Day)","XX, Unknown | 01, 01 | 02, 02 | 03, 03 | 04, 04 | 05, 05 | 06, 06 | 07, 07 | 08, 08 | 09, 09 | 10, 10 | 11, 11 | 12, 12 | 13, 13 | 14, 14 | 15, 15 | 16, 16 | 17, 17 | 18, 18 | 19, 19 | 20, 20 | 21, 21 | 22, 22 | 23, 23 | 24, 24 | 25, 25 | 26, 26 | 27, 27 | 28, 28 | 29, 29 | 30, 30 | 31, 31",,,,,,,,,,,,
neo5_ed_m,treatment_neoadjuvant,,dropdown,"Neoadjuvant Medication 5 End Date (Month)","XX, Unknown | 01, 01 | 02, 02 | 03, 03 | 04, 04 | 05, 05 | 06, 06 | 07, 07 | 08, 08 | 09, 09 | 10, 10 | 11, 11 | 12, 12",,,,,,,,,,,,
neo5_ed_y,treatment_neoadjuvant,,dropdown,"Neoadjuvant Medication 5 End Date (Year)","XXXX, Unknown | 2026, 2026 | 2025, 2025 | 2024, 2024 | 2023, 2023 | 2022, 2022 | 2021, 2021 | 2020, 2020 | 2019, 2019 | 2018, 2018 | 2017, 2017 | 2016, 2016 | 2015, 2015 | 2014, 2014 | 2013, 2013 | 2012, 2012 | 2011, 2011 | 2010, 2010 | 2009, 2009 | 2008, 2008 | 2007, 2007 | 2006, 2006 | 2005, 2005 | 2004, 2004 | 2003, 2003 | 2002, 2002 | 2001, 2001 | 2000, 2000 | 1999, 1999 | 1998, 1998 | 1997, 1997 | 1996, 1996 | 1995, 1995 | 1994, 1994 | 1993, 1993 | 1992, 1992 | 1991, 1991 | 1990, 1990",,,,,,,,,,,,
neo6_therapy,treatment_neoadjuvant,,text,"Neoadjuvant Medication 6",,,,,,,,,,,,,
neo6_sd_d,treatment_neoadjuvant,,dropdown,"Neoadjuvant Medication 6 Start Date (Day)","XX, Unknown | 01, 01 | 02, 02 | 03, 03 | 04, 04 | 05, 05 | 06, 06 | 07, 07 | 08, 08 | 09, 09 | 10, 10 | 11, 11 | 12, 12 | 13, 13 | 14, 14 | 15, 15 | 16, 16 | 17, 17 | 18, 18 | 19, 19 | 20, 20 | 21, 21 | 22, 22 | 23, 23 | 24, 24 | 25, 25 | 26, 26 | 27, 27 | 28, 28 | 29, 29 | 30, 30 | 31, 31",,,,,,,,,,,,
neo6_sd_m,treatment_neoadjuvant,,dropdown,"Neoadjuvant Medication 6 Start Date (Month)","XX, Unknown | 01, 01 | 02, 02 | 03, 03 | 04, 04 | 05, 05 | 06, 06 | 07, 07 | 08, 08 | 09, 09 | 10, 10 | 11, 11 | 12, 12",,,,,,,,,,,,
neo6_sd_y,treatment_neoadjuvant,,dropdown,"Neoadjuvant Medication 6 Start Date (Year)","XXXX, Unknown | 2026, 2026 | 2025, 2025 | 2024, 2024 | 2023, 2023 | 2022, 2022 | 2021, 2021 | 2020, 2020 | 2019, 2019 | 2018, 2018 | 2017, 2017 | 2016, 2016 | 2015, 2015 | 2014, 2014 | 2013, 2013 | 2012, 2012 | 2011, 2011 | 2010, 2010 | 2009, 2009 | 2008, 2008 | 2007, 2007 | 2006, 2006 | 2005, 2005 | 2004, 2004 | 2003, 2003 | 2002, 2002 | 2001, 2001 | 2000, 2000 | 1999, 1999 | 1998, 1998 | 1997, 1997 | 1996, 1996 | 1995, 1995 | 1994, 1994 | 1993, 1993 | 1992, 1992 | 1991, 1991 | 1990, 1990",,,,,,,,,,,,
neo6_ed_d,treatment_neoadjuvant,,dropdown,"Neoadjuvant Medication 6 End Date (Day)","XX, Unknown | 01, 01 | 02, 02 | 03, 03 | 04, 04 | 05, 05 | 06, 06 | 07, 07 | 08, 08 | 09, 09 | 10, 10 | 11, 11 | 12, 12 | 13, 13 | 14, 14 | 15, 15 | 16, 16 | 17, 17 | 18, 18 | 19, 19 | 20, 20 | 21, 21 | 22, 22 | 23, 23 | 24, 24 | 25, 25 | 26, 26 | 27, 27 | 28, 28 | 29, 29 | 30, 30 | 31, 31",,,,,,,,,,,,
neo6_ed_m,treatment_neoadjuvant,,dropdown,"Neoadjuvant Medication 6 End Date (Month)","XX, Unknown | 01, 01 | 02, 02 | 03, 03 | 04, 04 | 05, 05 | 06, 06 | 07, 07 | 08, 08 | 09, 09 | 10, 10 | 11, 11 | 12, 12",,,,,,,,,,,,
neo6_ed_y,treatment_neoadjuvant,,dropdown,"Neoadjuvant Medication 6 End Date (Year)","XXXX, Unknown | 2026, 2026 | 2025, 2025 | 2024, 2024 | 2023, 2023 | 2022, 2022 | 2021, 2021 | 2020, 2020 | 2019, 2019 | 2018, 2018 | 2017, 2017 | 2016, 2016 | 2015, 2015 | 2014, 2014 | 2013, 2013 | 2012, 2012 | 2011, 2011 | 2010, 2010 | 2009, 2009 | 2008, 2008 | 2007, 2007 | 2006, 2006 | 2005, 2005 | 2004, 2004 | 2003, 2003 | 2002, 2002 | 2001, 2001 | 2000, 2000 | 1999, 1999 | 1998, 1998 | 1997, 1997 | 1996, 1996 | 1995, 1995 | 1994, 1994 | 1993, 1993 | 1992, 1992 | 1991, 1991 | 1990, 1990",,,,,,,,,,,,
neo1_sd,treatment_neoadjuvant,,text,"Neodjuvant Medication 1 Start Date",,,,,,,,,,,,," @CALCTEXT(concat(if(isblankormissingcode([neo1_sd_m]),'00',[neo1_sd_m]), ""/"", if(isblankormissingcode([neo1_sd_d]),'00',[neo1_sd_d]), ""/"", if(isblankormissingcode([neo1_sd_y]),'0000',[neo1_sd_y]))) AND @HIDDEN"
neo1_ed,treatment_neoadjuvant,,text,"Neoadjuvant Medication 1 End Date",,,,,,,,,,,,," @CALCTEXT(concat(if(isblankormissingcode([neo1_ed_m]),'00',[neo1_ed_m]), ""/"", if(isblankormissingcode([neo1_ed_d]),'00',[neo1_ed_d]), ""/"", if(isblankormissingcode([neo1_ed_y]),'0000',[neo1_ed_y]))) AND @HIDDEN"
neo2_sd,treatment_neoadjuvant,,text,"Neoadjuvant Medication 2 Start Date",,,,,,,,,,,,," @CALCTEXT(concat(if(isblankormissingcode([neo2_sd_m]),'00',[neo2_sd_m]), ""/"", if(isblankormissingcode([neo2_sd_d]),'00',[neo2_sd_d]), ""/"", if(isblankormissingcode([neo2_sd_y]),'0000',[neo2_sd_y]))) AND @HIDDEN"
neo2_ed,treatment_neoadjuvant,,text,"Neoadjuvant Medication 2 End Date",,,,,,,,,,,,," @CALCTEXT(concat(if(isblankormissingcode([neo2_ed_m]),'00',[neo2_ed_m]), ""/"", if(isblankormissingcode([neo2_ed_d]),'00',[neo2_ed_d]), ""/"", if(isblankormissingcode([neo2_ed_y]),'0000',[neo2_ed_y]))) AND @HIDDEN"
neo3_sd,treatment_neoadjuvant,,text,"Neoadjuvant Medication 3 Start Date",,,,,,,,,,,,," @CALCTEXT(concat(if(isblankormissingcode([neo3_sd_m]),'00',[neo3_sd_m]), ""/"", if(isblankormissingcode([neo3_sd_d]),'00',[neo3_sd_d]), ""/"", if(isblankormissingcode([neo3_sd_y]),'0000',[neo3_sd_y]))) AND @HIDDEN"
neo3_ed,treatment_neoadjuvant,,text,"Neoadjuvant Medication 3 End Date",,,,,,,,,,,,," @CALCTEXT(concat(if(isblankormissingcode([neo3_ed_m]),'00',[neo3_ed_m]), ""/"", if(isblankormissingcode([neo3_ed_d]),'00',[neo3_ed_d]), ""/"", if(isblankormissingcode([neo3_ed_y]),'0000',[neo3_ed_y]))) AND @HIDDEN"
neo4_sd,treatment_neoadjuvant,,text,"Neoadjuvant Medication 4 Start Date",,,,,,,,,,,,," @CALCTEXT(concat(if(isblankormissingcode([neo4_sd_m]),'00',[neo4_sd_m]), ""/"", if(isblankormissingcode([neo4_sd_d]),'00',[neo4_sd_d]), ""/"", if(isblankormissingcode([neo4_sd_y]),'0000',[neo4_sd_y]))) AND @HIDDEN"
neo4_ed,treatment_neoadjuvant,,text,"Neoadjuvant Medication 4 End Date",,,,,,,,,,,,," @CALCTEXT(concat(if(isblankormissingcode([neo4_ed_m]),'00',[neo4_ed_m]), ""/"", if(isblankormissingcode([neo4_ed_d]),'00',[neo4_ed_d]), ""/"", if(isblankormissingcode([neo4_ed_y]),'0000',[neo4_ed_y]))) AND @HIDDEN"
neo5_sd,treatment_neoadjuvant,,text,"Neoadjuvant Medication 5 Start Date",,,,,,,,,,,,," @CALCTEXT(concat(if(isblankormissingcode([neo5_sd_m]),'00',[neo5_sd_m]), ""/"", if(isblankormissingcode([neo5_sd_d]),'00',[neo5_sd_d]), ""/"", if(isblankormissingcode([neo5_sd_y]),'0000',[neo5_sd_y]))) AND @HIDDEN"
neo5_ed,treatment_neoadjuvant,,text,"Neodjuvant Medication 5 End Date",,,,,,,,,,,,," @CALCTEXT(concat(if(isblankormissingcode([neo5_ed_m]),'00',[neo5_ed_m]), ""/"", if(isblankormissingcode([neo5_ed_d]),'00',[neo5_ed_d]), ""/"", if(isblankormissingcode([neo5_ed_y]),'0000',[neo5_ed_y]))) AND @HIDDEN"
neo6_sd,treatment_neoadjuvant,,text,"Neoadjuvant Medication 6 Start Date",,,,,,,,,,,,," @CALCTEXT(concat(if(isblankormissingcode([neo6_sd_m]),'00',[neo6_sd_m]), ""/"", if(isblankormissingcode([neo6_sd_d]),'00',[neo6_sd_d]), ""/"", if(isblankormissingcode([neo6_sd_y]),'0000',[neo6_sd_y]))) AND @HIDDEN"
neo6_ed,treatment_neoadjuvant,,text,"Neoadjuvant Medication 6 End Date",,,,,,,,,,,,," @CALCTEXT(concat(if(isblankormissingcode([neo6_ed_m]),'00',[neo6_ed_m]), ""/"", if(isblankormissingcode([neo6_ed_d]),'00',[neo6_ed_d]), ""/"", if(isblankormissingcode([neo6_ed_y]),'0000',[neo6_ed_y]))) AND @HIDDEN"
neo_intent,treatment_neoadjuvant,,radio,"Neoadjuvant Medication/Regimen Intent","0, Curative | 1, Palliative",,,,,,[neo_yn]=1,,,,,,
neo_discontinue,treatment_neoadjuvant,,radio,"Was the neoadjuvant medication/regimen discontinued? ","1, Yes | 0, No | 99, Unknown",,,,,,[neo_yn]=1,,,,,,
neo_discontinue_reason,treatment_neoadjuvant,,checkbox,"Neodjuvant Medication/Regimen Discontinuation Reason","0, Completion of Planned Therapy/Maximal Response | 1, Toxicity | 2, Patient Preference | 3, Not Effective/Progression of Disease | 4, Transitioned to Supportive Care/ Patient Expired | 5, Lost to Follow-Up | 98, Other | 99, Unknown","A code explaining unplanned or premature termination of the neoadjuvant medication or regimen",,,,,"[neo_yn]=1 AND [neo_discontinue]=1",,,,,,
neo_toxicity,treatment_neoadjuvant,,text,"If the neoadjuvant medication/regimen was discontinued due to toxicity, please explain why (list side effect, condition, symptom, etc.)?",,,,,,,"[neo_yn]=1 AND [neo_discontinue]=1 AND [neo_discontinue_reason(1)]=1",,,,,,
date_cur_treat_neoadj,treatment_neoadjuvant,,text,"Date Last Curated (Treatment Neoadjuvant)",,"Date of curation in the form MMDDYYYY, hyphens will be autocompleted",date_mdy,,,,,,,,,," @HIDDEN-SURVEY"
cur_by_treat_neoadj,treatment_neoadjuvant,,text,"Curated By (Treatment Neoadjuvant)",,"Please enter your name",,,,,,,,,,," @HIDDEN-SURVEY"
systemic_yn,treatment_adjuvant,,yesno,"Did the patient ever receive adjuvant/systemic therapy?",,,,,,,,,,,,,
isa_second_primary_adj,treatment_adjuvant,,yesno,"Is this an adjuvant therapy for a second primary cancer?",,"The default value is set to ""NO"" when a new instance is created. There is no default vaule for some of the old cases",,,,,[systemic_yn]=1,,,,,," @DEFAULT=""0"", @HIDDEN-SURVEY"
isa_third_primary_adj,treatment_adjuvant,,yesno,"Is this an adjuvant therapy for a third primary cancer?",,"The default value is set to ""NO"" when a new instance is created. There is no default vaule for some of the old cases",,,,,[systemic_yn]=1,,,,,," @DEFAULT=""0"", @HIDDEN-SURVEY"
med_adj_ther_trial_yn,treatment_adjuvant,,yesno,"Was the adjuvant medication/regimen given in a clinical trial?",,,,,,,[systemic_yn]=1,,,,,," @HIDDEN-SURVEY"
med_adj_ther_mtb_rec,treatment_adjuvant,,yesno,"Was the adjuvant medication/regimen given based on the MTB Recommendation?  ",,,,,,,[systemic_yn]=1,,,,,," @HIDDEN-SURVEY"
med_adj_ther_off_lab_yn,treatment_adjuvant,,yesno,"Was the adjuvant medication/regimen given off-label for compassionate use?",,,,,,,[systemic_yn]=1,,,,,," @HIDDEN-SURVEY"
regimen_adjuvant,treatment_adjuvant,,descriptive,"<div class=""rich-text-field-label""><h3>Adjuvant Regimen</h3> <p> </p> <table style=""border-collapse: collapse; width: 100.073%; border-style: none; height: 198.667px;"" border=""0""> <tbody> <tr style=""height: 18.3333px;""> <td style=""width: 20.4955%; height: 18.3333px;""> </td> <td style=""width: 37.5271%; text-align: center; height: 18.3333px;"" colspan=""3"">START DATE</td> <td style=""text-align: center; width: 2.02069%; height: 18.3333px;""> </td> <td style=""text-align: center; width: 2.02069%; height: 18.3333px;""> </td> <td style=""width: 37.9601%; text-align: center; height: 18.3333px;"" colspan=""3"">END DATE</td> </tr> <tr style=""height: 20.6px;""> <td style=""width: 20.4955%; height: 40.6px;""> <p> </p> <p>Medication 1</p> <p>{med1_therapy}</p> </td> <td style=""width: 12.9901%; height: 40.6px;""> <p style=""text-align: center;"">Month</p> <p>{adj1_sd_m}</p> </td> <td style=""width: 12.2685%; height: 40.6px;""> <p style=""text-align: center;"">Day</p> <p>{adj1_sd_d}</p> </td> <td style=""width: 12.2685%; height: 40.6px;""> <p style=""text-align: center;"">Year</p> <p>{adj1_sd_y}</p> </td> <td style=""width: 2.02069%; height: 40.6px;""> <p style=""text-align: center;""> </p> </td> <td style=""width: 2.02069%; height: 40.6px;""> <p style=""text-align: center;""> </p> </td> <td style=""width: 13.1345%; height: 40.6px;""> <p style=""text-align: center;"">Month</p> <p>{adj1_ed_m}</p> </td> <td style=""width: 12.5571%; height: 40.6px;""> <p style=""text-align: center;"">Day</p> <p>{adj1_ed_d}</p> </td> <td style=""width: 12.2685%; height: 40.6px;""> <p style=""text-align: center;"">Year</p> <p>{adj1_ed_y}</p> </td> </tr> <tr style=""height: 66.4px;""> <td style=""width: 20.4955%; height: 66.4px;""> <p>Medication 2</p> <p>{med2_therapy}</p> </td> <td style=""width: 12.9901%; height: 66.4px;"">{adj2_sd_m}</td> <td style=""width: 12.2685%; height: 66.4px;"">{adj2_sd_d}</td> <td style=""width: 12.2685%; height: 66.4px;"">{adj2_sd_y}</td> <td style=""width: 2.02069%; height: 66.4px;""> </td> <td style=""width: 2.02069%; height: 66.4px;""> </td> <td style=""width: 13.1345%; height: 66.4px;"">{adj2_ed_m}</td> <td style=""width: 12.5571%; height: 66.4px;"">{adj2_ed_d}</td> <td style=""width: 12.2685%; height: 66.4px;"">{adj2_ed_y}</td> </tr> <tr style=""height: 18.3333px;""> <td style=""width: 20.4955%; height: 66.4px;""> <p>Medication 3</p> <p>{med3_therapy}</p> </td> <td style=""width: 12.9901%; height: 66.4px;"">{adj3_sd_m}</td> <td style=""width: 12.2685%; height: 66.4px;"">{adj3_sd_d}</td> <td style=""width: 12.2685%; height: 66.4px;"">{adj3_sd_y}</td> <td style=""width: 2.02069%; height: 66.4px;""> </td> <td style=""width: 2.02069%; height: 66.4px;""> </td> <td style=""width: 13.1345%; height: 66.4px;"">{adj3_ed_m}</td> <td style=""width: 12.5571%; height: 66.4px;"">{adj3_ed_d}</td> <td style=""width: 12.2685%; height: 66.4px;"">{adj3_ed_y}</td> </tr> <tr style=""height: 18.3333px;""> <td style=""width: 20.4955%; height: 66.4px;""> <p>Medication 4</p> <p>{med4_therapy}</p> </td> <td style=""width: 12.9901%; height: 66.4px;"">{adj4_sd_m}</td> <td style=""width: 12.2685%; height: 66.4px;"">{adj4_sd_d}</td> <td style=""width: 12.2685%; height: 66.4px;"">{adj4_sd_y}</td> <td style=""width: 2.02069%; height: 66.4px;""> </td> <td style=""width: 2.02069%; height: 66.4px;""> </td> <td style=""width: 13.1345%; height: 66.4px;"">{adj4_ed_m}</td> <td style=""width: 12.5571%; height: 66.4px;"">{adj4_ed_d}</td> <td style=""width: 12.2685%; height: 66.4px;"">{adj4_ed_y}</td> </tr> <tr style=""height: 18.3333px;""> <td style=""width: 20.4955%; height: 66.4px;""> <p>Medication 5</p> <p>{med5_therapy}</p> </td> <td style=""width: 12.9901%; height: 66.4px;"">{adj5_sd_m}</td> <td style=""width: 12.2685%; height: 66.4px;"">{adj5_sd_d}</td> <td style=""width: 12.2685%; height: 66.4px;"">{adj5_sd_y}</td> <td style=""width: 2.02069%; height: 66.4px;""> </td> <td style=""width: 2.02069%; height: 66.4px;""> </td> <td style=""width: 13.1345%; height: 66.4px;"">{adj5_ed_m}</td> <td style=""width: 12.5571%; height: 66.4px;"">{adj5_ed_d}</td> <td style=""width: 12.2685%; height: 66.4px;"">{adj5_ed_y}</td> </tr> <tr style=""height: 18.3333px;""> <td style=""width: 20.4955%; height: 66.4px;""> <p>Medication 6</p> <p>{med6_therapy}</p> </td> <td style=""width: 12.9901%; height: 66.4px;"">{adj6_sd_m}</td> <td style=""width: 12.2685%; height: 66.4px;"">{adj6_sd_d}</td> <td style=""width: 12.2685%; height: 66.4px;"">{adj6_sd_y}</td> <td style=""width: 2.02069%; height: 66.4px;""> </td> <td style=""width: 2.02069%; height: 66.4px;""> </td> <td style=""width: 13.1345%; height: 66.4px;"">{adj6_ed_m}</td> <td style=""width: 12.5571%; height: 66.4px;"">{adj6_ed_d}</td> <td style=""width: 12.2685%; height: 66.4px;"">{adj6_ed_y}</td> </tr> </tbody> </table> <p><em><span style=""font-weight: normal;"">*One line per medication<br /></span></em></p> <p><em><span style=""font-weight: normal;"">Medication 1-4 fields have to be completed using one of the RxNorm-coded drugs autopopulating after typing in the first few letters. If no code matches the actual drug name please use the Medication 5-6 fields that allow for free-text entry. If a regimen contains >4 entries please try to use an RxNorm-coded drug in Medication 5 and/or 6 as well, if possible, using any of the other 4 fields to identify and copy/paste that code.</span></em></p> <p> </p></div>",,,,,,,[systemic_yn]=1,,,,,,
med1_therapy,treatment_adjuvant,,text,"Adjuvant Medication 1",BIOPORTAL:RXNORM,,,,,,,,,,,,
adj1_sd_d,treatment_adjuvant,,dropdown,"Adjuvant Medication 1 Start Date (Day)","XX, Unknown | 01, 01 | 02, 02 | 03, 03 | 04, 04 | 05, 05 | 06, 06 | 07, 07 | 08, 08 | 09, 09 | 10, 10 | 11, 11 | 12, 12 | 13, 13 | 14, 14 | 15, 15 | 16, 16 | 17, 17 | 18, 18 | 19, 19 | 20, 20 | 21, 21 | 22, 22 | 23, 23 | 24, 24 | 25, 25 | 26, 26 | 27, 27 | 28, 28 | 29, 29 | 30, 30 | 31, 31",,,,,,,,,,,,
adj1_sd_m,treatment_adjuvant,,dropdown,"Adjuvant Medication 1 Start Date (Month)","XX, Unknown | 01, 01 | 02, 02 | 03, 03 | 04, 04 | 05, 05 | 06, 06 | 07, 07 | 08, 08 | 09, 09 | 10, 10 | 11, 11 | 12, 12",,,,,,,,,,,,
adj1_sd_y,treatment_adjuvant,,dropdown,"Adjuvant Medication 1 Start Date (Year)","XXXX, Unknown | 2026, 2026 | 2025, 2025 | 2024, 2024 | 2023, 2023 | 2022, 2022 | 2021, 2021 | 2020, 2020 | 2019, 2019 | 2018, 2018 | 2017, 2017 | 2016, 2016 | 2015, 2015 | 2014, 2014 | 2013, 2013 | 2012, 2012 | 2011, 2011 | 2010, 2010 | 2009, 2009 | 2008, 2008 | 2007, 2007 | 2006, 2006 | 2005, 2005 | 2004, 2004 | 2003, 2003 | 2002, 2002 | 2001, 2001 | 2000, 2000 | 1999, 1999 | 1998, 1998 | 1997, 1997 | 1996, 1996 | 1995, 1995 | 1994, 1994 | 1993, 1993 | 1992, 1992 | 1991, 1991 | 1990, 1990",,,,,,,,,,,,
adj1_ed_d,treatment_adjuvant,,dropdown,"Adjuvant Medication 1 End Date (Day)","XX, Unknown | 01, 01 | 02, 02 | 03, 03 | 04, 04 | 05, 05 | 06, 06 | 07, 07 | 08, 08 | 09, 09 | 10, 10 | 11, 11 | 12, 12 | 13, 13 | 14, 14 | 15, 15 | 16, 16 | 17, 17 | 18, 18 | 19, 19 | 20, 20 | 21, 21 | 22, 22 | 23, 23 | 24, 24 | 25, 25 | 26, 26 | 27, 27 | 28, 28 | 29, 29 | 30, 30 | 31, 31",,,,,,,,,,,,
adj1_ed_m,treatment_adjuvant,,dropdown,"Adjuvant Medication 1 End Date (Month)","XX, Unknown | 01, 01 | 02, 02 | 03, 03 | 04, 04 | 05, 05 | 06, 06 | 07, 07 | 08, 08 | 09, 09 | 10, 10 | 11, 11 | 12, 12",,,,,,,,,,,,
adj1_ed_y,treatment_adjuvant,,dropdown,"Adjuvant Medication 1 End Date (Year)","XXXX, Unknown | 2026, 2026 | 2025, 2025 | 2024, 2024 | 2023, 2023 | 2022, 2022 | 2021, 2021 | 2020, 2020 | 2019, 2019 | 2018, 2018 | 2017, 2017 | 2016, 2016 | 2015, 2015 | 2014, 2014 | 2013, 2013 | 2012, 2012 | 2011, 2011 | 2010, 2010 | 2009, 2009 | 2008, 2008 | 2007, 2007 | 2006, 2006 | 2005, 2005 | 2004, 2004 | 2003, 2003 | 2002, 2002 | 2001, 2001 | 2000, 2000 | 1999, 1999 | 1998, 1998 | 1997, 1997 | 1996, 1996 | 1995, 1995 | 1994, 1994 | 1993, 1993 | 1992, 1992 | 1991, 1991 | 1990, 1990",,,,,,,,,,,,
med2_therapy,treatment_adjuvant,,text,"Adjuvant Medication 2",BIOPORTAL:RXNORM,,,,,,,,,,,,
adj2_sd_d,treatment_adjuvant,,dropdown,"Adjuvant Medication 2 Start Date (Day)","XX, Unknown | 01, 01 | 02, 02 | 03, 03 | 04, 04 | 05, 05 | 06, 06 | 07, 07 | 08, 08 | 09, 09 | 10, 10 | 11, 11 | 12, 12 | 13, 13 | 14, 14 | 15, 15 | 16, 16 | 17, 17 | 18, 18 | 19, 19 | 20, 20 | 21, 21 | 22, 22 | 23, 23 | 24, 24 | 25, 25 | 26, 26 | 27, 27 | 28, 28 | 29, 29 | 30, 30 | 31, 31",,,,,,,,,,,,
adj2_sd_m,treatment_adjuvant,,dropdown,"Adjuvant Medication 2 Start Date (Month)","XX, Unknown | 01, 01 | 02, 02 | 03, 03 | 04, 04 | 05, 05 | 06, 06 | 07, 07 | 08, 08 | 09, 09 | 10, 10 | 11, 11 | 12, 12",,,,,,,,,,,,
adj2_sd_y,treatment_adjuvant,,dropdown,"Adjuvant Medication 2 Start Date (Year)","XXXX, Unknown | 2026, 2026 | 2025, 2025 | 2024, 2024 | 2023, 2023 | 2022, 2022 | 2021, 2021 | 2020, 2020 | 2019, 2019 | 2018, 2018 | 2017, 2017 | 2016, 2016 | 2015, 2015 | 2014, 2014 | 2013, 2013 | 2012, 2012 | 2011, 2011 | 2010, 2010 | 2009, 2009 | 2008, 2008 | 2007, 2007 | 2006, 2006 | 2005, 2005 | 2004, 2004 | 2003, 2003 | 2002, 2002 | 2001, 2001 | 2000, 2000 | 1999, 1999 | 1998, 1998 | 1997, 1997 | 1996, 1996 | 1995, 1995 | 1994, 1994 | 1993, 1993 | 1992, 1992 | 1991, 1991 | 1990, 1990",,,,,,,,,,,,
adj2_ed_d,treatment_adjuvant,,dropdown,"Adjuvant Medication 2 End Date (Day)","XX, Unknown | 01, 01 | 02, 02 | 03, 03 | 04, 04 | 05, 05 | 06, 06 | 07, 07 | 08, 08 | 09, 09 | 10, 10 | 11, 11 | 12, 12 | 13, 13 | 14, 14 | 15, 15 | 16, 16 | 17, 17 | 18, 18 | 19, 19 | 20, 20 | 21, 21 | 22, 22 | 23, 23 | 24, 24 | 25, 25 | 26, 26 | 27, 27 | 28, 28 | 29, 29 | 30, 30 | 31, 31",,,,,,,,,,,,
adj2_ed_m,treatment_adjuvant,,dropdown,"Adjuvant Medication 2 End Date (Month)","XX, Unknown | 01, 01 | 02, 02 | 03, 03 | 04, 04 | 05, 05 | 06, 06 | 07, 07 | 08, 08 | 09, 09 | 10, 10 | 11, 11 | 12, 12",,,,,,,,,,,,
adj2_ed_y,treatment_adjuvant,,dropdown,"Adjuvant Medication 2 End Date (Year)","XXXX, Unknown | 2026, 2026 | 2025, 2025 | 2024, 2024 | 2023, 2023 | 2022, 2022 | 2021, 2021 | 2020, 2020 | 2019, 2019 | 2018, 2018 | 2017, 2017 | 2016, 2016 | 2015, 2015 | 2014, 2014 | 2013, 2013 | 2012, 2012 | 2011, 2011 | 2010, 2010 | 2009, 2009 | 2008, 2008 | 2007, 2007 | 2006, 2006 | 2005, 2005 | 2004, 2004 | 2003, 2003 | 2002, 2002 | 2001, 2001 | 2000, 2000 | 1999, 1999 | 1998, 1998 | 1997, 1997 | 1996, 1996 | 1995, 1995 | 1994, 1994 | 1993, 1993 | 1992, 1992 | 1991, 1991 | 1990, 1990",,,,,,,,,,,,
med3_therapy,treatment_adjuvant,,text,"Adjuvant Medication 3",BIOPORTAL:RXNORM,,,,,,,,,,,,
adj3_sd_d,treatment_adjuvant,,dropdown,"Adjuvant Medication 3 Start Date (Day)","XX, Unknown | 01, 01 | 02, 02 | 03, 03 | 04, 04 | 05, 05 | 06, 06 | 07, 07 | 08, 08 | 09, 09 | 10, 10 | 11, 11 | 12, 12 | 13, 13 | 14, 14 | 15, 15 | 16, 16 | 17, 17 | 18, 18 | 19, 19 | 20, 20 | 21, 21 | 22, 22 | 23, 23 | 24, 24 | 25, 25 | 26, 26 | 27, 27 | 28, 28 | 29, 29 | 30, 30 | 31, 31",,,,,,,,,,,,
adj3_sd_m,treatment_adjuvant,,dropdown,"Adjuvant Medication 3 Start Date (Month)","XX, Unknown | 01, 01 | 02, 02 | 03, 03 | 04, 04 | 05, 05 | 06, 06 | 07, 07 | 08, 08 | 09, 09 | 10, 10 | 11, 11 | 12, 12",,,,,,,,,,,,
adj3_sd_y,treatment_adjuvant,,dropdown,"Adjuvant Medication 3 Start Date (Year)","XXXX, Unknown | 2026, 2026 | 2025, 2025 | 2024, 2024 | 2023, 2023 | 2022, 2022 | 2021, 2021 | 2020, 2020 | 2019, 2019 | 2018, 2018 | 2017, 2017 | 2016, 2016 | 2015, 2015 | 2014, 2014 | 2013, 2013 | 2012, 2012 | 2011, 2011 | 2010, 2010 | 2009, 2009 | 2008, 2008 | 2007, 2007 | 2006, 2006 | 2005, 2005 | 2004, 2004 | 2003, 2003 | 2002, 2002 | 2001, 2001 | 2000, 2000 | 1999, 1999 | 1998, 1998 | 1997, 1997 | 1996, 1996 | 1995, 1995 | 1994, 1994 | 1993, 1993 | 1992, 1992 | 1991, 1991 | 1990, 1990",,,,,,,,,,,,
adj3_ed_d,treatment_adjuvant,,dropdown,"Adjuvant Medication 3 End Date (Day)","XX, Unknown | 01, 01 | 02, 02 | 03, 03 | 04, 04 | 05, 05 | 06, 06 | 07, 07 | 08, 08 | 09, 09 | 10, 10 | 11, 11 | 12, 12 | 13, 13 | 14, 14 | 15, 15 | 16, 16 | 17, 17 | 18, 18 | 19, 19 | 20, 20 | 21, 21 | 22, 22 | 23, 23 | 24, 24 | 25, 25 | 26, 26 | 27, 27 | 28, 28 | 29, 29 | 30, 30 | 31, 31",,,,,,,,,,,,
adj3_ed_m,treatment_adjuvant,,dropdown,"Adjuvant Medication 3 End Date (Month)","XX, Unknown | 01, 01 | 02, 02 | 03, 03 | 04, 04 | 05, 05 | 06, 06 | 07, 07 | 08, 08 | 09, 09 | 10, 10 | 11, 11 | 12, 12",,,,,,,,,,,,
adj3_ed_y,treatment_adjuvant,,dropdown,"Adjuvant Medication 3 End Date (Year)","XXXX, Unknown | 2026, 2026 | 2025, 2025 | 2024, 2024 | 2023, 2023 | 2022, 2022 | 2021, 2021 | 2020, 2020 | 2019, 2019 | 2018, 2018 | 2017, 2017 | 2016, 2016 | 2015, 2015 | 2014, 2014 | 2013, 2013 | 2012, 2012 | 2011, 2011 | 2010, 2010 | 2009, 2009 | 2008, 2008 | 2007, 2007 | 2006, 2006 | 2005, 2005 | 2004, 2004 | 2003, 2003 | 2002, 2002 | 2001, 2001 | 2000, 2000 | 1999, 1999 | 1998, 1998 | 1997, 1997 | 1996, 1996 | 1995, 1995 | 1994, 1994 | 1993, 1993 | 1992, 1992 | 1991, 1991 | 1990, 1990",,,,,,,,,,,,
med4_therapy,treatment_adjuvant,,text,"Adjuvant Medication 4",BIOPORTAL:RXNORM,,,,,,,,,,,,
adj4_sd_d,treatment_adjuvant,,dropdown,"Adjuvant Medication 4 Start Date (Day)","XX, Unknown | 01, 01 | 02, 02 | 03, 03 | 04, 04 | 05, 05 | 06, 06 | 07, 07 | 08, 08 | 09, 09 | 10, 10 | 11, 11 | 12, 12 | 13, 13 | 14, 14 | 15, 15 | 16, 16 | 17, 17 | 18, 18 | 19, 19 | 20, 20 | 21, 21 | 22, 22 | 23, 23 | 24, 24 | 25, 25 | 26, 26 | 27, 27 | 28, 28 | 29, 29 | 30, 30 | 31, 31",,,,,,,,,,,,
adj4_sd_m,treatment_adjuvant,,dropdown,"Adjuvant Medication 4 Start Date (Month)","XX, Unknown | 01, 01 | 02, 02 | 03, 03 | 04, 04 | 05, 05 | 06, 06 | 07, 07 | 08, 08 | 09, 09 | 10, 10 | 11, 11 | 12, 12",,,,,,,,,,,,
adj4_sd_y,treatment_adjuvant,,dropdown,"Adjuvant Medication 4 Start Date (Year)","XXXX, Unknown | 2026, 2026 | 2025, 2025 | 2024, 2024 | 2023, 2023 | 2022, 2022 | 2021, 2021 | 2020, 2020 | 2019, 2019 | 2018, 2018 | 2017, 2017 | 2016, 2016 | 2015, 2015 | 2014, 2014 | 2013, 2013 | 2012, 2012 | 2011, 2011 | 2010, 2010 | 2009, 2009 | 2008, 2008 | 2007, 2007 | 2006, 2006 | 2005, 2005 | 2004, 2004 | 2003, 2003 | 2002, 2002 | 2001, 2001 | 2000, 2000 | 1999, 1999 | 1998, 1998 | 1997, 1997 | 1996, 1996 | 1995, 1995 | 1994, 1994 | 1993, 1993 | 1992, 1992 | 1991, 1991 | 1990, 1990",,,,,,,,,,,,
adj4_ed_d,treatment_adjuvant,,dropdown,"Adjuvant Medication 4 End Date (Day)","XX, Unknown | 01, 01 | 02, 02 | 03, 03 | 04, 04 | 05, 05 | 06, 06 | 07, 07 | 08, 08 | 09, 09 | 10, 10 | 11, 11 | 12, 12 | 13, 13 | 14, 14 | 15, 15 | 16, 16 | 17, 17 | 18, 18 | 19, 19 | 20, 20 | 21, 21 | 22, 22 | 23, 23 | 24, 24 | 25, 25 | 26, 26 | 27, 27 | 28, 28 | 29, 29 | 30, 30 | 31, 31",,,,,,,,,,,,
adj4_ed_m,treatment_adjuvant,,dropdown,"Adjuvant Medication 4 End Date (Month)","XX, Unknown | 01, 01 | 02, 02 | 03, 03 | 04, 04 | 05, 05 | 06, 06 | 07, 07 | 08, 08 | 09, 09 | 10, 10 | 11, 11 | 12, 12",,,,,,,,,,,,
adj4_ed_y,treatment_adjuvant,,dropdown,"Adjuvant Medication 4 End Date (Year)","XXXX, Unknown | 2026, 2026 | 2025, 2025 | 2024, 2024 | 2023, 2023 | 2022, 2022 | 2021, 2021 | 2020, 2020 | 2019, 2019 | 2018, 2018 | 2017, 2017 | 2016, 2016 | 2015, 2015 | 2014, 2014 | 2013, 2013 | 2012, 2012 | 2011, 2011 | 2010, 2010 | 2009, 2009 | 2008, 2008 | 2007, 2007 | 2006, 2006 | 2005, 2005 | 2004, 2004 | 2003, 2003 | 2002, 2002 | 2001, 2001 | 2000, 2000 | 1999, 1999 | 1998, 1998 | 1997, 1997 | 1996, 1996 | 1995, 1995 | 1994, 1994 | 1993, 1993 | 1992, 1992 | 1991, 1991 | 1990, 1990",,,,,,,,,,,,
med5_therapy,treatment_adjuvant,,text,"Adjuvant Medication 5",,,,,,,,,,,,,
adj5_sd_d,treatment_adjuvant,,dropdown,"Adjuvant Medication 5 Start Date (Day)","XX, Unknown | 01, 01 | 02, 02 | 03, 03 | 04, 04 | 05, 05 | 06, 06 | 07, 07 | 08, 08 | 09, 09 | 10, 10 | 11, 11 | 12, 12 | 13, 13 | 14, 14 | 15, 15 | 16, 16 | 17, 17 | 18, 18 | 19, 19 | 20, 20 | 21, 21 | 22, 22 | 23, 23 | 24, 24 | 25, 25 | 26, 26 | 27, 27 | 28, 28 | 29, 29 | 30, 30 | 31, 31",,,,,,,,,,,,
adj5_sd_m,treatment_adjuvant,,dropdown,"Adjuvant Medication 5 Start Date (Month)","XX, Unknown | 01, 01 | 02, 02 | 03, 03 | 04, 04 | 05, 05 | 06, 06 | 07, 07 | 08, 08 | 09, 09 | 10, 10 | 11, 11 | 12, 12",,,,,,,,,,,,
adj5_sd_y,treatment_adjuvant,,dropdown,"Adjuvant Medication 5 Start Date (Year)","XXXX, Unknown | 2026, 2026 | 2025, 2025 | 2024, 2024 | 2023, 2023 | 2022, 2022 | 2021, 2021 | 2020, 2020 | 2019, 2019 | 2018, 2018 | 2017, 2017 | 2016, 2016 | 2015, 2015 | 2014, 2014 | 2013, 2013 | 2012, 2012 | 2011, 2011 | 2010, 2010 | 2009, 2009 | 2008, 2008 | 2007, 2007 | 2006, 2006 | 2005, 2005 | 2004, 2004 | 2003, 2003 | 2002, 2002 | 2001, 2001 | 2000, 2000 | 1999, 1999 | 1998, 1998 | 1997, 1997 | 1996, 1996 | 1995, 1995 | 1994, 1994 | 1993, 1993 | 1992, 1992 | 1991, 1991 | 1990, 1990",,,,,,,,,,,,
adj5_ed_d,treatment_adjuvant,,dropdown,"Adjuvant Medication 5 End Date (Day)","XX, Unknown | 01, 01 | 02, 02 | 03, 03 | 04, 04 | 05, 05 | 06, 06 | 07, 07 | 08, 08 | 09, 09 | 10, 10 | 11, 11 | 12, 12 | 13, 13 | 14, 14 | 15, 15 | 16, 16 | 17, 17 | 18, 18 | 19, 19 | 20, 20 | 21, 21 | 22, 22 | 23, 23 | 24, 24 | 25, 25 | 26, 26 | 27, 27 | 28, 28 | 29, 29 | 30, 30 | 31, 31",,,,,,,,,,,,
adj5_ed_m,treatment_adjuvant,,dropdown,"Adjuvant Medication 5 End Date (Month)","XX, Unknown | 01, 01 | 02, 02 | 03, 03 | 04, 04 | 05, 05 | 06, 06 | 07, 07 | 08, 08 | 09, 09 | 10, 10 | 11, 11 | 12, 12",,,,,,,,,,,,
adj5_ed_y,treatment_adjuvant,,dropdown,"Adjuvant Medication 5 End Date (Year)","XXXX, Unknown | 2026, 2026 | 2025, 2025 | 2024, 2024 | 2023, 2023 | 2022, 2022 | 2021, 2021 | 2020, 2020 | 2019, 2019 | 2018, 2018 | 2017, 2017 | 2016, 2016 | 2015, 2015 | 2014, 2014 | 2013, 2013 | 2012, 2012 | 2011, 2011 | 2010, 2010 | 2009, 2009 | 2008, 2008 | 2007, 2007 | 2006, 2006 | 2005, 2005 | 2004, 2004 | 2003, 2003 | 2002, 2002 | 2001, 2001 | 2000, 2000 | 1999, 1999 | 1998, 1998 | 1997, 1997 | 1996, 1996 | 1995, 1995 | 1994, 1994 | 1993, 1993 | 1992, 1992 | 1991, 1991 | 1990, 1990",,,,,,,,,,,,
med6_therapy,treatment_adjuvant,,text,"Adjuvant Medication 6",,,,,,,,,,,,,
adj6_sd_d,treatment_adjuvant,,dropdown,"Adjuvant Medication 6 Start Date (Day)","XX, Unknown | 01, 01 | 02, 02 | 03, 03 | 04, 04 | 05, 05 | 06, 06 | 07, 07 | 08, 08 | 09, 09 | 10, 10 | 11, 11 | 12, 12 | 13, 13 | 14, 14 | 15, 15 | 16, 16 | 17, 17 | 18, 18 | 19, 19 | 20, 20 | 21, 21 | 22, 22 | 23, 23 | 24, 24 | 25, 25 | 26, 26 | 27, 27 | 28, 28 | 29, 29 | 30, 30 | 31, 31",,,,,,,,,,,,
adj6_sd_m,treatment_adjuvant,,dropdown,"Adjuvant Medication 6 Start Date (Month)","XX, Unknown | 01, 01 | 02, 02 | 03, 03 | 04, 04 | 05, 05 | 06, 06 | 07, 07 | 08, 08 | 09, 09 | 10, 10 | 11, 11 | 12, 12",,,,,,,,,,,,
adj6_sd_y,treatment_adjuvant,,dropdown,"Adjuvant Medication 6 Start Date (Year)","XXXX, Unknown | 2026, 2026 | 2025, 2025 | 2024, 2024 | 2023, 2023 | 2022, 2022 | 2021, 2021 | 2020, 2020 | 2019, 2019 | 2018, 2018 | 2017, 2017 | 2016, 2016 | 2015, 2015 | 2014, 2014 | 2013, 2013 | 2012, 2012 | 2011, 2011 | 2010, 2010 | 2009, 2009 | 2008, 2008 | 2007, 2007 | 2006, 2006 | 2005, 2005 | 2004, 2004 | 2003, 2003 | 2002, 2002 | 2001, 2001 | 2000, 2000 | 1999, 1999 | 1998, 1998 | 1997, 1997 | 1996, 1996 | 1995, 1995 | 1994, 1994 | 1993, 1993 | 1992, 1992 | 1991, 1991 | 1990, 1990",,,,,,,,,,,,
adj6_ed_d,treatment_adjuvant,,dropdown,"Adjuvant Medication 6 End Date (Day)","XX, Unknown | 01, 01 | 02, 02 | 03, 03 | 04, 04 | 05, 05 | 06, 06 | 07, 07 | 08, 08 | 09, 09 | 10, 10 | 11, 11 | 12, 12 | 13, 13 | 14, 14 | 15, 15 | 16, 16 | 17, 17 | 18, 18 | 19, 19 | 20, 20 | 21, 21 | 22, 22 | 23, 23 | 24, 24 | 25, 25 | 26, 26 | 27, 27 | 28, 28 | 29, 29 | 30, 30 | 31, 31",,,,,,,,,,,,
adj6_ed_m,treatment_adjuvant,,dropdown,"Adjuvant Medication 6 End Date (Month)","XX, Unknown | 01, 01 | 02, 02 | 03, 03 | 04, 04 | 05, 05 | 06, 06 | 07, 07 | 08, 08 | 09, 09 | 10, 10 | 11, 11 | 12, 12",,,,,,,,,,,,
adj6_ed_y,treatment_adjuvant,,dropdown,"Adjuvant Medication 6 End Date (Year)","XXXX, Unknown | 2026, 2026 | 2025, 2025 | 2024, 2024 | 2023, 2023 | 2022, 2022 | 2021, 2021 | 2020, 2020 | 2019, 2019 | 2018, 2018 | 2017, 2017 | 2016, 2016 | 2015, 2015 | 2014, 2014 | 2013, 2013 | 2012, 2012 | 2011, 2011 | 2010, 2010 | 2009, 2009 | 2008, 2008 | 2007, 2007 | 2006, 2006 | 2005, 2005 | 2004, 2004 | 2003, 2003 | 2002, 2002 | 2001, 2001 | 2000, 2000 | 1999, 1999 | 1998, 1998 | 1997, 1997 | 1996, 1996 | 1995, 1995 | 1994, 1994 | 1993, 1993 | 1992, 1992 | 1991, 1991 | 1990, 1990",,,,,,,,,,,,
adj1_sd,treatment_adjuvant,,text,"Adjuvant Medication 1 Start Date",,,,,,,,,,,,," @CALCTEXT(concat(if(isblankormissingcode([adj1_sd_m]),'00',[adj1_sd_m]), ""/"", if(isblankormissingcode([adj1_sd_d]),'00',[adj1_sd_d]), ""/"", if(isblankormissingcode([adj1_sd_y]),'0000',[adj1_sd_y]))) AND @HIDDEN"
adj1_ed,treatment_adjuvant,,text,"Adjuvant Medication 1 End Date",,,,,,,,,,,,," @CALCTEXT(concat(if(isblankormissingcode([adj1_ed_m]),'00',[adj1_ed_m]), ""/"", if(isblankormissingcode([adj1_ed_d]),'00',[adj1_ed_d]), ""/"", if(isblankormissingcode([adj1_ed_y]),'0000',[adj1_ed_y]))) AND @HIDDEN"
adj2_ed,treatment_adjuvant,,text,"Adjuvant Medication 2 End Date",,,,,,,,,,,,," @CALCTEXT(concat(if(isblankormissingcode([adj2_ed_m]),'00',[adj2_ed_m]), ""/"", if(isblankormissingcode([adj2_ed_d]),'00',[adj2_ed_d]), ""/"", if(isblankormissingcode([adj2_ed_y]),'0000',[adj2_ed_y]))) AND @HIDDEN"
adj2_sd,treatment_adjuvant,,text,"Adjuvant Medication 2 Start Date",,,,,,,,,,,,," @CALCTEXT(concat(if(isblankormissingcode([adj2_sd_m]),'00',[adj2_sd_m]), ""/"", if(isblankormissingcode([adj2_sd_d]),'00',[adj2_sd_d]), ""/"", if(isblankormissingcode([adj2_sd_y]),'0000',[adj2_sd_y]))) AND @HIDDEN"
adj3_sd,treatment_adjuvant,,text,"Adjuvant Medication 3 Start Date",,,,,,,,,,,,," @CALCTEXT(concat(if(isblankormissingcode([adj3_sd_m]),'00',[adj3_sd_m]), ""/"", if(isblankormissingcode([adj3_sd_d]),'00',[adj3_sd_d]), ""/"", if(isblankormissingcode([adj3_sd_y]),'0000',[adj3_sd_y]))) AND @HIDDEN"
adj3_ed,treatment_adjuvant,,text,"Adjuvant Medication 3 End Date",,,,,,,,,,,,," @CALCTEXT(concat(if(isblankormissingcode([adj3_ed_m]),'00',[adj3_ed_m]), ""/"", if(isblankormissingcode([adj3_ed_d]),'00',[adj3_ed_d]), ""/"", if(isblankormissingcode([adj3_ed_y]),'0000',[adj3_ed_y]))) AND @HIDDEN"
adj4_sd,treatment_adjuvant,,text,"Adjuvant Medication 4 Start Date",,,,,,,,,,,,," @CALCTEXT(concat(if(isblankormissingcode([adj4_sd_m]),'00',[adj4_sd_m]), ""/"", if(isblankormissingcode([adj4_sd_d]),'00',[adj4_sd_d]), ""/"", if(isblankormissingcode([adj4_sd_y]),'0000',[adj4_sd_y]))) AND @HIDDEN"
adj4_ed,treatment_adjuvant,,text,"Adjuvant Medication 4 End Date",,,,,,,,,,,,," @CALCTEXT(concat(if(isblankormissingcode([adj4_ed_m]),'00',[adj4_ed_m]), ""/"", if(isblankormissingcode([adj4_ed_d]),'00',[adj4_ed_d]), ""/"", if(isblankormissingcode([adj4_ed_y]),'0000',[adj4_ed_y]))) AND @HIDDEN"
adj5_sd,treatment_adjuvant,,text,"Adjuvant Medication 5 Start Date",,,,,,,,,,,,," @CALCTEXT(concat(if(isblankormissingcode([adj5_sd_m]),'00',[adj5_sd_m]), ""/"", if(isblankormissingcode([adj5_sd_d]),'00',[adj5_sd_d]), ""/"", if(isblankormissingcode([adj5_sd_y]),'0000',[adj5_sd_y]))) AND @HIDDEN"
adj5_ed,treatment_adjuvant,,text,"Adjuvant Medication 5 End Date",,,,,,,,,,,,," @CALCTEXT(concat(if(isblankormissingcode([adj5_ed_m]),'00',[adj5_ed_m]), ""/"", if(isblankormissingcode([adj5_ed_d]),'00',[adj5_ed_d]), ""/"", if(isblankormissingcode([adj5_ed_y]),'0000',[adj5_ed_y]))) AND @HIDDEN"
adj6_sd,treatment_adjuvant,,text,"Adjuvant Medication 6 Start Date",,,,,,,,,,,,," @CALCTEXT(concat(if(isblankormissingcode([adj6_sd_m]),'00',[adj6_sd_m]), ""/"", if(isblankormissingcode([adj6_sd_d]),'00',[adj6_sd_d]), ""/"", if(isblankormissingcode([adj6_sd_y]),'0000',[adj6_sd_y]))) AND @HIDDEN"
adj6_ed,treatment_adjuvant,,text,"Adjuvant Medication 6 End Date",,,,,,,,,,,,," @CALCTEXT(concat(if(isblankormissingcode([adj6_ed_m]),'00',[adj6_ed_m]), ""/"", if(isblankormissingcode([adj6_ed_d]),'00',[adj6_ed_d]), ""/"", if(isblankormissingcode([adj6_ed_y]),'0000',[adj6_ed_y]))) AND @HIDDEN"
medication_intent,treatment_adjuvant,,radio,"Adjuvant Medication/Regimen Intent","0, Curative | 1, Palliative",,,,,,[systemic_yn]=1,,,,,,
med_discontinue,treatment_adjuvant,,radio,"Was the adjuvant medication/regimen discontinued? ","1, Yes | 0, No | 99, Unknown",,,,,,[systemic_yn]=1,,,,,,
med_discontinue_reason,treatment_adjuvant,,checkbox,"Adjuvant Medication/Regimen Discontinuation Reason","0, Completion of Planned Therapy/Maximal Response | 1, Toxicity | 2, Patient Preference | 3, Not Effective/Progression of Disease | 4, Transitioned to Supportive Care/ Patient Expired | 5, Lost to Follow-Up | 98, Other | 99, Unknown","A code explaining unplanned or premature termination of the adjuvant medication or regimen",,,,,"[systemic_yn]=1 AND [med_discontinue]=1",,,,,,
med_toxicity,treatment_adjuvant,,text,"If the adjuvant medication/regimen was discontinued due to toxicity, please explain why (list side effect, condition, symptom, etc.)?",,"Expain the type of toxicity that led to medication discontinuation",,,,,"[systemic_yn]=1 AND [med_discontinue]=1 AND [med_discontinue_reason(1)]=1",,,,,,
date_cur_treat_adj,treatment_adjuvant,,text,"Date Last Curated (Treatment Adjuvant)",,"Date of curation in the form MMDDYYYY, hyphens will be autocompleted",date_mdy,,,,,,,,,," @HIDDEN-SURVEY"
cur_by_treat_adj,treatment_adjuvant,,text,"Curated By (Treatment Adjuvant)",,"Please enter your full name",,,,,,,,,,," @HIDDEN-SURVEY"
met_yn,treatment_metastatic,,yesno,"Did the patient ever receive systemic therapy for metastatic disease?",,,,,,,,,,,,,
met_locally_advanced_yn,treatment_metastatic,,yesno,"Did the patient ever receive systemic therapy for locally advanced disease?",,,,,,,,,,,,," @DEFAULT=""0"", @HIDDEN-SURVEY"
isa_second_primary_metast,treatment_metastatic,,yesno,"Is this a metastatic therapy for a second primary cancer?",,"The default value is set to ""NO"" when a new instance is created. There is no default vaule for some of the old cases",,,,,[met_yn]=1,,,,,," @DEFAULT=""0"", @HIDDEN-SURVEY"
isa_third_primary_metast,treatment_metastatic,,yesno,"Is this a metastatic therapy for a third primary cancer?",,"The default value is set to ""NO"" when a new instance is created. There is no default vaule for some of the old cases",,,,,[met_yn]=1,,,,,," @DEFAULT=""0"", @HIDDEN-SURVEY"
med_met_ther_trial_yn,treatment_metastatic,,yesno,"Was the metastatic medication/regimen given in a clinical trial?",,,,,,,[met_yn]=1,,,,,," @HIDDEN-SURVEY"
med_met_ther_mtb_rec,treatment_metastatic,,yesno,"Was the metastatic medication/regimen given based on the MTB Recommendation?  ",,,,,,,[met_yn]=1,,,,,," @HIDDEN-SURVEY"
med_met_ther_off_lab_yn,treatment_metastatic,,yesno,"Was the metastatic medication/regimen given off-label for compassionate use?",,,,,,,[met_yn]=1,,,,,," @HIDDEN-SURVEY"
regimen_metastatic,treatment_metastatic,,descriptive,"<div class=""rich-text-field-label""><h3>Metastatic Regimen</h3> <p> </p> <table style=""border-collapse: collapse; width: 100.073%; border-style: none; height: 198.667px;"" border=""0""> <tbody> <tr style=""height: 18.3333px;""> <td style=""width: 20.4955%; height: 18.3333px;""> </td> <td style=""width: 37.5271%; text-align: center; height: 18.3333px;"" colspan=""3"">START DATE</td> <td style=""text-align: center; width: 2.02069%; height: 18.3333px;""> </td> <td style=""text-align: center; width: 2.02069%; height: 18.3333px;""> </td> <td style=""width: 37.9601%; text-align: center; height: 18.3333px;"" colspan=""3"">END DATE</td> </tr> <tr style=""height: 20.6px;""> <td style=""width: 20.4955%; height: 40.6px;""> <p> </p> <p>Medication 1</p> <p>{met1_therapy}</p> </td> <td style=""width: 12.9901%; height: 40.6px;""> <p style=""text-align: center;"">Month</p> <p>{met1_sd_m}</p> </td> <td style=""width: 12.2685%; height: 40.6px;""> <p style=""text-align: center;"">Day</p> <p>{met1_sd_d}</p> </td> <td style=""width: 12.2685%; height: 40.6px;""> <p style=""text-align: center;"">Year</p> <p>{met1_sd_y}</p> </td> <td style=""width: 2.02069%; height: 40.6px;""> <p style=""text-align: center;""> </p> </td> <td style=""width: 2.02069%; height: 40.6px;""> <p style=""text-align: center;""> </p> </td> <td style=""width: 13.1345%; height: 40.6px;""> <p style=""text-align: center;"">Month</p> <p>{met1_ed_m}</p> </td> <td style=""width: 12.5571%; height: 40.6px;""> <p style=""text-align: center;"">Day</p> <p>{met1_ed_d}</p> </td> <td style=""width: 12.2685%; height: 40.6px;""> <p style=""text-align: center;"">Year</p> <p>{met1_ed_y}</p> </td> </tr> <tr style=""height: 66.4px;""> <td style=""width: 20.4955%; height: 66.4px;""> <p>Medication 2</p> <p>{met2_therapy}</p> </td> <td style=""width: 12.9901%; height: 66.4px;"">{met2_sd_m}</td> <td style=""width: 12.2685%; height: 66.4px;"">{met2_sd_d}</td> <td style=""width: 12.2685%; height: 66.4px;"">{met2_sd_y}</td> <td style=""width: 2.02069%; height: 66.4px;""> </td> <td style=""width: 2.02069%; height: 66.4px;""> </td> <td style=""width: 13.1345%; height: 66.4px;"">{met2_ed_m}</td> <td style=""width: 12.5571%; height: 66.4px;"">{met2_ed_d}</td> <td style=""width: 12.2685%; height: 66.4px;"">{met2_ed_y}</td> </tr> <tr style=""height: 18.3333px;""> <td style=""width: 20.4955%; height: 66.4px;""> <p>Medication 3</p> <p>{met3_therapy}</p> </td> <td style=""width: 12.9901%; height: 66.4px;"">{met3_sd_m}</td> <td style=""width: 12.2685%; height: 66.4px;"">{met3_sd_d}</td> <td style=""width: 12.2685%; height: 66.4px;"">{met3_sd_y}</td> <td style=""width: 2.02069%; height: 66.4px;""> </td> <td style=""width: 2.02069%; height: 66.4px;""> </td> <td style=""width: 13.1345%; height: 66.4px;"">{met3_ed_m}</td> <td style=""width: 12.5571%; height: 66.4px;"">{met3_ed_d}</td> <td style=""width: 12.2685%; height: 66.4px;"">{met3_ed_y}</td> </tr> <tr style=""height: 18.3333px;""> <td style=""width: 20.4955%; height: 66.4px;""> <p>Medication 4</p> <p>{met4_therapy}</p> </td> <td style=""width: 12.9901%; height: 66.4px;"">{met4_sd_m}</td> <td style=""width: 12.2685%; height: 66.4px;"">{met4_sd_d}</td> <td style=""width: 12.2685%; height: 66.4px;"">{met4_sd_y}</td> <td style=""width: 2.02069%; height: 66.4px;""> </td> <td style=""width: 2.02069%; height: 66.4px;""> </td> <td style=""width: 13.1345%; height: 66.4px;"">{met4_ed_m}</td> <td style=""width: 12.5571%; height: 66.4px;"">{met4_ed_d}</td> <td style=""width: 12.2685%; height: 66.4px;"">{met4_ed_y}</td> </tr> <tr style=""height: 18.3333px;""> <td style=""width: 20.4955%; height: 66.4px;""> <p>Medication 5</p> <p>{met5_therapy}</p> </td> <td style=""width: 12.9901%; height: 66.4px;"">{met5_sd_m}</td> <td style=""width: 12.2685%; height: 66.4px;"">{met5_sd_d}</td> <td style=""width: 12.2685%; height: 66.4px;"">{met5_sd_y}</td> <td style=""width: 2.02069%; height: 66.4px;""> </td> <td style=""width: 2.02069%; height: 66.4px;""> </td> <td style=""width: 13.1345%; height: 66.4px;"">{met5_ed_m}</td> <td style=""width: 12.5571%; height: 66.4px;"">{met5_ed_d}</td> <td style=""width: 12.2685%; height: 66.4px;"">{met5_ed_y}</td> </tr> <tr style=""height: 18.3333px;""> <td style=""width: 20.4955%; height: 66.4px;""> <p>Medication 6</p> <p>{met6_therapy}</p> </td> <td style=""width: 12.9901%; height: 66.4px;"">{met6_sd_m}</td> <td style=""width: 12.2685%; height: 66.4px;"">{met6_sd_d}</td> <td style=""width: 12.2685%; height: 66.4px;"">{met6_sd_y}</td> <td style=""width: 2.02069%; height: 66.4px;""> </td> <td style=""width: 2.02069%; height: 66.4px;""> </td> <td style=""width: 13.1345%; height: 66.4px;"">{met6_ed_m}</td> <td style=""width: 12.5571%; height: 66.4px;"">{met6_ed_d}</td> <td style=""width: 12.2685%; height: 66.4px;"">{met6_ed_y}</td> </tr> </tbody> </table> <p><em><span style=""font-weight: normal;"">*One line per medication</span></em></p> <p><span style=""font-weight: normal;""><em>Medication 1-4 fields have to be completed using one of the RxNorm-coded drugs autopopulating after typing in the first few letters. If no code matches the actual drug name please use the Medication 5-6 fields that allow for free-text entry. If a regimen contains >4 entries please try to use an RxNorm-coded drug in Medication 5 and/or 6 as well, if possible, using any of the other 4 fields to identify and copy/paste that code.</em></span></p></div>",,,,,,,[met_yn]=1,,,,,,
met1_therapy,treatment_metastatic,,text,"Metastatic Medication 1",BIOPORTAL:RXNORM,,,,,,,,,,,,
met1_sd_m,treatment_metastatic,,dropdown,"Metastatic Medication 1 Start Date (Month)","XX, Unknown | 01, 01 | 02, 02 | 03, 03 | 04, 04 | 05, 05 | 06, 06 | 07, 07 | 08, 08 | 09, 09 | 10, 10 | 11, 11 | 12, 12",,,,,,,,,,,,
met1_sd_d,treatment_metastatic,,dropdown,"Metastatic Medication 1 Start Date (Day)","XX, Unknown | 01, 01 | 02, 02 | 03, 03 | 04, 04 | 05, 05 | 06, 06 | 07, 07 | 08, 08 | 09, 09 | 10, 10 | 11, 11 | 12, 12 | 13, 13 | 14, 14 | 15, 15 | 16, 16 | 17, 17 | 18, 18 | 19, 19 | 20, 20 | 21, 21 | 22, 22 | 23, 23 | 24, 24 | 25, 25 | 26, 26 | 27, 27 | 28, 28 | 29, 29 | 30, 30 | 31, 31",,,,,,,,,,,,
met1_sd_y,treatment_metastatic,,dropdown,"Metastatic Medication 1 Start Date (Year)","XXXX, Unknown | 2026, 2026 | 2025, 2025 | 2024, 2024 | 2023, 2023 | 2022, 2022 | 2021, 2021 | 2020, 2020 | 2019, 2019 | 2018, 2018 | 2017, 2017 | 2016, 2016 | 2015, 2015 | 2014, 2014 | 2013, 2013 | 2012, 2012 | 2011, 2011 | 2010, 2010 | 2009, 2009 | 2008, 2008 | 2007, 2007 | 2006, 2006 | 2005, 2005 | 2004, 2004 | 2003, 2003 | 2002, 2002 | 2001, 2001 | 2000, 2000 | 1999, 1999 | 1998, 1998 | 1997, 1997 | 1996, 1996 | 1995, 1995 | 1994, 1994 | 1993, 1993 | 1992, 1992 | 1991, 1991 | 1990, 1990",,,,,,,,,,,,
met1_ed_d,treatment_metastatic,,dropdown,"Metastatic Medication 1 End Date (Day)","XX, Unknown | 01, 01 | 02, 02 | 03, 03 | 04, 04 | 05, 05 | 06, 06 | 07, 07 | 08, 08 | 09, 09 | 10, 10 | 11, 11 | 12, 12 | 13, 13 | 14, 14 | 15, 15 | 16, 16 | 17, 17 | 18, 18 | 19, 19 | 20, 20 | 21, 21 | 22, 22 | 23, 23 | 24, 24 | 25, 25 | 26, 26 | 27, 27 | 28, 28 | 29, 29 | 30, 30 | 31, 31",,,,,,,,,,,,
met1_ed_m,treatment_metastatic,,dropdown,"Metastatic Medication 1 End Date (Month)","XX, Unknown | 01, 01 | 02, 02 | 03, 03 | 04, 04 | 05, 05 | 06, 06 | 07, 07 | 08, 08 | 09, 09 | 10, 10 | 11, 11 | 12, 12",,,,,,,,,,,,
met1_ed_y,treatment_metastatic,,dropdown,"Metastatic Medication 1 End Date (Year)","XXXX, Unknown | 2026, 2026 | 2025, 2025 | 2024, 2024 | 2023, 2023 | 2022, 2022 | 2021, 2021 | 2020, 2020 | 2019, 2019 | 2018, 2018 | 2017, 2017 | 2016, 2016 | 2015, 2015 | 2014, 2014 | 2013, 2013 | 2012, 2012 | 2011, 2011 | 2010, 2010 | 2009, 2009 | 2008, 2008 | 2007, 2007 | 2006, 2006 | 2005, 2005 | 2004, 2004 | 2003, 2003 | 2002, 2002 | 2001, 2001 | 2000, 2000 | 1999, 1999 | 1998, 1998 | 1997, 1997 | 1996, 1996 | 1995, 1995 | 1994, 1994 | 1993, 1993 | 1992, 1992 | 1991, 1991 | 1990, 1990",,,,,,,,,,,,
met2_therapy,treatment_metastatic,,text,"Metastatic Medication 2",BIOPORTAL:RXNORM,,,,,,,,,,,,
met2_sd_d,treatment_metastatic,,dropdown,"Metastatic Medication 2 Start Date (Day)","XX, Unknown | 01, 01 | 02, 02 | 03, 03 | 04, 04 | 05, 05 | 06, 06 | 07, 07 | 08, 08 | 09, 09 | 10, 10 | 11, 11 | 12, 12 | 13, 13 | 14, 14 | 15, 15 | 16, 16 | 17, 17 | 18, 18 | 19, 19 | 20, 20 | 21, 21 | 22, 22 | 23, 23 | 24, 24 | 25, 25 | 26, 26 | 27, 27 | 28, 28 | 29, 29 | 30, 30 | 31, 31",,,,,,,,,,,,
met2_sd_m,treatment_metastatic,,dropdown,"Metastatic Medication 2 Start Date (Month)","XX, Unknown | 01, 01 | 02, 02 | 03, 03 | 04, 04 | 05, 05 | 06, 06 | 07, 07 | 08, 08 | 09, 09 | 10, 10 | 11, 11 | 12, 12",,,,,,,,,,,,
met2_sd_y,treatment_metastatic,,dropdown,"Metastatic Medication 2 Start Date (Year)","XXXX, Unknown | 2026, 2026 | 2025, 2025 | 2024, 2024 | 2023, 2023 | 2022, 2022 | 2021, 2021 | 2020, 2020 | 2019, 2019 | 2018, 2018 | 2017, 2017 | 2016, 2016 | 2015, 2015 | 2014, 2014 | 2013, 2013 | 2012, 2012 | 2011, 2011 | 2010, 2010 | 2009, 2009 | 2008, 2008 | 2007, 2007 | 2006, 2006 | 2005, 2005 | 2004, 2004 | 2003, 2003 | 2002, 2002 | 2001, 2001 | 2000, 2000 | 1999, 1999 | 1998, 1998 | 1997, 1997 | 1996, 1996 | 1995, 1995 | 1994, 1994 | 1993, 1993 | 1992, 1992 | 1991, 1991 | 1990, 1990",,,,,,,,,,,,
met2_ed_d,treatment_metastatic,,dropdown,"Metastatic Medication 2 End Date (Day)","XX, Unknown | 01, 01 | 02, 02 | 03, 03 | 04, 04 | 05, 05 | 06, 06 | 07, 07 | 08, 08 | 09, 09 | 10, 10 | 11, 11 | 12, 12 | 13, 13 | 14, 14 | 15, 15 | 16, 16 | 17, 17 | 18, 18 | 19, 19 | 20, 20 | 21, 21 | 22, 22 | 23, 23 | 24, 24 | 25, 25 | 26, 26 | 27, 27 | 28, 28 | 29, 29 | 30, 30 | 31, 31",,,,,,,,,,,,
met2_ed_m,treatment_metastatic,,dropdown,"Metastatic Medication 2 End Date (Month)","XX, Unknown | 01, 01 | 02, 02 | 03, 03 | 04, 04 | 05, 05 | 06, 06 | 07, 07 | 08, 08 | 09, 09 | 10, 10 | 11, 11 | 12, 12",,,,,,,,,,,,
met2_ed_y,treatment_metastatic,,dropdown,"Metastatic Medication 2 End Date (Year)","XXXX, Unknown | 2026, 2026 | 2025, 2025 | 2024, 2024 | 2023, 2023 | 2022, 2022 | 2021, 2021 | 2020, 2020 | 2019, 2019 | 2018, 2018 | 2017, 2017 | 2016, 2016 | 2015, 2015 | 2014, 2014 | 2013, 2013 | 2012, 2012 | 2011, 2011 | 2010, 2010 | 2009, 2009 | 2008, 2008 | 2007, 2007 | 2006, 2006 | 2005, 2005 | 2004, 2004 | 2003, 2003 | 2002, 2002 | 2001, 2001 | 2000, 2000 | 1999, 1999 | 1998, 1998 | 1997, 1997 | 1996, 1996 | 1995, 1995 | 1994, 1994 | 1993, 1993 | 1992, 1992 | 1991, 1991 | 1990, 1990",,,,,,,,,,,,
met3_therapy,treatment_metastatic,,text,"Metastatic Medication 3",BIOPORTAL:RXNORM,,,,,,,,,,,,
met3_sd_d,treatment_metastatic,,dropdown,"Metastatic Medication 3 Start Date (Day)","XX, Unknown | 01, 01 | 02, 02 | 03, 03 | 04, 04 | 05, 05 | 06, 06 | 07, 07 | 08, 08 | 09, 09 | 10, 10 | 11, 11 | 12, 12 | 13, 13 | 14, 14 | 15, 15 | 16, 16 | 17, 17 | 18, 18 | 19, 19 | 20, 20 | 21, 21 | 22, 22 | 23, 23 | 24, 24 | 25, 25 | 26, 26 | 27, 27 | 28, 28 | 29, 29 | 30, 30 | 31, 31",,,,,,,,,,,,
met3_sd_m,treatment_metastatic,,dropdown,"Metastatic Medication 3 Start Date (Month)","XX, Unknown | 01, 01 | 02, 02 | 03, 03 | 04, 04 | 05, 05 | 06, 06 | 07, 07 | 08, 08 | 09, 09 | 10, 10 | 11, 11 | 12, 12",,,,,,,,,,,,
met3_sd_y,treatment_metastatic,,dropdown,"Metastatic Medication 3 Start Date (Year)","XXXX, Unknown | 2026, 2026 | 2025, 2025 | 2024, 2024 | 2023, 2023 | 2022, 2022 | 2021, 2021 | 2020, 2020 | 2019, 2019 | 2018, 2018 | 2017, 2017 | 2016, 2016 | 2015, 2015 | 2014, 2014 | 2013, 2013 | 2012, 2012 | 2011, 2011 | 2010, 2010 | 2009, 2009 | 2008, 2008 | 2007, 2007 | 2006, 2006 | 2005, 2005 | 2004, 2004 | 2003, 2003 | 2002, 2002 | 2001, 2001 | 2000, 2000 | 1999, 1999 | 1998, 1998 | 1997, 1997 | 1996, 1996 | 1995, 1995 | 1994, 1994 | 1993, 1993 | 1992, 1992 | 1991, 1991 | 1990, 1990",,,,,,,,,,,,
met3_ed_d,treatment_metastatic,,dropdown,"Metastatic Medication 3 End Date (Day)","XX, Unknown | 01, 01 | 02, 02 | 03, 03 | 04, 04 | 05, 05 | 06, 06 | 07, 07 | 08, 08 | 09, 09 | 10, 10 | 11, 11 | 12, 12 | 13, 13 | 14, 14 | 15, 15 | 16, 16 | 17, 17 | 18, 18 | 19, 19 | 20, 20 | 21, 21 | 22, 22 | 23, 23 | 24, 24 | 25, 25 | 26, 26 | 27, 27 | 28, 28 | 29, 29 | 30, 30 | 31, 31",,,,,,,,,,,,
met3_ed_m,treatment_metastatic,,dropdown,"Metastatic Medication 3 End Date (Month)","XX, Unknown | 01, 01 | 02, 02 | 03, 03 | 04, 04 | 05, 05 | 06, 06 | 07, 07 | 08, 08 | 09, 09 | 10, 10 | 11, 11 | 12, 12",,,,,,,,,,,,
met3_ed_y,treatment_metastatic,,dropdown,"Metastatic Medication 3 End Date (Year)","XXXX, Unknown | 2026, 2026 | 2025, 2025 | 2024, 2024 | 2023, 2023 | 2022, 2022 | 2021, 2021 | 2020, 2020 | 2019, 2019 | 2018, 2018 | 2017, 2017 | 2016, 2016 | 2015, 2015 | 2014, 2014 | 2013, 2013 | 2012, 2012 | 2011, 2011 | 2010, 2010 | 2009, 2009 | 2008, 2008 | 2007, 2007 | 2006, 2006 | 2005, 2005 | 2004, 2004 | 2003, 2003 | 2002, 2002 | 2001, 2001 | 2000, 2000 | 1999, 1999 | 1998, 1998 | 1997, 1997 | 1996, 1996 | 1995, 1995 | 1994, 1994 | 1993, 1993 | 1992, 1992 | 1991, 1991 | 1990, 1990",,,,,,,,,,,,
met4_therapy,treatment_metastatic,,text,"Metastatic Medication 4",BIOPORTAL:RXNORM,,,,,,,,,,,,
met4_sd_d,treatment_metastatic,,dropdown,"Metastatic Medication 4 Start Date (Day)","XX, Unknown | 01, 01 | 02, 02 | 03, 03 | 04, 04 | 05, 05 | 06, 06 | 07, 07 | 08, 08 | 09, 09 | 10, 10 | 11, 11 | 12, 12 | 13, 13 | 14, 14 | 15, 15 | 16, 16 | 17, 17 | 18, 18 | 19, 19 | 20, 20 | 21, 21 | 22, 22 | 23, 23 | 24, 24 | 25, 25 | 26, 26 | 27, 27 | 28, 28 | 29, 29 | 30, 30 | 31, 31",,,,,,,,,,,,
met4_sd_m,treatment_metastatic,,dropdown,"Metastatic Medication 4 Start Date (Month)","XX, Unknown | 01, 01 | 02, 02 | 03, 03 | 04, 04 | 05, 05 | 06, 06 | 07, 07 | 08, 08 | 09, 09 | 10, 10 | 11, 11 | 12, 12",,,,,,,,,,,,
met4_sd_y,treatment_metastatic,,dropdown,"Metastatic Medication 4 Start Date (Year)","XXXX, Unknown | 2026, 2026 | 2025, 2025 | 2024, 2024 | 2023, 2023 | 2022, 2022 | 2021, 2021 | 2020, 2020 | 2019, 2019 | 2018, 2018 | 2017, 2017 | 2016, 2016 | 2015, 2015 | 2014, 2014 | 2013, 2013 | 2012, 2012 | 2011, 2011 | 2010, 2010 | 2009, 2009 | 2008, 2008 | 2007, 2007 | 2006, 2006 | 2005, 2005 | 2004, 2004 | 2003, 2003 | 2002, 2002 | 2001, 2001 | 2000, 2000 | 1999, 1999 | 1998, 1998 | 1997, 1997 | 1996, 1996 | 1995, 1995 | 1994, 1994 | 1993, 1993 | 1992, 1992 | 1991, 1991 | 1990, 1990",,,,,,,,,,,,
met4_ed_d,treatment_metastatic,,dropdown,"Metastatic Medication 4 End Date (Day)","XX, Unknown | 01, 01 | 02, 02 | 03, 03 | 04, 04 | 05, 05 | 06, 06 | 07, 07 | 08, 08 | 09, 09 | 10, 10 | 11, 11 | 12, 12 | 13, 13 | 14, 14 | 15, 15 | 16, 16 | 17, 17 | 18, 18 | 19, 19 | 20, 20 | 21, 21 | 22, 22 | 23, 23 | 24, 24 | 25, 25 | 26, 26 | 27, 27 | 28, 28 | 29, 29 | 30, 30 | 31, 31",,,,,,,,,,,,
met4_ed_m,treatment_metastatic,,dropdown,"Metastatic Medication 4 End Date (Month)","XX, Unknown | 01, 01 | 02, 02 | 03, 03 | 04, 04 | 05, 05 | 06, 06 | 07, 07 | 08, 08 | 09, 09 | 10, 10 | 11, 11 | 12, 12",,,,,,,,,,,,
met4_ed_y,treatment_metastatic,,dropdown,"Metastatic Medication 4 End Date (Year)","XXXX, Unknown | 2026, 2026 | 2025, 2025 | 2024, 2024 | 2023, 2023 | 2022, 2022 | 2021, 2021 | 2020, 2020 | 2019, 2019 | 2018, 2018 | 2017, 2017 | 2016, 2016 | 2015, 2015 | 2014, 2014 | 2013, 2013 | 2012, 2012 | 2011, 2011 | 2010, 2010 | 2009, 2009 | 2008, 2008 | 2007, 2007 | 2006, 2006 | 2005, 2005 | 2004, 2004 | 2003, 2003 | 2002, 2002 | 2001, 2001 | 2000, 2000 | 1999, 1999 | 1998, 1998 | 1997, 1997 | 1996, 1996 | 1995, 1995 | 1994, 1994 | 1993, 1993 | 1992, 1992 | 1991, 1991 | 1990, 1990",,,,,,,,,,,,
met5_therapy,treatment_metastatic,,text,"Metastatic Medication 5",,,,,,,,,,,,,
met5_sd_d,treatment_metastatic,,dropdown,"Metastatic Medication 5 Start Date (Day)","XX, Unknown | 01, 01 | 02, 02 | 03, 03 | 04, 04 | 05, 05 | 06, 06 | 07, 07 | 08, 08 | 09, 09 | 10, 10 | 11, 11 | 12, 12 | 13, 13 | 14, 14 | 15, 15 | 16, 16 | 17, 17 | 18, 18 | 19, 19 | 20, 20 | 21, 21 | 22, 22 | 23, 23 | 24, 24 | 25, 25 | 26, 26 | 27, 27 | 28, 28 | 29, 29 | 30, 30 | 31, 31",,,,,,,,,,,,
met5_sd_m,treatment_metastatic,,dropdown,"Metastatic Medication 5 Start Date (Month)","XX, Unknown | 01, 01 | 02, 02 | 03, 03 | 04, 04 | 05, 05 | 06, 06 | 07, 07 | 08, 08 | 09, 09 | 10, 10 | 11, 11 | 12, 12",,,,,,,,,,,,
met5_sd_y,treatment_metastatic,,dropdown,"Metastatic Medication 5 Start Date (Year)","XXXX, Unknown | 2026, 2026 | 2025, 2025 | 2024, 2024 | 2023, 2023 | 2022, 2022 | 2021, 2021 | 2020, 2020 | 2019, 2019 | 2018, 2018 | 2017, 2017 | 2016, 2016 | 2015, 2015 | 2014, 2014 | 2013, 2013 | 2012, 2012 | 2011, 2011 | 2010, 2010 | 2009, 2009 | 2008, 2008 | 2007, 2007 | 2006, 2006 | 2005, 2005 | 2004, 2004 | 2003, 2003 | 2002, 2002 | 2001, 2001 | 2000, 2000 | 1999, 1999 | 1998, 1998 | 1997, 1997 | 1996, 1996 | 1995, 1995 | 1994, 1994 | 1993, 1993 | 1992, 1992 | 1991, 1991 | 1990, 1990",,,,,,,,,,,,
met5_ed_d,treatment_metastatic,,dropdown,"Metastatic Medication 5 End Date (Day)","XX, Unknown | 01, 01 | 02, 02 | 03, 03 | 04, 04 | 05, 05 | 06, 06 | 07, 07 | 08, 08 | 09, 09 | 10, 10 | 11, 11 | 12, 12 | 13, 13 | 14, 14 | 15, 15 | 16, 16 | 17, 17 | 18, 18 | 19, 19 | 20, 20 | 21, 21 | 22, 22 | 23, 23 | 24, 24 | 25, 25 | 26, 26 | 27, 27 | 28, 28 | 29, 29 | 30, 30 | 31, 31",,,,,,,,,,,,
met5_ed_m,treatment_metastatic,,dropdown,"Metastatic Medication 5 End Date (Month)","XX, Unknown | 01, 01 | 02, 02 | 03, 03 | 04, 04 | 05, 05 | 06, 06 | 07, 07 | 08, 08 | 09, 09 | 10, 10 | 11, 11 | 12, 12",,,,,,,,,,,,
met5_ed_y,treatment_metastatic,,dropdown,"Metastatic Medication 5 End Date (Year)","XXXX, Unknown | 2026, 2026 | 2025, 2025 | 2024, 2024 | 2023, 2023 | 2022, 2022 | 2021, 2021 | 2020, 2020 | 2019, 2019 | 2018, 2018 | 2017, 2017 | 2016, 2016 | 2015, 2015 | 2014, 2014 | 2013, 2013 | 2012, 2012 | 2011, 2011 | 2010, 2010 | 2009, 2009 | 2008, 2008 | 2007, 2007 | 2006, 2006 | 2005, 2005 | 2004, 2004 | 2003, 2003 | 2002, 2002 | 2001, 2001 | 2000, 2000 | 1999, 1999 | 1998, 1998 | 1997, 1997 | 1996, 1996 | 1995, 1995 | 1994, 1994 | 1993, 1993 | 1992, 1992 | 1991, 1991 | 1990, 1990",,,,,,,,,,,,
met6_therapy,treatment_metastatic,,text,"Metastatic Medication 6",,,,,,,,,,,,,
met6_sd_d,treatment_metastatic,,dropdown,"Metastatic Medication 6 Start Date (Day)","XX, Unknown | 01, 01 | 02, 02 | 03, 03 | 04, 04 | 05, 05 | 06, 06 | 07, 07 | 08, 08 | 09, 09 | 10, 10 | 11, 11 | 12, 12 | 13, 13 | 14, 14 | 15, 15 | 16, 16 | 17, 17 | 18, 18 | 19, 19 | 20, 20 | 21, 21 | 22, 22 | 23, 23 | 24, 24 | 25, 25 | 26, 26 | 27, 27 | 28, 28 | 29, 29 | 30, 30 | 31, 31",,,,,,,,,,,,
met6_sd_m,treatment_metastatic,,dropdown,"Metastatic Medication 6 Start Date (Month)","XX, Unknown | 01, 01 | 02, 02 | 03, 03 | 04, 04 | 05, 05 | 06, 06 | 07, 07 | 08, 08 | 09, 09 | 10, 10 | 11, 11 | 12, 12",,,,,,,,,,,,
met6_sd_y,treatment_metastatic,,dropdown,"Metastatic Medication 6 Start Date (Year)","XXXX, Unknown | 2026, 2026 | 2025, 2025 | 2024, 2024 | 2023, 2023 | 2022, 2022 | 2021, 2021 | 2020, 2020 | 2019, 2019 | 2018, 2018 | 2017, 2017 | 2016, 2016 | 2015, 2015 | 2014, 2014 | 2013, 2013 | 2012, 2012 | 2011, 2011 | 2010, 2010 | 2009, 2009 | 2008, 2008 | 2007, 2007 | 2006, 2006 | 2005, 2005 | 2004, 2004 | 2003, 2003 | 2002, 2002 | 2001, 2001 | 2000, 2000 | 1999, 1999 | 1998, 1998 | 1997, 1997 | 1996, 1996 | 1995, 1995 | 1994, 1994 | 1993, 1993 | 1992, 1992 | 1991, 1991 | 1990, 1990",,,,,,,,,,,,
met6_ed_d,treatment_metastatic,,dropdown,"Metastatic Medication 6 End Date (Day)","XX, Unknown | 01, 01 | 02, 02 | 03, 03 | 04, 04 | 05, 05 | 06, 06 | 07, 07 | 08, 08 | 09, 09 | 10, 10 | 11, 11 | 12, 12 | 13, 13 | 14, 14 | 15, 15 | 16, 16 | 17, 17 | 18, 18 | 19, 19 | 20, 20 | 21, 21 | 22, 22 | 23, 23 | 24, 24 | 25, 25 | 26, 26 | 27, 27 | 28, 28 | 29, 29 | 30, 30 | 31, 31",,,,,,,,,,,,
met1_ed,treatment_metastatic,,text,"Metastatic Medication 1 End Date",,,,,,,,,,,,," @CALCTEXT(concat(if(isblankormissingcode([met1_ed_m]),'00',[met1_ed_m]), ""/"", if(isblankormissingcode([met1_ed_d]),'00',[met1_ed_d]), ""/"", if(isblankormissingcode([met1_ed_y]),'0000',[met1_ed_y]))) AND @HIDDEN"
met6_ed_m,treatment_metastatic,,dropdown,"Metastatic Medication 6 End Date (Month)","XX, Unknown | 01, 01 | 02, 02 | 03, 03 | 04, 04 | 05, 05 | 06, 06 | 07, 07 | 08, 08 | 09, 09 | 10, 10 | 11, 11 | 12, 12",,,,,,,,,,,,
met6_ed_y,treatment_metastatic,,dropdown,"Metastatic Medication 6 End Date (Year)","XXXX, Unknown | 2026, 2026 | 2025, 2025 | 2024, 2024 | 2023, 2023 | 2022, 2022 | 2021, 2021 | 2020, 2020 | 2019, 2019 | 2018, 2018 | 2017, 2017 | 2016, 2016 | 2015, 2015 | 2014, 2014 | 2013, 2013 | 2012, 2012 | 2011, 2011 | 2010, 2010 | 2009, 2009 | 2008, 2008 | 2007, 2007 | 2006, 2006 | 2005, 2005 | 2004, 2004 | 2003, 2003 | 2002, 2002 | 2001, 2001 | 2000, 2000 | 1999, 1999 | 1998, 1998 | 1997, 1997 | 1996, 1996 | 1995, 1995 | 1994, 1994 | 1993, 1993 | 1992, 1992 | 1991, 1991 | 1990, 1990",,,,,,,,,,,,
met1_sd,treatment_metastatic,,text,"Metastatic Medication 1 Start Date",,,,,,,,,,,,," @CALCTEXT(concat(if(isblankormissingcode([met1_sd_m]),'00',[met1_sd_m]), ""/"", if(isblankormissingcode([met1_sd_d]),'00',[met1_sd_d]), ""/"", if(isblankormissingcode([met1_sd_y]),'0000',[met1_sd_y]))) AND @HIDDEN"
met2_sd,treatment_metastatic,,text,"Metastatic Medication 2 Start Date",,,,,,,,,,,,," @CALCTEXT(concat(if(isblankormissingcode([met2_sd_m]),'00',[met2_sd_m]), ""/"", if(isblankormissingcode([met2_sd_d]),'00',[met2_sd_d]), ""/"", if(isblankormissingcode([met2_sd_y]),'0000',[met2_sd_y]))) AND @HIDDEN"
met2_ed,treatment_metastatic,,text,"Metastatic Medication 2 End Date",,,,,,,,,,,,," @CALCTEXT(concat(if(isblankormissingcode([met2_ed_m]),'00',[met2_ed_m]), ""/"", if(isblankormissingcode([met2_ed_d]),'00',[met2_ed_d]), ""/"", if(isblankormissingcode([met2_ed_y]),'0000',[met2_ed_y]))) AND @HIDDEN"
met3_sd,treatment_metastatic,,text,"Metastatic Medication 3 Start Date",,,,,,,,,,,,," @CALCTEXT(concat(if(isblankormissingcode([met3_sd_m]),'00',[met3_sd_m]), ""/"", if(isblankormissingcode([met3_sd_d]),'00',[met3_sd_d]), ""/"", if(isblankormissingcode([met3_sd_y]),'0000',[met3_sd_y]))) AND @HIDDEN"
met3_ed,treatment_metastatic,,text,"Metastatic Medication 3 End Date",,,,,,,,,,,,," @CALCTEXT(concat(if(isblankormissingcode([met3_ed_m]),'00',[met3_ed_m]), ""/"", if(isblankormissingcode([met3_ed_d]),'00',[met3_ed_d]), ""/"", if(isblankormissingcode([met3_ed_y]),'0000',[met3_ed_y]))) AND @HIDDEN"
met4_sd,treatment_metastatic,,text,"Metastatic Medication 4 Start Date",,,,,,,,,,,,," @CALCTEXT(concat(if(isblankormissingcode([met4_sd_m]),'00',[met4_sd_m]), ""/"", if(isblankormissingcode([met4_sd_d]),'00',[met4_sd_d]), ""/"", if(isblankormissingcode([met4_sd_y]),'0000',[met4_sd_y]))) AND @HIDDEN"
met4_ed,treatment_metastatic,,text,"Metastatic Medication 4 End Date",,,,,,,,,,,,," @CALCTEXT(concat(if(isblankormissingcode([met4_ed_m]),'00',[met4_ed_m]), ""/"", if(isblankormissingcode([met4_ed_d]),'00',[met4_ed_d]), ""/"", if(isblankormissingcode([met4_ed_y]),'0000',[met4_ed_y]))) AND @HIDDEN"
met5_sd,treatment_metastatic,,text,"Metastatic Medication 5 Start Date",,,,,,,,,,,,," @CALCTEXT(concat(if(isblankormissingcode([met5_sd_m]),'00',[met5_sd_m]), ""/"", if(isblankormissingcode([met5_sd_d]),'00',[met5_sd_d]), ""/"", if(isblankormissingcode([met5_sd_y]),'0000',[met5_sd_y]))) AND @HIDDEN"
met5_ed,treatment_metastatic,,text,"Metastatic Medication 5 End Date",,,,,,,,,,,,," @CALCTEXT(concat(if(isblankormissingcode([met5_ed_m]),'00',[met5_ed_m]), ""/"", if(isblankormissingcode([met5_ed_d]),'00',[met5_ed_d]), ""/"", if(isblankormissingcode([met5_ed_y]),'0000',[met5_ed_y]))) AND @HIDDEN"
met6_sd,treatment_metastatic,,text,"Metastatic Medication 6 Start Date",,,,,,,,,,,,," @CALCTEXT(concat(if(isblankormissingcode([met6_sd_m]),'00',[met6_sd_m]), ""/"", if(isblankormissingcode([met6_sd_d]),'00',[met6_sd_d]), ""/"", if(isblankormissingcode([met6_sd_y]),'0000',[met6_sd_y]))) AND @HIDDEN"
met6_ed,treatment_metastatic,,text,"Metastatic Medication 6 End Date",,,,,,,,,,,,," @CALCTEXT(concat(if(isblankormissingcode([met6_ed_m]),'00',[met6_ed_m]), ""/"", if(isblankormissingcode([met6_ed_d]),'00',[met6_ed_d]), ""/"", if(isblankormissingcode([met6_ed_y]),'0000',[met6_ed_y]))) AND @HIDDEN"
met_intent,treatment_metastatic,,radio,"Metastatic Medication/Regimen Intent","0, Curative | 1, Palliative",,,,,,[met_yn]=1,,,,,,
met_discontinue,treatment_metastatic,,radio,"Was the metastatic medication/regimen discontinued? ","1, Yes | 0, No | 99, Unknown",,,,,,[met_yn]=1,,,,,,
met_discontinue_reason,treatment_metastatic,,checkbox,"Metastatic Medication/Regimen Discontinuation Reason","0, Completion of Planned Therapy/Maximal Response | 1, Toxicity | 2, Patient Preference | 3, Not Effective/Progression of Disease | 4, Transitioned to Supportive Care/ Patient Expired | 5, Lost to Follow-Up | 98, Other | 99, Unknown","A code explaining unplanned or premature termination of the metastatic medication or regimen",,,,,"[met_yn]=1 and [met_discontinue]=1",,,,,,
met_toxicity,treatment_metastatic,,text,"If the metastatic medication/regimen was discontinued due to toxicity, please explain why (list side effect, condition, symptom, etc.)?",,,,,,,"[met_yn]=1 and [met_discontinue]=1 and [met_discontinue_reason(1)]=1",,,,,,
date_cur_treat_metastatic,treatment_metastatic,,text,"Date Last Curated (Treatment Metastatic)",,"Date of curation in the form MMDDYYYY, hyphens will be autocompleted",date_mdy,,,,,,,,,," @HIDDEN-SURVEY"
cur_by_treat_metastatic,treatment_metastatic,,text,"Curated By (Treatment Metastatic)",,"Please enter your name",,,,,,,,,,," @HIDDEN-SURVEY"
surgery_yn,treatment_surgery,,yesno,"Did the patient ever have a surgical resection, either curative or palliative?",,,,,,,,,,,,,
isa_second_primary_surgery,treatment_surgery,,yesno,"Is this a surgery therapy for a second primary cancer?",,"The default value is set to ""NO"" when a new instance is created. There is no default vaule for some of the old cases",,,,,[surgery_yn]=1,,,,,," @DEFAULT=""0"", @HIDDEN-SURVEY"
isa_third_primary_surgery,treatment_surgery,,yesno,"Is this a surgery therapy for a third primary cancer?",,"The default value is set to ""NO"" when a new instance is created. There is no default vaule for some of the old cases",,,,,[surgery_yn]=1,,,,,," @DEFAULT=""0"", @HIDDEN-SURVEY"
surgery_code,treatment_surgery,,text,"Surgery Code",BIOPORTAL:SNOMEDCT,"Code for the surgical procedure performed - select one of the SNOMED CT codes",,,,,[surgery_yn]=1,,,,,," @HIDDEN-SURVEY"
surgery_code_free_text,treatment_surgery,,text,"Surgery Code (Free-Text)",,"Free-text entry if no appropriate SNOMED CT code is found",,,,,[surgery_yn]=1,,,,,,
surgery_date,treatment_surgery,,text,"Surgical Resection Date",,,date_mdy,,,,[surgery_yn]=1,,,,,," @HIDDEN"
surg_dt_full,treatment_surgery,,descriptive,"<div class=""rich-text-field-label""><table style=""border-collapse: collapse; width: 97.5495%; height: 18.3333px;"" border=""0""> <tbody> <tr> <td style=""width: 59.5162%;""> </td> <td style=""width: 13.9262%;"">Month</td> <td style=""width: 13.3398%;"">Day</td> <td style=""width: 13.1933%;"">Year</td> </tr> <tr style=""height: 18.3333px; border-style: none;""> <td style=""width: 59.5162%; height: 18.3333px;"">Surgical Resection Date</td> <td style=""width: 13.9262%; height: 18.3333px;"">{surg_dt_m}</td> <td style=""width: 13.3398%; height: 18.3333px;"">{surg_dt_d}</td> <td style=""width: 13.1933%; height: 18.3333px;"">{surg_dt_y}</td> </tr> </tbody> </table> <p style=""text-align: left;""><em><span style=""font-weight: normal;""> </span></em></p></div>",,,,,,,[surgery_yn]=1,,,,,,
surgical_resection_date,treatment_surgery,,text,"Surgical Resection Date (full value)",,,,,,,,,,,,," @CALCTEXT(concat(if(isblankormissingcode([surg_dt_m]),'00',[surg_dt_m]), ""/"", if(isblankormissingcode([surg_dt_d]),'00',[surg_dt_d]), ""/"", if(isblankormissingcode([surg_dt_y]),'0000',[surg_dt_y]))) AND @HIDDEN"
surg_dt_d,treatment_surgery,,dropdown,"Surgical Resection Date (Day)","XX, Unknown | 01, 01 | 02, 02 | 03, 03 | 04, 04 | 05, 05 | 06, 06 | 07, 07 | 08, 08 | 09, 09 | 10, 10 | 11, 11 | 12, 12 | 13, 13 | 14, 14 | 15, 15 | 16, 16 | 17, 17 | 18, 18 | 19, 19 | 20, 20 | 21, 21 | 22, 22 | 23, 23 | 24, 24 | 25, 25 | 26, 26 | 27, 27 | 28, 28 | 29, 29 | 30, 30 | 31, 31",,,,,,,,,,,,
surg_dt_m,treatment_surgery,,dropdown,"Surgical Resection Date (Month)","XX, Unknown | 01, 01 | 02, 02 | 03, 03 | 04, 04 | 05, 05 | 06, 06 | 07, 07 | 08, 08 | 09, 09 | 10, 10 | 11, 11 | 12, 12",,,,,,,,,,,,
surg_dt_y,treatment_surgery,,dropdown,"Surgical Resection Date (Year)","XXXX, Unknown | 2026, 2026 | 2025, 2025 | 2024, 2024 | 2023, 2023 | 2022, 2022 | 2021, 2021 | 2020, 2020 | 2019, 2019 | 2018, 2018 | 2017, 2017 | 2016, 2016 | 2015, 2015 | 2014, 2014 | 2013, 2013 | 2012, 2012 | 2011, 2011 | 2010, 2010 | 2009, 2009 | 2008, 2008 | 2007, 2007 | 2006, 2006 | 2005, 2005 | 2004, 2004 | 2003, 2003 | 2002, 2002 | 2001, 2001 | 2000, 2000 | 1999, 1999 | 1998, 1998 | 1997, 1997 | 1996, 1996 | 1995, 1995 | 1994, 1994 | 1993, 1993 | 1992, 1992 | 1991, 1991 | 1990, 1990",,,,,,,,,,,,
surgery_site,treatment_surgery,,text,"Surgery Body Site (Free-Text)",,"The body location(s) where the procedure was performed (free-text entry)",,,,,[surgery_yn]=1,,,,,,
surgery_site_coded,treatment_surgery,,text,"Surgery Body Site",BIOPORTAL:NCIT,"The body location(s) where the procedure was performed (coded entry using NCIt)",,,,,[surgery_yn]=1,,,,,," @HIDDEN-SURVEY"
surgery_laterality,treatment_surgery,,radio,"Surgery Laterality","1, Right Unilateral | 2, Left Unilateral | 3, Bilateral | 99, Unknown","Body side of the body location, if needed to distinguish from a similar location on the other side of the body",,,,,[surgery_yn]=1,,,,,,
surgery_intent,treatment_surgery,,radio,"Surgery Intent","0, Curative | 1, Palliative","The purpose of the medication, either curative or palliative",,,,,[surgery_yn]=1,,,,,,
surgery_reference,treatment_surgery,,radio,"Surgery Reference","0, Primary | 1, Secondary","Reference to a primary or secondary cancer condition",,,,,[surgery_yn]=1,,,,,," @HIDDEN-SURVEY"
date_cur_treat_surg,treatment_surgery,,text,"Date Last Curated (Treatment Surgery)",,"Date of curation in the form MMDDYYYY, hyphens will be autocompleted",date_mdy,,,,,,,,,," @HIDDEN-SURVEY"
cur_by_treat_surg,treatment_surgery,,text,"Curated by (Treatment Surgery)",,"Please enter your name",,,,,,,,,,," @HIDDEN-SURVEY"
rad_yn,treatment_radiation,,yesno,"Did the patient ever receive radiation therapy?",,,,,,,,,,,,,
isa_second_primary_rad,treatment_radiation,,yesno,"Is this a radiation therapy for a second primary cancer?",,"The default value is set to ""NO"" when a new instance is created. There is no default vaule for some of the old cases",,,,,[rad_yn]=1,,,,,," @DEFAULT=""0"", @HIDDEN-SURVEY"
isa_third_primary_rad,treatment_radiation,,yesno,"Is this a radiation therapy for a third primary cancer?",,"The default value is set to ""NO"" when a new instance is created. There is no default vaule for some of the old cases",,,,,[rad_yn]=1,,,,,," @DEFAULT=""0"", @HIDDEN-SURVEY"
rad_therapy,treatment_radiation,,dropdown,"Type of Radiation Therapy","1, External Beam Radiotherapy | 2, Brachytherapy","Code for the radiation therapy procedure performed",,,,,[rad_yn]=1,,,,,,
ext_beam_rad_ther_del,treatment_radiation,,dropdown,"External Beam Radiation Therapy Delivery","1, Hyperfractionation | 2, Hypofractionation | 3, Accelerated Fractionation","Type of delivery of the external beam radiation therapy",,,,,"[rad_yn]=1 and [rad_therapy]=1",,,,,,
ext_beam_rad_ther_modality,treatment_radiation,,dropdown,"External Beam Radiation Therapy Modality","1, Electron | 2, Photon | 3, Proton | 4, Low-dose Rate Implants | 5, High-dose Rate Implants | 6, Permanent Implants","Type of modality of the external beam radiation therapy",,,,,"[rad_yn]=1 and [rad_therapy]=1",,,,,,
brachy_rad_ther_modality,treatment_radiation,,dropdown,"Brachytherapy Radiation Therapy Modality","1, Low-dose Rate Implants | 2, High-dose Rate Implants | 3, Permanent Implants","Type of modality of brachytherapy radiation therapy",,,,,"[rad_yn]=1 and [rad_therapy]=2",,,,,,
rad_ther_no_sessions,treatment_radiation,,text,"Radiation Therapy Number of Sessions",,"The number of sessions in a course of radiotherapy",integer,,,,[rad_yn]=1,,,,,,
radiation_technique,treatment_radiation,,dropdown,"Radiation Therapy Technique","1, 3-D Conformal Radiation Therapy | 2, Intensity-modulated Radiation Therapy (IMRT) | 3, Image-guided Radiation Therapy (IGRT) | 4, Tomotherapy | 5, Stereotactic Radiosurgery | 6, Stereotactic Body Radiation Therapy","Technique used in radiation therapy",,,,,[rad_yn]=1,,,,,,
rad_ther_total_dose,treatment_radiation,,text,"Radiation Therapy Total Dose Delivered (cGy)",,"The total amount of radiation delivered to this volume within the scope of this dose delivery in cGy",integer,,,,[rad_yn]=1,,,,,,
rad_ther_fractions,treatment_radiation,,text,"Radiation Therapy Fractions Delivered",,"The number of fractions delivered to this volume",integer,,,,[rad_yn]=1,,,,,,
radiat_sd_full,treatment_radiation,,descriptive,"<div class=""rich-text-field-label""><table style=""border-collapse: collapse; width: 97.5495%; height: 18.3333px;"" border=""0""> <tbody> <tr> <td style=""width: 59.5162%;""> </td> <td style=""width: 13.9262%;"">Month</td> <td style=""width: 13.3398%;"">Day</td> <td style=""width: 13.1933%;"">Year</td> </tr> <tr style=""height: 18.3333px; border-style: none;""> <td style=""width: 59.5162%; height: 18.3333px;"">Radiation Start Date</td> <td style=""width: 13.9262%; height: 18.3333px;"">{radiat_sd_m}</td> <td style=""width: 13.3398%; height: 18.3333px;"">{radiat_sd_d}</td> <td style=""width: 13.1933%; height: 18.3333px;"">{radiat_sd_y}</td> </tr> </tbody> </table> <p style=""text-align: left;""><em><span style=""font-weight: normal;""> </span></em></p></div>",,,,,,,[rad_yn]=1,,,,,,
radiat_start_date_full,treatment_radiation,,text,"Radiation Start Date (full value)",,,,,,,,,,,,," @CALCTEXT(concat(if(isblankormissingcode([radiat_sd_m]),'00',[radiat_sd_m]), ""/"", if(isblankormissingcode([radiat_sd_d]),'00',[radiat_sd_d]), ""/"", if(isblankormissingcode([radiat_sd_y]),'0000',[radiat_sd_y]))) AND @HIDDEN"
radiat_sd_d,treatment_radiation,,dropdown,"Radiation Start Date (Day)","XX, Unknown | 01, 01 | 02, 02 | 03, 03 | 04, 04 | 05, 05 | 06, 06 | 07, 07 | 08, 08 | 09, 09 | 10, 10 | 11, 11 | 12, 12 | 13, 13 | 14, 14 | 15, 15 | 16, 16 | 17, 17 | 18, 18 | 19, 19 | 20, 20 | 21, 21 | 22, 22 | 23, 23 | 24, 24 | 25, 25 | 26, 26 | 27, 27 | 28, 28 | 29, 29 | 30, 30 | 31, 31",,,,,,,,,,,,
radiat_sd_m,treatment_radiation,,dropdown,"Radiation Start Date (Month)","XX, Unknown | 01, 01 | 02, 02 | 03, 03 | 04, 04 | 05, 05 | 06, 06 | 07, 07 | 08, 08 | 09, 09 | 10, 10 | 11, 11 | 12, 12",,,,,,,,,,,,
radiat_sd_y,treatment_radiation,,dropdown,"Radiation Start Date (Year)","XXXX, Unknown | 2026, 2026 | 2025, 2025 | 2024, 2024 | 2023, 2023 | 2022, 2022 | 2021, 2021 | 2020, 2020 | 2019, 2019 | 2018, 2018 | 2017, 2017 | 2016, 2016 | 2015, 2015 | 2014, 2014 | 2013, 2013 | 2012, 2012 | 2011, 2011 | 2010, 2010 | 2009, 2009 | 2008, 2008 | 2007, 2007 | 2006, 2006 | 2005, 2005 | 2004, 2004 | 2003, 2003 | 2002, 2002 | 2001, 2001 | 2000, 2000 | 1999, 1999 | 1998, 1998 | 1997, 1997 | 1996, 1996 | 1995, 1995 | 1994, 1994 | 1993, 1993 | 1992, 1992 | 1991, 1991 | 1990, 1990",,,,,,,,,,,,
radiat_ed_full,treatment_radiation,,descriptive,"<div class=""rich-text-field-label""><table style=""border-collapse: collapse; width: 97.5495%; height: 18.3333px;"" border=""0""> <tbody> <tr> <td style=""width: 59.5162%;""> </td> <td style=""width: 13.9262%;"">Month</td> <td style=""width: 13.3398%;"">Day</td> <td style=""width: 13.1933%;"">Year</td> </tr> <tr style=""height: 18.3333px; border-style: none;""> <td style=""width: 59.5162%; height: 18.3333px;"">Radiation End Date</td> <td style=""width: 13.9262%; height: 18.3333px;"">{radiat_ed_m}</td> <td style=""width: 13.3398%; height: 18.3333px;"">{radiat_ed_d}</td> <td style=""width: 13.1933%; height: 18.3333px;"">{radiat_ed_y}</td> </tr> </tbody> </table> <p style=""text-align: left;""><em><span style=""font-weight: normal;""> </span></em></p></div>",,,,,,,[rad_yn]=1,,,,,,
radiat_end_date_full,treatment_radiation,,text,"Radiation End Date (full value)",,,,,,,,,,,,," @CALCTEXT(concat(if(isblankormissingcode([radiat_ed_m]),'00',[radiat_ed_m]), ""/"", if(isblankormissingcode([radiat_ed_d]),'00',[radiat_ed_d]), ""/"", if(isblankormissingcode([radiat_ed_y]),'0000',[radiat_ed_y]))) AND @HIDDEN"
radiat_ed_d,treatment_radiation,,dropdown,"Radiation End Date (Day)","XX, Unknown | 01, 01 | 02, 02 | 03, 03 | 04, 04 | 05, 05 | 06, 06 | 07, 07 | 08, 08 | 09, 09 | 10, 10 | 11, 11 | 12, 12 | 13, 13 | 14, 14 | 15, 15 | 16, 16 | 17, 17 | 18, 18 | 19, 19 | 20, 20 | 21, 21 | 22, 22 | 23, 23 | 24, 24 | 25, 25 | 26, 26 | 27, 27 | 28, 28 | 29, 29 | 30, 30 | 31, 31",,,,,,,,,,,,
radiat_ed_m,treatment_radiation,,dropdown,"Radiation End Date (Month)","XX, Unknown | 01, 01 | 02, 02 | 03, 03 | 04, 04 | 05, 05 | 06, 06 | 07, 07 | 08, 08 | 09, 09 | 10, 10 | 11, 11 | 12, 12",,,,,,,,,,,,
radiat_ed_y,treatment_radiation,,dropdown,"Radiation End Date (Year)","XXXX, Unknown | 2026, 2026 | 2025, 2025 | 2024, 2024 | 2023, 2023 | 2022, 2022 | 2021, 2021 | 2020, 2020 | 2019, 2019 | 2018, 2018 | 2017, 2017 | 2016, 2016 | 2015, 2015 | 2014, 2014 | 2013, 2013 | 2012, 2012 | 2011, 2011 | 2010, 2010 | 2009, 2009 | 2008, 2008 | 2007, 2007 | 2006, 2006 | 2005, 2005 | 2004, 2004 | 2003, 2003 | 2002, 2002 | 2001, 2001 | 2000, 2000 | 1999, 1999 | 1998, 1998 | 1997, 1997 | 1996, 1996 | 1995, 1995 | 1994, 1994 | 1993, 1993 | 1992, 1992 | 1991, 1991 | 1990, 1990",,,,,,,,,,,,
rad_discontinue,treatment_radiation,,yesno,"Was the radiation therapy treatment discontinued? ",,,,,,,[rad_yn]=1,,,,,,
rad_discontinue_reason,treatment_radiation,,checkbox,"Reason for Discontinuation of Radiation Therapy","0, Completion of Planned Therapy/Maximal Response | 1, Toxicity | 2, Patient Preference | 3, Not Effective/Progression of Disease | 4, Transitioned to Supportive Care/ Patient Expired | 5, Lost to Follow-Up | 98, Other | 99, Unknown","A code explaining unplanned or premature termination of a radiation therapy",,,,,"[rad_yn]=1 and [rad_discontinue]=1",,,,,,
rad_site,treatment_radiation,,text,"Radiotherapy Body Site",,"The body location(s) where the procedure was performed",,,,,[rad_yn]=1,,,,,,
rad_laterality,treatment_radiation,,radio,"Radiotherapy Laterality","1, Right Unilateral | 2, Left Unilateral | 3, Bilateral | 99, Unknown","Body side of the body location, if needed to distinguish from a similar location on the other side of the body",,,,,[rad_yn]=1,,,,,,
rad_intent,treatment_radiation,,radio,"Radiation Intent","0, Curative | 1, Palliative","The purpose of the medication, either curative or palliative",,,,,[rad_yn]=1,,,,,,
date_cur_treat_rad,treatment_radiation,,text,"Date Last Curated (Treatment Radiation)",,"Date of curation in the form MMDDYYYY, hyphens will be autocompleted",date_mdy,,,,,,,,,," @HIDDEN-SURVEY"
cur_by_treat_rad,treatment_radiation,,text,"Curated By (Treatment Radiation)",,"Please enter your name",,,,,,,,,,," @HIDDEN-SURVEY"
vital_status,outcome,"Survival Data",radio,"Vital Status","0, Alive | 1, Deceased",,,,,,,,,,,,
death_date,outcome,,descriptive,"<div class=""rich-text-field-label""><table style=""border-collapse: collapse; width: 97.5495%; height: 18.3333px;"" border=""0""> <tbody> <tr> <td style=""width: 59.5162%;""> </td> <td style=""width: 13.9262%;"">Month</td> <td style=""width: 13.3398%;"">Day</td> <td style=""width: 13.1933%;"">Year</td> </tr> <tr style=""height: 18.3333px; border-style: none;""> <td style=""width: 59.5162%; height: 18.3333px;"">Date of Death</td> <td style=""width: 13.9262%; height: 18.3333px;"">{death_dt_m}</td> <td style=""width: 13.3398%; height: 18.3333px;"">{death_dt_d}</td> <td style=""width: 13.1933%; height: 18.3333px;"">{death_dt_y}</td> </tr> </tbody> </table> <p style=""text-align: left;""><em><span style=""font-weight: normal;""> </span></em></p></div>",,,,,,,[vital_status]=1,,,,,,
death_dt_full,outcome,,text,"Date of Death (full value)",,,,,,,,,,,,," @CALCTEXT(concat(if(isblankormissingcode([death_dt_m]),'00',[death_dt_m]), ""-"", if(isblankormissingcode([death_dt_d]),'00',[death_dt_d]), ""-"", if(isblankormissingcode([death_dt_y]),'0000',[death_dt_y]))) AND @HIDDEN"
death_dt_d,outcome,,dropdown,"Date of Death (Day)","XX, Unknown | 01, 01 | 02, 02 | 03, 03 | 04, 04 | 05, 05 | 06, 06 | 07, 07 | 08, 08 | 09, 09 | 10, 10 | 11, 11 | 12, 12 | 13, 13 | 14, 14 | 15, 15 | 16, 16 | 17, 17 | 18, 18 | 19, 19 | 20, 20 | 21, 21 | 22, 22 | 23, 23 | 24, 24 | 25, 25 | 26, 26 | 27, 27 | 28, 28 | 29, 29 | 30, 30 | 31, 31",,,,,,,,,,,,
death_dt_m,outcome,,dropdown,"Date of Death  (Month)","XX, Unknown | 01, 01 | 02, 02 | 03, 03 | 04, 04 | 05, 05 | 06, 06 | 07, 07 | 08, 08 | 09, 09 | 10, 10 | 11, 11 | 12, 12",,,,,,,,,,,,
death_dt_y,outcome,,dropdown,"Date of Death  (Year)","XXXX, Unknown | 2026, 2026 | 2025, 2025 | 2024, 2024 | 2023, 2023 | 2022, 2022 | 2021, 2021 | 2020, 2020 | 2019, 2019 | 2018, 2018 | 2017, 2017 | 2016, 2016 | 2015, 2015 | 2014, 2014 | 2013, 2013 | 2012, 2012 | 2011, 2011 | 2010, 2010 | 2009, 2009 | 2008, 2008 | 2007, 2007 | 2006, 2006 | 2005, 2005 | 2004, 2004 | 2003, 2003 | 2002, 2002 | 2001, 2001 | 2000, 2000 | 1999, 1999 | 1998, 1998 | 1997, 1997 | 1996, 1996 | 1995, 1995 | 1994, 1994 | 1993, 1993 | 1992, 1992 | 1991, 1991 | 1990, 1990",,,,,,,,,,,,
alive_date_full,outcome,,descriptive,"<div class=""rich-text-field-label""><table style=""border-collapse: collapse; width: 97.5495%; height: 18.3333px;"" border=""0""> <tbody> <tr> <td style=""width: 59.5162%;""> </td> <td style=""width: 13.9262%;"">Month</td> <td style=""width: 13.3398%;"">Day</td> <td style=""width: 13.1933%;"">Year</td> </tr> <tr style=""height: 18.3333px; border-style: none;""> <td style=""width: 59.5162%; height: 18.3333px;"">Date Last Seen Alive</td> <td style=""width: 13.9262%; height: 18.3333px;"">{alive_dt_m}</td> <td style=""width: 13.3398%; height: 18.3333px;"">{alive_dt_d}</td> <td style=""width: 13.1933%; height: 18.3333px;"">{alive_dt_y}</td> </tr> </tbody> </table> <p style=""text-align: left;""><em><span style=""font-weight: normal;""> </span></em></p></div>",,,,,,,,,,,,,
last_seen_alive_date,outcome,,text,"Date Last Seen Alive (full value)",,,,,,,,,,,,," @CALCTEXT(concat(if(isblankormissingcode([alive_dt_m]),'00',[alive_dt_m]), ""-"", if(isblankormissingcode([alive_dt_d]),'00',[alive_dt_d]), ""-"", if(isblankormissingcode([alive_dt_y]),'0000',[alive_dt_y]))) AND @HIDDEN"
alive_dt_d,outcome,,dropdown,"Date Last Seen Alive (Day)","XX, Unknown | 01, 01 | 02, 02 | 03, 03 | 04, 04 | 05, 05 | 06, 06 | 07, 07 | 08, 08 | 09, 09 | 10, 10 | 11, 11 | 12, 12 | 13, 13 | 14, 14 | 15, 15 | 16, 16 | 17, 17 | 18, 18 | 19, 19 | 20, 20 | 21, 21 | 22, 22 | 23, 23 | 24, 24 | 25, 25 | 26, 26 | 27, 27 | 28, 28 | 29, 29 | 30, 30 | 31, 31",,,,,,,,,,,,
alive_dt_m,outcome,,dropdown,"Date Last Seen Alive (Month)","XX, Unknown | 01, 01 | 02, 02 | 03, 03 | 04, 04 | 05, 05 | 06, 06 | 07, 07 | 08, 08 | 09, 09 | 10, 10 | 11, 11 | 12, 12",,,,,,,,,,,,
alive_dt_y,outcome,,dropdown,"Date Last Seen Alive (Year)","XXXX, Unknown | 2026, 2026 | 2025, 2025 | 2024, 2024 | 2023, 2023 | 2022, 2022 | 2021, 2021 | 2020, 2020 | 2019, 2019 | 2018, 2018 | 2017, 2017 | 2016, 2016 | 2015, 2015 | 2014, 2014 | 2013, 2013 | 2012, 2012 | 2011, 2011 | 2010, 2010 | 2009, 2009 | 2008, 2008 | 2007, 2007 | 2006, 2006 | 2005, 2005 | 2004, 2004 | 2003, 2003 | 2002, 2002 | 2001, 2001 | 2000, 2000 | 1999, 1999 | 1998, 1998 | 1997, 1997 | 1996, 1996 | 1995, 1995 | 1994, 1994 | 1993, 1993 | 1992, 1992 | 1991, 1991 | 1990, 1990",,,,,,,,,,,,
lst_fu_dt_full,outcome,,descriptive,"<div class=""rich-text-field-label""><table style=""border-collapse: collapse; width: 97.5495%; height: 18.3333px;"" border=""0""> <tbody> <tr> <td style=""width: 59.5162%;""> </td> <td style=""width: 13.9262%;"">Month</td> <td style=""width: 13.3398%;"">Day</td> <td style=""width: 13.1933%;"">Year</td> </tr> <tr style=""height: 18.3333px; border-style: none;""> <td style=""width: 59.5162%; height: 18.3333px;"">Date of Last Clinical Follow-up</td> <td style=""width: 13.9262%; height: 18.3333px;"">{lst_fu_dt_m}</td> <td style=""width: 13.3398%; height: 18.3333px;"">{lst_fu_dt_d}</td> <td style=""width: 13.1933%; height: 18.3333px;"">{lst_fu_dt_y}</td> </tr> </tbody> </table> <p style=""text-align: left;""><em><span style=""font-weight: normal;""> </span></em></p></div>",,,,,,,,,,,,,
last_clinical_fup_date,outcome,,text,"Date of Last Clinical Follow-up (full value)",,,,,,,,,,,,," @CALCTEXT(concat(if(isblankormissingcode([lst_fu_dt_m]),'00',[lst_fu_dt_m]), ""-"", if(isblankormissingcode([lst_fu_dt_d]),'00',[lst_fu_dt_d]), ""-"", if(isblankormissingcode([lst_fu_dt_y]),'0000',[lst_fu_dt_y]))) AND @HIDDEN"
lst_fu_dt_d,outcome,,dropdown,"Date of Last Clinical Follow-up (Day)","XX, Unknown | 01, 01 | 02, 02 | 03, 03 | 04, 04 | 05, 05 | 06, 06 | 07, 07 | 08, 08 | 09, 09 | 10, 10 | 11, 11 | 12, 12 | 13, 13 | 14, 14 | 15, 15 | 16, 16 | 17, 17 | 18, 18 | 19, 19 | 20, 20 | 21, 21 | 22, 22 | 23, 23 | 24, 24 | 25, 25 | 26, 26 | 27, 27 | 28, 28 | 29, 29 | 30, 30 | 31, 31",,,,,,,,,,,,
lst_fu_dt_m,outcome,,dropdown,"Date of Last Clinical Follow-up (Month)","XX, Unknown | 01, 01 | 02, 02 | 03, 03 | 04, 04 | 05, 05 | 06, 06 | 07, 07 | 08, 08 | 09, 09 | 10, 10 | 11, 11 | 12, 12",,,,,,,,,,,,
lst_fu_dt_y,outcome,,dropdown,"Date of Last Clinical Follow-up (Year)","XXXX, Unknown | 2026, 2026 | 2025, 2025 | 2024, 2024 | 2023, 2023 | 2022, 2022 | 2021, 2021 | 2020, 2020 | 2019, 2019 | 2018, 2018 | 2017, 2017 | 2016, 2016 | 2015, 2015 | 2014, 2014 | 2013, 2013 | 2012, 2012 | 2011, 2011 | 2010, 2010 | 2009, 2009 | 2008, 2008 | 2007, 2007 | 2006, 2006 | 2005, 2005 | 2004, 2004 | 2003, 2003 | 2002, 2002 | 2001, 2001 | 2000, 2000 | 1999, 1999 | 1998, 1998 | 1997, 1997 | 1996, 1996 | 1995, 1995 | 1994, 1994 | 1993, 1993 | 1992, 1992 | 1991, 1991 | 1990, 1990",,,,,,,,,,,,
cause_death,outcome,,dropdown,"Cause of Death","0, Cancer | 1, Other",,,,,,[vital_status]=1,,,,,,
date_cur_outcome,outcome,,text,"Date Last Curated (Outcome)",,"Date of curation in the form MMDDYYYY, hyphens will be autocompleted",date_mdy,,,,,,,,,," @HIDDEN-SURVEY"
cur_by_outcome,outcome,,text,"Curated By (Outcome)",,"Please enter your name",,,,,,,,,,," @HIDDEN-SURVEY"
mtb_review_date,mtb_recommendations_followup,,text,"MTB Review Date",,,date_mdy,,,,,,,,,,
mtb_report,mtb_recommendations_followup,,file,"MTB report",,,,,,,,,,,,,
mtb_recs,mtb_recommendations_followup,,checkbox,"MTB Recommendation","0, FDA Approved Therapy for Genomic Indication Recommended | 1, Off-label Use of FDA-approved Therapy Recommended | 2, Clinical Trial Recommended | 3, Genetic Counseling/Germline Testing Recommended | 4, Additional Tumor/Plasma Testing Recommended | 5, Request Additional Information from Sequencing Provider Recommended | 6, NGS Findings Non-actionable","One or more recommendations by MTB",,,,,,,,,,,
mtb_discussion_for_ch,mtb_recommendations_followup,,checkbox,"MTB Discussion","1, Potential CH Discussed in Liquid Biopsy | 2, CH Discussed in Tumor Tissue NGS | 3, CH Not Discussed",,,,,,,,,,,,
mtb_follow_up,mtb_recommendations_followup,,radio,"Was the MTB recommendation followed?","1, Yes | 0, No | 99, Unknown | 2, Not Applicable","Marks the acceptance of the MTB recommendations",,,,,,,,,,,
treat_per_mtb_follow_up,mtb_recommendations_followup,,checkbox,"Type of Treatment Followed based on MTB Recommendation ","0, FDA Approved Therapy for Genomic Indication | 1, Off-label Use of FDA-approved Therapy | 2, Single Genotype-Matched Clinical Trial | 3, Aggregate Genomic Profiling-Matched Clinical Trial | 4, Non-Genotype-Matched Clinical Trial | 5, Genetic Counseling/Germline Testing | 6, Additional Tumor/Plasma Testing",,,,,,[mtb_follow_up]=1,,,,,,
gen_prof_matched_ct,mtb_recommendations_followup,,dropdown,"Aggregate Genomic Profiling-Matched Clinical Trial","0, TMB | 1, LOH | 2, Mutational Signature",,,,,,[treat_per_mtb_follow_up(3)]='1',,,,,,
date_mtb_rec_enacted,mtb_recommendations_followup,,text,"When was MTB recommendation enacted?",,"Date MTB recommendation was enacted",date_mdy,,,,[mtb_follow_up]=1,,,,,,
time_to_impl,mtb_recommendations_followup,,calc,"Time to Implementation of MTB Recommendation","datediff([mtb_review_date], [date_mtb_rec_enacted], 'd')","The time from the initial recommendation to the enaction date (in days)",,,,,[mtb_follow_up]=1,,,,,,
date_cur_mtb_recs,mtb_recommendations_followup,,text,"Date Last Curated (MTB Recommendations Followup)",,"Date of curation in the form MMDDYYYY, hyphens will be autocompleted",date_mdy,,,y,,,,,,," @HIDDEN-SURVEY"
cur_by_mtb_recs,mtb_recommendations_followup,,text,"Curated By (MTB Recommendations Followup)",,"Please enter your name",,,,,,,,,,," @HIDDEN-SURVEY"
