Variable / Field Name,Form Name,Section Header,Field Type,Field Label,"Choices, Calculations, OR Slider Labels",Field Note,Text Validation Type OR Show Slider Number,Text Validation Min,Text Validation Max,Identifier?,Branching Logic (Show field only if...),Required Field?,Custom Alignment,Question Number (surveys only),Matrix Group Name,Matrix Ranking?,Field Annotation
record_id,patient_information,,text,Record ID,,,,,,,,,,,,,
hide_selected_forms,patient_information,,yesno,Hide Selected Forms,,,,,,,,,,,,, @DEFAULT='1' @HIDDEN
mrn,patient_information,,text,MRN,,"The patient's JH medical record number, including code system and unique value",,,,y,,y,,,,,
mrn_enterprise,patient_information,,text,MRN Enterprise,,,,,,,,y,,,,,
first_name,patient_information,,text,First Name,,The given name(s) of the patient,,,,y,,y,,,,,
last_name,patient_information,,text,Last Name,,The family name of the patient,,,,y,,y,,,,,
sex,patient_information,,dropdown,Sex,"F, Female | M, Male | UNK, Unknown",The gender the patient was given at birth,,,,,,,,,,,
gender,patient_information,,radio,Administrative Gender,"0, Female | 1, Male | 2, Other | 99, Unknown","A gender classification used for administrative purposes, not necessarily the same as a biological description or a sex identity.",,,,,,,,,,, @HIDDEN
race,patient_information,,dropdown,Race,"0, American Indian/Alaska Native | 1, Asian | 2, Native Hawaiian or Other Pacific Islander | 3, Black or African American | 4, White | 5, More Than One Race | 6, Unknown / Not Reported",Text code for patient's race,,,,,,,,,,,
ethnicity,patient_information,,dropdown,Ethnicity,"0, Hispanic or Latino | 1, NOT Hispanic or Latino | 2, Unknown/Not Reported",Text code patient's ethnicity,,,,,,,,,,,
dob,patient_information,,text,Date of Birth,,"Date of birth in the form MMDDYYYY, hyphens will be autocompleted",date_mdy,,,y,,,,,,, @HIDEBUTTON
age_at_diagnosis,patient_information,,calc,Age at Diagnosis,"round(datediff ([dob], [primary_ca_path_dx_dt_full], ""y""),'1')",Age in years,,,,,,,,,,,
pt_address,patient_information,,text,Address Line,,The street name and number or P.O. box of the physical home address of the patient,,,,,,,,,,, @HIDDEN
pt_address_city,patient_information,,text,Address City,,Name of city of the physical home address of the patient,,,,,,,,,,, @HIDDEN
pt_address_state,patient_information,,text,Address State,,Name of state of the physical home address of the patient,,,,,,,,,,, @HIDDEN
pt_address_zipcode,patient_information,,text,Address Zip Code,,The postal (zip) code of the physical home address of the patient,,,,,,,,,,,
pt_address_period,patient_information,,text,Address Period,,Time period address has been in use,,,,,,,,,,, @HIDDEN
height_at_diagnosis,patient_information,,text,Height at Diagnosis (in cm),,The patient's height at diagnosis in centimeteres,number_1dp,,,,,,,,,,
weight_at_diagnosis,patient_information,,text,Weight at Diagnosis (in kg),,The patient's weight at diagnosis (a number with 2 decimal places and max=400.00),number_2dp,,400,,,,,,,,
bmi_at_diagnosis,patient_information,,calc,BMI at Diagnosis,"round([weight_at_diagnosis]/(([height_at_diagnosis]/100)*([height_at_diagnosis]/100)),2)",,,,,,,,,,,,
smoking_status,patient_information,,radio,What is the smoking status of the patient?,"0, Current Smoker | 1, Former Smoker | 2, Never Smoker | 98, Smoker, Current Status Unknown | 99, Unknown if Ever Smoked",Text code for patient's smoking status,,,,,,,,,,,
pack_years,patient_information,,text,Pack-years,,Number with one decimal place for pack-years,number_1dp,,,,[smoking_status] = '0' or [smoking_status] = '1' or [smoking_status] = '98',,,,,,
date_cur_pt_info,patient_information,Patient Info Curation Information,text,Date Last Curated (Patient Info) ,,,date_mdy,,,y,,,,,,, @HIDDEN-SURVEY @TODAY
cur_by_pt_info,patient_information,,text,Curated By (Patient Info) ,,,,,,,,,,,,," @HIDDEN-SURVEY @PREFILL=""[user-fullname]"""
comorbidity_free_text,comorbidities,,notes,Problem-List (All Problems and Health Concerns from EPIC),,Please add brief term if an appropriate NCI code is not found,,,,,,,,,,, @HIDDEN
comorb_grid,comorbidities,Comorbidities List,descriptive,"<div class=""rich-text-field-label""><table style=""border-collapse: collapse; width: 86.8326%; height: 438px; border-width: 0.1px; border-spacing: 0.1px; background-color: #ecf0f1; border-color: #ced4d9;"" border=""1""><colgroup><col style=""width: 71.2176%;""><col style=""width: 28.7685%;""></colgroup> <tbody> <tr style=""height: 24.3333px;""> <td style=""width: 50pt; border-width: 0.1px; border-color: #ced4d9;"" width=""67"" height=""19"">Myocardial Infarction</td> <td style=""width: 50pt; border-width: 0.1px; border-color: #ced4d9;"" width=""67"" height=""19"">{comorb_mi}</td> </tr> <tr style=""height: 24.3333px;""> <td style=""border-width: 0.1px; border-color: #ced4d9;"" height=""19"">Congestive Heart Failure</td> <td style=""border-width: 0.1px; border-color: #ced4d9;"" height=""19"">{comorb_chf}</td> </tr> <tr style=""height: 24.3333px;""> <td style=""border-width: 0.1px; border-color: #ced4d9;"" height=""19"">Peripheral Vascular Disease</td> <td style=""border-width: 0.1px; border-color: #ced4d9;"" height=""19"">{comorb_pvd}</td> </tr> <tr style=""height: 24.3333px;""> <td style=""border-width: 0.1px; border-color: #ced4d9;"" height=""19"">Cerebrovascular Disease</td> <td style=""border-width: 0.1px; border-color: #ced4d9;"" height=""19"">{comorb_cd}</td> </tr> <tr style=""height: 24.3333px;""> <td style=""width: 50pt; border-width: 0.1px; border-color: #ced4d9;"">Dementia</td> <td style=""border-width: 0.1px; border-color: #ced4d9;"">{comorb_dementia}</td> </tr> <tr style=""height: 24.3333px;""> <td style=""border-width: 0.1px; border-color: #ced4d9;"" height=""19"">Chronic Pulmonary Disease</td> <td style=""border-width: 0.1px; border-color: #ced4d9;"" height=""19"">{comorb_cpd}</td> </tr> <tr style=""height: 24.3333px;""> <td style=""border-width: 0.1px; border-color: #ced4d9;"" height=""19"">Rheumatic Disease</td> <td style=""border-width: 0.1px; border-color: #ced4d9;"" height=""19"">{comorb_rd}</td> </tr> <tr style=""height: 24.3333px;""> <td style=""border-width: 0.1px; border-color: #ced4d9;"" height=""19"">Peptic Ulcer Disease</td> <td style=""border-width: 0.1px; border-color: #ced4d9;"" height=""19"">{comorb_pud}</td> </tr> <tr style=""height: 24.3333px;""> <td style=""border-width: 0.1px; border-color: #ced4d9;"" height=""19"">Mild Liver Disease</td> <td style=""border-width: 0.1px; border-color: #ced4d9;"" height=""19"">{comorb_mld}</td> </tr> <tr style=""height: 24.3333px;""> <td style=""border-width: 0.1px; border-color: #ced4d9;"">Diabetes without Chronic Complications</td> <td style=""border-width: 0.1px; border-color: #ced4d9;"">{comorb_diab_wo_chr_compl}</td> </tr> <tr style=""height: 24.3333px;""> <td style=""border-width: 0.1px; border-color: #ced4d9;"" height=""19"">Diabetes with Chronic Complications</td> <td style=""border-width: 0.1px; border-color: #ced4d9;"" height=""19"">{comorb_diab_w_chr_compl}</td> </tr> <tr style=""height: 24.3333px;""> <td style=""border-width: 0.1px; border-color: #ced4d9;"" height=""19"">Hemiplegia or Paraplegia</td> <td style=""border-width: 0.1px; border-color: #ced4d9;"" height=""19"">{comorb_hemip_or_paraplegia}</td> </tr> <tr style=""height: 24.3333px;""> <td style=""border-width: 0.1px; border-color: #ced4d9;"" height=""19"">Renal Disease</td> <td style=""border-width: 0.1px; border-color: #ced4d9;"" height=""19"">{comorb_renal_disease}</td> </tr> <tr style=""height: 24.3333px;""> <td style=""border-width: 0.1px; border-color: #ced4d9;"" height=""19"">Any Malignancy, including Lymphoma and Leukemia</td> <td style=""border-width: 0.1px; border-color: #ced4d9;"" height=""19"">{comorb_any_malignancy}</td> </tr> <tr style=""height: 24.3333px;""> <td style=""border-width: 0.1px; border-color: #ced4d9;"" height=""19"">Liver disease (Moderate to Severe)</td> <td style=""border-width: 0.1px; border-color: #ced4d9;"" height=""19"">{comorb_ld_mod_severe}</td> </tr> <tr style=""height: 24.3333px;""> <td style=""border-width: 0.1px; border-color: #ced4d9;"" height=""19"">Metastatic Solid Tumor</td> <td style=""border-width: 0.1px; border-color: #ced4d9;"" height=""19"">{comorb_met_solid_tumor}</td> </tr> <tr style=""height: 24.3333px;""> <td style=""border-width: 0.1px; border-color: #ced4d9;"" height=""19"">AIDS/HIV</td> <td style=""border-width: 0.1px; border-color: #ced4d9;"" height=""19"">{comorb_aids_hiv}</td> </tr> <tr style=""height: 24.3333px;""> <td style=""border-width: 0.1px; border-color: #ced4d9; background-color: #c2e0f4;"">Charlson Comorbidity Index Score*</td> <td style=""border-width: 0.1px; border-color: #ced4d9; background-color: #c2e0f4;"">{charlson_comorbidity_index}</td> </tr> </tbody> </table> <p><span style=""font-weight: normal;""><em>*<span style=""text-decoration: underline;"">Based on</span> Quan et al., Medical Care, 2005 <span style=""text-decoration: underline;"">AND</span> Beyrer et al., Pharmacoepidemiology and Drug Safety, 2021</em></span></p> <p> </p></div>",,,,,,,,,,,,,
date_index_score_calc,comorbidities,,text,Date of Charlson Comorbidity Index Score Calculation,,,date_mdy,,,,,,,,,, @TODAY @READONLY @HIDEBUTTON
comorb_mi,comorbidities,,calc,Myocardial Infarction,"if((contains([comorbidity_free_text], 'ICD-10-CM I21.') OR contains([comorbidity_free_text], 'ICD-10-CM 122.') OR contains([comorbidity_free_text], 'ICD-10-CM 125.2')), 1, 0)",,,,,,,,,,,,
comorb_chf,comorbidities,,calc,Congestive Heart Failure,"if((contains([comorbidity_free_text], 'ICD-10-CM I11.0') OR contains([comorbidity_free_text], 'ICD-10-CM I13.0') OR contains([comorbidity_free_text], 'ICD-10-CM I13.2') OR contains([comorbidity_free_text], 'ICD-10-CM I25.5') OR contains([comorbidity_free_text], 'ICD-10-CM I42.0') OR contains([comorbidity_free_text], 'ICD-10-CM I42.5') OR contains([comorbidity_free_text], 'ICD-10-CM I42.6') OR contains([comorbidity_free_text], 'ICD-10-CM I42.7') OR contains([comorbidity_free_text], 'ICD-10-CM I42.8') OR contains([comorbidity_free_text], 'ICD-10-CM I42.9') OR contains([comorbidity_free_text], 'ICD-10-CM I43.') OR contains([comorbidity_free_text], 'ICD-10-CM I50.') OR contains([comorbidity_free_text], 'ICD-10-CM P29.0') OR contains([comorbidity_free_text], 'ICD-10-CM I09.9')), 1, 0)",,,,,,,,,,,,
comorb_pvd,comorbidities,,calc,Peripheral Vascular Disease,"if((contains([comorbidity_free_text], 'ICD-10-CM I70.') OR contains([comorbidity_free_text], 'ICD-10-CM A52.01') OR contains([comorbidity_free_text], 'ICD-10-CM I75.') OR contains([comorbidity_free_text], 'ICD-10-CM I77.7') OR contains([comorbidity_free_text], 'ICD-10-CM I71.') OR contains([comorbidity_free_text], 'ICD-10-CM I73.1') OR contains([comorbidity_free_text], 'ICD-10-CM I73.8') OR contains([comorbidity_free_text], 'ICD-10-CM I73.9') OR contains([comorbidity_free_text], 'ICD-10-CM I77.1') OR contains([comorbidity_free_text], 'ICD-10-CM I79.0') OR contains([comorbidity_free_text], 'ICD-10-CM I79.1') OR contains([comorbidity_free_text], 'ICD-10-CM I79.8') OR contains([comorbidity_free_text], 'ICD-10-CM K55.1') OR contains([comorbidity_free_text], 'ICD-10-CM K55.8') OR contains([comorbidity_free_text], 'ICD-10-CM K55.9') OR contains([comorbidity_free_text], 'ICD-10-CM Z95.8') OR contains([comorbidity_free_text], 'ICD-10-CM Z95.9')), 1, 0)",,,,,,,,,,,,
comorb_cd,comorbidities,,calc,Cerebrovascular Disease,"if((contains([comorbidity_free_text], 'ICD-10-CM H34.8') OR contains([comorbidity_free_text], 'ICD-10-CM H34.9') OR contains([comorbidity_free_text], 'ICD-10-CM I69.') OR contains([comorbidity_free_text], 'ICD-10-CM G45.') OR contains([comorbidity_free_text], 'ICD-10-CM G46.') OR contains([comorbidity_free_text], 'ICD-10-CM H34.0') OR contains([comorbidity_free_text], 'ICD-10-CM H34.1') OR contains([comorbidity_free_text], 'ICD-10-CM H34.2') OR contains([comorbidity_free_text], 'ICD-10-CM I60.') OR contains([comorbidity_free_text], 'ICD-10-CM I61.') OR contains([comorbidity_free_text], 'ICD-10-CM I62.') OR contains([comorbidity_free_text], 'ICD-10-CM I63.') OR contains([comorbidity_free_text], 'ICD-10-CM I64.') OR contains([comorbidity_free_text], 'ICD-10-CM I65.') OR contains([comorbidity_free_text], 'ICD-10-CM I66.') OR contains([comorbidity_free_text], 'ICD-10-CM I67.') OR contains([comorbidity_free_text], 'ICD-10-CM I68.')), 1, 0)",,,,,,,,,,,,
comorb_dementia,comorbidities,,calc,"Dementia
","if((contains([comorbidity_free_text],'ICD-10-CM F01.') OR contains([comorbidity_free_text], 'ICD-10-CM F02.') OR contains([comorbidity_free_text], 'ICD-10-CM F03.') OR contains([comorbidity_free_text], 'ICD-10-CM F04') OR contains([comorbidity_free_text], 'ICD-10-CM F05') OR contains([comorbidity_free_text], 'ICD-10-CM F06.1') OR contains([comorbidity_free_text], 'ICD-10-CM F06.8') OR contains([comorbidity_free_text], 'ICD-10-CM G13.2') OR contains([comorbidity_free_text], 'ICD-10-CM G13.8') OR contains([comorbidity_free_text], 'ICD-10-CM G30.') OR contains([comorbidity_free_text], 'ICD-10-CM G31.0') OR contains([comorbidity_free_text], 'ICD-10-CM G31.1') OR contains([comorbidity_free_text], 'ICD-10-CM G31.2') OR contains([comorbidity_free_text], 'ICD-10-CM G91.4') OR contains([comorbidity_free_text], 'ICD-10-CM G94') OR contains([comorbidity_free_text], 'ICD-10-CM R41.81') OR contains([comorbidity_free_text], 'ICD-10-CM R54.')), 1, 0)",,,,,,,,,,,,
comorb_cpd,comorbidities,,calc,Chronic Pulmonary Disease,"if((contains([comorbidity_free_text], 'ICD-10-CM I27.2') OR contains([comorbidity_free_text], 'ICD-10-CM I27.8') OR contains([comorbidity_free_text], 'ICD-10-CM I27.9') OR contains([comorbidity_free_text], 'ICD-10-CM J40.') OR contains([comorbidity_free_text], 'ICD-10-CM J41.') OR contains([comorbidity_free_text], 'ICD-10-CM J42.') OR contains([comorbidity_free_text], 'ICD-10-CM J43.') OR contains([comorbidity_free_text], 'ICD-10-CM J44.') OR contains([comorbidity_free_text], 'ICD-10-CM J45.') OR contains([comorbidity_free_text], 'ICD-10-CM J46.') OR contains([comorbidity_free_text], 'ICD-10-CM J47.') OR contains([comorbidity_free_text], 'ICD-10-CM J60.') OR contains([comorbidity_free_text], 'ICD-10-CM J61.') OR contains([comorbidity_free_text], 'ICD-10-CM J62.') OR contains([comorbidity_free_text], 'ICD-10-CM J63.') OR contains([comorbidity_free_text], 'ICD-10-CM J64.') OR contains([comorbidity_free_text], 'ICD-10-CM J65.') OR contains([comorbidity_free_text], 'ICD-10-CM J66.') OR contains([comorbidity_free_text], 'ICD-10-CM J67.') OR contains([comorbidity_free_text], 'ICD-10-CM J68.4') OR contains([comorbidity_free_text], 'ICD-10-CM J70.1') OR contains([comorbidity_free_text], 'ICD-10-CM J70.3')), 1, 0)",,,,,,,,,,,,
comorb_rd,comorbidities,,calc,Rheumatic Disease,"if((contains([comorbidity_free_text], 'ICD-10-CM M05.') OR contains([comorbidity_free_text], 'ICD-10-CM M06.') OR contains([comorbidity_free_text], 'ICD-10-CM M31.5') OR contains([comorbidity_free_text], 'ICD-10-CM M32.') OR contains([comorbidity_free_text], 'ICD-10-CM M33.') OR contains([comorbidity_free_text], 'ICD-10-CM M34.') OR contains([comorbidity_free_text], 'ICD-10-CM M35.1') OR contains([comorbidity_free_text], 'ICD-10-CM M35.3') OR contains([comorbidity_free_text], 'ICD-10-CM M36.0')), 1, 0)",,,,,,,,,,,,
comorb_pud,comorbidities,,calc,Peptic Ulcer Disease,"if((contains([comorbidity_free_text], 'ICD-10-CM K25.') OR contains([comorbidity_free_text], 'ICD-10-CM K26.') OR contains([comorbidity_free_text], 'ICD-10-CM K27.') OR contains([comorbidity_free_text], 'ICD-10-CM K28.')), 1, 0)",,,,,,,,,,,,
comorb_mld,comorbidities,,calc,Mild Liver Disease,"if((contains([comorbidity_free_text], 'ICD-10-CM B18.') OR contains([comorbidity_free_text], 'ICD-10-CM K70.0') OR contains([comorbidity_free_text], 'ICD-10-CM K70.1') OR contains([comorbidity_free_text], 'ICD-10-CM K70.2') OR contains([comorbidity_free_text], 'ICD-10-CM K70.3') OR contains([comorbidity_free_text], 'ICD-10-CM K70.9') OR contains([comorbidity_free_text], 'ICD-10-CM K71.3') OR contains([comorbidity_free_text], 'ICD-10-CM K71.4') OR contains([comorbidity_free_text], 'ICD-10-CM K71.5') OR contains([comorbidity_free_text], 'ICD-10-CM K71.7') OR contains([comorbidity_free_text], 'ICD-10-CM K73.') OR contains([comorbidity_free_text], 'ICD-10-CM K74.') OR contains([comorbidity_free_text], 'ICD-10-CM K76.0') OR contains([comorbidity_free_text], 'ICD-10-CM K76.2') OR contains([comorbidity_free_text], 'ICD-10-CM K76.3') OR contains([comorbidity_free_text], 'ICD-10-CM K76.4') OR contains([comorbidity_free_text], 'ICD-10-CM K76.8') OR contains([comorbidity_free_text], 'ICD-10-CM K76.9') OR contains([comorbidity_free_text], 'ICD-10-CM Z94.4')), 1, 0)",,,,,,,,,,,,
comorb_diab_wo_chr_compl,comorbidities,,calc,Diabetes without Chronic Complications,"if((contains([comorbidity_free_text], ' ICD-10-CM E10.1') OR contains([comorbidity_free_text], 'ICD-10-CM E10.6') OR contains([comorbidity_free_text], 'ICD-10-CM E10.8') OR contains([comorbidity_free_text], 'ICD-10-CM E10.9') OR contains([comorbidity_free_text], 'ICD-10-CM E11.0') OR contains([comorbidity_free_text], 'ICD-10-CM E11.1') OR contains([comorbidity_free_text], 'ICD-10-CM E11.6') OR contains([comorbidity_free_text], 'ICD-10-CM E11.8') OR contains([comorbidity_free_text], 'ICD-10-CM E11.9') OR contains([comorbidity_free_text], 'ICD-10-CM E13.0') OR contains([comorbidity_free_text], 'ICD-10-CM E13.1') OR contains([comorbidity_free_text], 'ICD-10-CM E13.6') OR contains([comorbidity_free_text], 'ICD-10-CM E13.8')), 1, 0)",,,,,,,,,,,,
comorb_diab_w_chr_compl,comorbidities,,calc,Diabetes with Chronic Complications,"if((contains([comorbidity_free_text], ' ICD-10-CM E10.2') OR contains([comorbidity_free_text], 'ICD-10-CM E10.3') OR contains([comorbidity_free_text], 'ICD-10-CM E10.4') OR contains([comorbidity_free_text], 'ICD-10-CM E10.5') OR contains([comorbidity_free_text], 'ICD-10-CM E11.2') OR contains([comorbidity_free_text], 'ICD-10-CM E11.3') OR contains([comorbidity_free_text], 'ICD-10-CM E11.4') OR contains([comorbidity_free_text], 'ICD-10-CM E11.5') OR contains([comorbidity_free_text], 'ICD-10-CM E13.2') OR contains([comorbidity_free_text], 'ICD-10-CM E13.3') OR contains([comorbidity_free_text], 'ICD-10-CM E13.4') OR contains([comorbidity_free_text], 'ICD-10-CM E13.5')), 2, 0)",,,,,,,,,,,,
comorb_hemip_or_paraplegia,comorbidities,,calc,Hemiplegia or Paraplegia,"if((contains([comorbidity_free_text], ' ICD-10-CM G04.1') OR contains([comorbidity_free_text], 'ICD-10-CM G11.4') OR contains([comorbidity_free_text], 'ICD-10-CM G80.0') OR contains([comorbidity_free_text], 'ICD-10-CM G80.1') OR contains([comorbidity_free_text], 'ICD-10-CM G80.2') OR contains([comorbidity_free_text], 'ICD-10-CM G81.') OR contains([comorbidity_free_text], 'ICD-10-CM G82.') OR contains([comorbidity_free_text], 'ICD-10-CM G83.')), 2, 0)",,,,,,,,,,,,
comorb_renal_disease,comorbidities,,calc,Renal Disease,"if((contains([comorbidity_free_text], ' ICD-10-CM I12.9') OR contains([comorbidity_free_text], 'ICD-10-CM I13.0') OR contains([comorbidity_free_text], 'ICD-10-CM I13.10') OR contains([comorbidity_free_text], 'ICD-10-CM N03.') OR contains([comorbidity_free_text], 'ICD-10-CM N05.') OR contains([comorbidity_free_text], 'ICD-10-CM N18.1') OR contains([comorbidity_free_text], 'ICD-10-CM N18.2') OR contains([comorbidity_free_text], 'ICD-10-CM N18.3') OR contains([comorbidity_free_text], 'ICD-10-CM N18.4') OR contains([comorbidity_free_text], 'ICD-10-CM N18.9') OR contains([comorbidity_free_text], 'ICD-10-CM Z94.0') OR contains([comorbidity_free_text], 'ICD-10-CM I12.0') OR contains([comorbidity_free_text], 'ICD-10-CM I13.11') OR contains([comorbidity_free_text], 'ICD-10-CM I13.2') OR contains([comorbidity_free_text], 'ICD-10-CM N18.5') OR contains([comorbidity_free_text], 'ICD-10-CM N18.6') OR contains([comorbidity_free_text], 'ICD-10-CM N19.') OR contains([comorbidity_free_text], 'ICD-10-CM N25.0') OR contains([comorbidity_free_text], 'ICD-10-CM Z49.') OR contains([comorbidity_free_text], 'ICD-10-CM Z99.2') OR contains([comorbidity_free_text], 'ICD-10-CM E08.') OR contains([comorbidity_free_text], 'ICD-10-CM N06.') OR contains([comorbidity_free_text], 'ICD-10-CM N07.') OR contains([comorbidity_free_text], 'ICD-10-CM N08') OR contains([comorbidity_free_text], 'ICD-10-CM N17.')), 2, 0)",,,,,,,,,,,,
comorb_any_malignancy,comorbidities,,calc,"Any Malignancy, including Lymphoma and Leukemia","if((contains([comorbidity_free_text], 'ICD-10-CM C0.') OR contains([comorbidity_free_text], 'ICD-10-CM C1.') OR contains([comorbidity_free_text], 'ICD-10-CM C2.') OR contains([comorbidity_free_text], 'ICD-10-CM C30.') OR contains([comorbidity_free_text], 'ICD-10-CM C31.') OR contains([comorbidity_free_text], 'ICD-10-CM C32.C33.') OR contains([comorbidity_free_text], 'ICD-10-CM C34.') OR contains([comorbidity_free_text], 'ICD-10-CM C37.') OR contains([comorbidity_free_text], 'ICD-10-CM C38.') OR contains([comorbidity_free_text], 'ICD-10-CM C39.') OR contains([comorbidity_free_text], 'ICD-10-CM C40.') OR contains([comorbidity_free_text], 'ICD-10-CM C41.') OR contains([comorbidity_free_text], 'ICD-10-CM C43.') OR contains([comorbidity_free_text], 'ICD-10-CM C45.') OR contains([comorbidity_free_text], 'ICD-10-CM C46.') OR contains([comorbidity_free_text], 'ICD-10-CM C47.') OR contains([comorbidity_free_text], 'ICD-10-CM C48.') OR contains([comorbidity_free_text], 'ICD-10-CM C49.') OR contains([comorbidity_free_text], 'ICD-10-CM C50') OR contains([comorbidity_free_text], 'ICD-10-CM C51') OR contains([comorbidity_free_text], 'ICD-10-CM C52') OR contains([comorbidity_free_text], 'ICD-10-CM C53') OR contains([comorbidity_free_text], 'ICD-10-CM C54') OR contains([comorbidity_free_text], 'ICD-10-CM C55') OR contains([comorbidity_free_text], 'ICD-10-CM C56') OR contains([comorbidity_free_text], 'ICD-10-CM C57') OR contains([comorbidity_free_text], 'ICD-10-CM C58') OR contains([comorbidity_free_text], 'ICD-10-CM C60') OR contains([comorbidity_free_text], 'ICD-10-CM C61') OR contains([comorbidity_free_text], 'ICD-10-CM C62') OR contains([comorbidity_free_text], 'ICD-10-CM C63') OR contains([comorbidity_free_text], 'ICD-10-CM C76.') OR contains([comorbidity_free_text], 'ICD-10-CM C80.1') OR contains([comorbidity_free_text], 'ICD-10-CM C81.') OR contains([comorbidity_free_text], 'ICD-10-CM C82.') OR contains([comorbidity_free_text], 'ICD-10-CM C83.') OR contains([comorbidity_free_text], 'ICD-10-CM C84.') OR contains([comorbidity_free_text], 'ICD-10-CM C85.') OR contains([comorbidity_free_text], 'ICD-10-CM C88.') OR contains([comorbidity_free_text], 'ICD-10-CM C9') OR contains([comorbidity_free_text], 'ICD-10-CM C4A.') OR contains([comorbidity_free_text], 'ICD-10-CM C64.') OR contains([comorbidity_free_text], 'ICD-10-CM C65.') OR contains([comorbidity_free_text], 'ICD-10-CM C66.') OR contains([comorbidity_free_text], 'ICD-10-CM C67.') OR contains([comorbidity_free_text], 'ICD-10-CM C68.') OR contains([comorbidity_free_text], 'ICD-10-CM C69.') OR contains([comorbidity_free_text], 'ICD-10-CM C70.') OR contains([comorbidity_free_text], 'ICD-10-CM C71.') OR contains([comorbidity_free_text], 'ICD-10-CM C72.') OR contains([comorbidity_free_text], 'ICD-10-CM C74.') OR contains([comorbidity_free_text], 'ICD-10-CM C75.') OR contains([comorbidity_free_text], 'ICD-10-CM C7A.') OR contains([comorbidity_free_text], 'ICD-10-CM C80.2') OR contains([comorbidity_free_text], 'ICD-10-CM C86.') OR contains([comorbidity_free_text], 'ICD-10-CM D45')), 2, 0)",,,,,,,,,,,,
comorb_ld_mod_severe,comorbidities,,calc,Liver disease (Moderate to Severe),"if((contains([comorbidity_free_text], 'ICD-10-CM I85.0') OR contains([comorbidity_free_text], 'ICD-10-CM I86.4') OR contains([comorbidity_free_text], 'ICD-10-CM K70.4') OR contains([comorbidity_free_text], 'ICD-10-CM K71.1') OR contains([comorbidity_free_text], 'ICD-10-CM K72.1') OR contains([comorbidity_free_text], 'ICD-10-CM K72.9') OR contains([comorbidity_free_text], 'ICD-10-CM K76.5') OR contains([comorbidity_free_text], 'ICD-10-CM K76.6') OR contains([comorbidity_free_text], 'ICD-10-CM K76.7') OR contains([comorbidity_free_text], 'ICD-10-CM K76.81') OR contains([comorbidity_free_text], 'ICD-10-CM I85.1')), 3, 0)",,,,,,,,,,,,
comorb_met_solid_tumor,comorbidities,,calc,Metastatic Solid Tumor,"if((contains([comorbidity_free_text], 'ICD-10-CM C77.') OR contains([comorbidity_free_text], 'ICD-10-CM C78.') OR contains([comorbidity_free_text], 'ICD-10-CM C79.') OR contains([comorbidity_free_text], 'ICD-10-CM C80.0') OR contains([comorbidity_free_text], 'ICD-10-CM C80.2') OR contains([comorbidity_free_text], 'ICD-10-CM C7B.')), 6,0)",,,,,,,,,,,,
comorb_aids_hiv,comorbidities,,calc,AIDS/HIV,"if((contains([comorbidity_free_text], 'ICD-10-CM B20.') OR contains([comorbidity_free_text], 'ICD-10-CM B9735') OR contains([comorbidity_free_text], 'ICD-10-CM O98711') OR contains([comorbidity_free_text], 'ICD-10-CM O98712') OR contains([comorbidity_free_text], 'ICD-10-CM O98713') OR contains([comorbidity_free_text], 'ICD-10-CM O98719') OR contains([comorbidity_free_text], 'ICD-10-CM O9872') OR contains([comorbidity_free_text], 'ICD-10-CM O9873') OR contains([comorbidity_free_text], 'ICD-10-CM Z21')), 6,0)",,,,,,,,,,,,
charlson_comorbidity_index,comorbidities,,calc,Charlson Comorbidity Index Score,[comorb_mi] + [comorb_chf] + [comorb_pvd] + [comorb_cd] + [comorb_dementia] + [comorb_cpd] + [comorb_rd] + [comorb_pud] + [comorb_mld] + [comorb_diab_wo_chr_compl] + [comorb_diab_w_chr_compl] + [comorb_renal_disease] +  [comorb_hemip_or_paraplegia] + [comorb_any_malignancy] + [comorb_ld_mod_severe] + [comorb_met_solid_tumor] + [comorb_aids_hiv],,,,,,,,,,,,
personal_cancer_history,personal_and_family_history,,yesno,Personal History of Other Cancer,,"Personal history of cancer diagnoses, other than the current condition",,,,,,,,,,,
personal_cancer_dx,personal_and_family_history,,text,Personal Cancer Diagnosis,,Prior cancer diagnosis,,,,,[personal_cancer_history] = '1',,,,,,
personal_cancer_age,personal_and_family_history,,text,Personal Cancer Age at Diagnosis,,Patient's age when diagnosed with other cancer,number,0,110,,[personal_cancer_history] = '1',,,,,,
personal_other_cancer_age,personal_and_family_history,,text,Personal Other Cancer Age at Diagnosis,,Patient's age when diagnosed with a second other cancer,number,0,110,,[personal_cancer_history] = '1',,,,,,
personal_other_cancer_dx,personal_and_family_history,,text,Personal Other Cancer Diagnosis,,The diagnosis for second other cancer,,,,,[personal_cancer_history] = '1',,,,,,
tumor_predisp_syndrome,personal_and_family_history,,text,Tumor Predisposition Syndrome,BIOPORTAL:NCIT,,,,,,,,,,,,
fam_hx_cancer,personal_and_family_history,,dropdown,Family History of Cancer,"0, No | 1, Yes | 2, Unknown/not reported",Family history of cancer,,,,,,,,,,,
no_first_deg_rel_cancer,personal_and_family_history,,dropdown,Number of First Degree Relatives with Cancer,"0, 0 | 1, 1 | 2, 2 | 3, 3 | 4, 4 | 5, 5 | 6, 6 | 7, 7 | 8, 8 | 9, 9 | 10, 10 | 11, unknown or not reported","Number of first degree relatives (parents, siblings, children) with cancer",,,,,"[fam_hx_cancer] = ""1""",,,,,,
first_deg_rel_under_50,personal_and_family_history,,dropdown,Number First Degree Relatives with Cancer Before Age 50,"0, 0 | 1, 1 | 2, 2 | 3, 3 | 4, 4 | 5, 5 | 6, 6 | 7, 7 | 8, 8 | 9, 9 | 10, 10 | 11, unknown or not reported","Number of first degree relatives  (parents, siblings, children) with cancer before the age of 50",,,,,[no_first_deg_rel_cancer]>0,,,,,,
no_second_deg_rel_cancer,personal_and_family_history,,dropdown,Number of Second Degree Relatives with Cancer,"0, 0 | 1, 1 | 2, 2 | 3, 3 | 4, 4 | 5, 5 | 6, 6 | 7, 7 | 8, 8 | 9, 9 | 10, 10 | 11, unknown or not reported","Number of second degree relatives (grandparents, aunts and uncles, nieces and nephews, half-siblings, grandchildren) with cancer",,,,,"[fam_hx_cancer] = ""1""",,,,,,
sec_deg_rel_under_50,personal_and_family_history,,dropdown,Number of Second Degree Relatives with Cancer Before Age 50,"0, 0 | 1, 1 | 2, 2 | 3, 3 | 4, 4 | 5, 5 | 6, 6 | 7, 7 | 8, 8 | 9, 9 | 10, 10 | 11, unknown or not reported","Number of second degree relatives (grandparents, aunts and uncles, nieces and nephews, half-siblings, grandchildren) with cancer before the age of 50",,,,,[no_second_deg_rel_cancer]>0,,,,,,
no_third_deg_rel_cancer,personal_and_family_history,,dropdown,Number of Third Degree Relatives with Cancer,"0, 0 | 1, 1 | 2, 2 | 3, 3 | 4, 4 | 5, 5 | 6, 6 | 7, 7 | 8, 8 | 9, 9 | 10, 10 | 11, unknown or not reported","Number of third degree relatives (first cousins, great aunts and uncles, great grandparents or great grandchildren) with cancer",,,,,"[fam_hx_cancer] = ""1""",,,,,,
third_deg_rel_under_50,personal_and_family_history,,dropdown,Number of Third Degree Relatives with Cancer Before Age 50,"0, 0 | 1, 1 | 2, 2 | 3, 3 | 4, 4 | 5, 5 | 6, 6 | 7, 7 | 8, 8 | 9, 9 | 10, 10 | 11, unknown or not reported","Number of third degree relatives (first cousins, great aunts and uncles, great grandparents or great grandchildren) with cancer before the age of 50",,,,,[no_third_deg_rel_cancer]>0,,,,,,
fst_deg_cancer_types,personal_and_family_history,Cancer Types in Family Members,checkbox,1st Degree,"0, Breast | 1, Ovarian | 2, Colon | 3, Prost | 4, Lung | 5, Uterus | 6, Uroth | 7, Kidney | 8, Gastric | 9, Pancr | 10, Melan | 11, Other",,,,,,[fam_hx_cancer] = '1',,,,fam_cancer_types,,
snd_deg_cancer_types,personal_and_family_history,,checkbox,2nd Degree,"0, Breast | 1, Ovarian | 2, Colon | 3, Prost | 4, Lung | 5, Uterus | 6, Uroth | 7, Kidney | 8, Gastric | 9, Pancr | 10, Melan | 11, Other",,,,,,[fam_hx_cancer] = '1',,,,fam_cancer_types,,
trd_deg_cancer_types,personal_and_family_history,,checkbox,3rd Degree,"0, Breast | 1, Ovarian | 2, Colon | 3, Prost | 4, Lung | 5, Uterus | 6, Uroth | 7, Kidney | 8, Gastric | 9, Pancr | 10, Melan | 11, Other",,,,,,[fam_hx_cancer] = '1',,,,fam_cancer_types,,
date_cur_fhx,personal_and_family_history,PMHx and FHx Curation Information,text,Date Last Curated (MHx and FHx) ,,"Date of curation in the form MMDDYYYY, hyphens will be autocompleted",date_mdy,,,y,,,,,,, @HIDDEN-SURVEY
cur_by_fhx,personal_and_family_history,,text,Curated By (MHx and FHx) ,,Please enter your full name,,,,,,,,,,, @HIDDEN-SURVEY
genetic_couns,germline_profiling_data,Germline Profiling Data,radio,Genetic Counseling Visit,"0, Yes | 1, No | 2, Unknown",Genetic counceling visit occurred,,,,,,y,,,,,
gen_date_full,germline_profiling_data,,text,Date Genetic Counseling Visit (full value),,,,,,,,,,,,," @CALCTEXT(concat(if(isblankormissingcode([gen_date_m]),'00',[gen_date_m]), ""/"", if(isblankormissingcode([gen_date_d]),'00',[gen_date_d]), ""/"", if(isblankormissingcode([gen_date_y]),'0000',[gen_date_y]))) AND @HIDDEN"
gen_date,germline_profiling_data,,descriptive,"<div class=""rich-text-field-label""><table style=""border-collapse: collapse; width: 97.5495%; height: 18.3333px;"" border=""0""> <tbody> <tr> <td style=""width: 59.5162%;""> </td> <td style=""width: 13.9262%;"">Month</td> <td style=""width: 13.3398%;"">Day</td> <td style=""width: 13.1933%;"">Year</td> </tr> <tr style=""height: 18.3333px; border-style: none;""> <td style=""width: 59.5162%; height: 18.3333px;"">Date Genetic Counseling Visit</td> <td style=""width: 13.9262%; height: 18.3333px;"">{gen_date_m}</td> <td style=""width: 13.3398%; height: 18.3333px;"">{gen_date_d}</td> <td style=""width: 13.1933%; height: 18.3333px;"">{gen_date_y}</td> </tr> </tbody> </table> <p style=""text-align: left;""><em><span style=""font-weight: normal;"">*When was the genetic counseling visit?</span></em></p></div>",,,,,,,[genetic_couns]=0,,,,,,
gen_date_d,germline_profiling_data,,dropdown,Date Genetic Counseling Visit (Day),"XX, Unknown | 01, 01 | 02, 02 | 03, 03 | 04, 04 | 05, 05 | 06, 06 | 07, 07 | 08, 08 | 09, 09 | 10, 10 | 11, 11 | 12, 12 | 13, 13 | 14, 14 | 15, 15 | 16, 16 | 17, 17 | 18, 18 | 19, 19 | 20, 20 | 21, 21 | 22, 22 | 23, 23 | 24, 24 | 25, 25 | 26, 26 | 27, 27 | 28, 28 | 29, 29 | 30, 30 | 31, 31",,,,,,,,,,,,
gen_date_m,germline_profiling_data,,dropdown,Date Genetic Counseling Visit (Month),"XX, Unknown | 01, 01 | 02, 02 | 03, 03 | 04, 04 | 05, 05 | 06, 06 | 07, 07 | 08, 08 | 09, 09 | 10, 10 | 11, 11 | 12, 12",,,,,,,,,,,,
gen_date_y,germline_profiling_data,,dropdown,Date Genetic Counseling Visit (Year),"XXXX, Unknown | 2026, 2026 | 2025, 2025 | 2024, 2024 | 2023, 2023 | 2022, 2022 | 2021, 2021 | 2020, 2020 | 2019, 2019 | 2018, 2018 | 2017, 2017 | 2016, 2016 | 2015, 2015 | 2014, 2014 | 2013, 2013 | 2012, 2012 | 2011, 2011 | 2010, 2010 | 2009, 2009 | 2008, 2008 | 2007, 2007 | 2006, 2006 | 2005, 2005 | 2004, 2004 | 2003, 2003 | 2002, 2002 | 2001, 2001 | 2000, 2000 | 1999, 1999 | 1998, 1998 | 1997, 1997 | 1996, 1996 | 1995, 1995 | 1994, 1994 | 1993, 1993 | 1992, 1992 | 1991, 1991 | 1990, 1990",,,,,,,,,,,,
germ_test_rec,germline_profiling_data,,yesno,Germline Testing Recommendation,,Genetic councelor recommended germline testing,,,,,,,,,,,
germline_report,germline_profiling_data,,file,Germline Report,,,,,,,,,,,,,
germ_report_case_id,germline_profiling_data,,text,Germline Report Case Identifier,,Report ID,,,,,,,,,,,
germline_test_provider,germline_profiling_data,,dropdown,Germline Test Provider,"0, Myriad | 1, GeneDx | 2, Invitae | 3, Color | 4, Other | 5, Ambry",Name of the germline test provider (select from a list),,,,,,,,,,,
germline_test_prov_name,germline_profiling_data,,text,Germline Test Provider (Other),,Name of the germline test provider (if not included in the list),,,,,"[germline_test_provider] = ""4""",,,,,,
germline_assay,germline_profiling_data,,dropdown,Germline Test Assay,"1, FoundationOne CDx | 2, FoundationOne Liquid CDx | 3, FoundationOne Heme | 4, Tempus|xT | 5, Tempus|xE | 6, Tempus|xF | 7, Tempus|nP | 8, Caris Molecular Intelligence | 9, MI GPSai™|Genomic_Prevalence_Score | 10, Caris FOLFIRSTai | 11, NGS Solid Tumor Hotspot Panel | 12, NGS Solid Tumor Panel | 13, Solid Tumor Panel-v6 | 14, Solid Tumor Panel-v5 | 15, Solid Tumor Panel-v3.3 | 16, Solid Tumor Panel-v3 | 17, NGS SOLID TUMOR PNL | 18, NGS Solid Tumor Panel- limited | 19, Lung mutation panel | 20, Guardant360 CDx | 21, Guardant360 TissueNext test | 22, Guardant360 Response test | 23, Guardant Reveal test | 24, LUNAR-2 test | 25, Biocept Target Selector Liquid Biopsy | 26, Invitae Multi-Cancer Panel | 27, Invitae Common Hereditary Cancers Panel | 28, Invitae BRCA1 and BRCA2 STAT Panel | 29, Invitae Breast Cancer STAT Panel | 30, Invitae Breast Cancer Panel | 31, Invitae Breast Cancer Guidelines-Based Panel | 32, Invitae Breast and Gyn Cancers Panel | 33, Invitae Breast and Gyn Cancers Guidelines-Based Panel | 34, Invitae Colorectal Cancer Panel | 35, Invitae Colorectal Cancer Guidelines-Based Panel | 36, Oncomine PanCancer Cell-Free Assay | 37, Biodesix Cancer-Specific Assay | 38, Oncomine Tumor Mutation Load Assay | 39, Inivata InvisionFirst Lung | 40, Inivata InvisionSeq | 41, Inivata RaDar | 42, Signatera | 43, Altera | 44, Empower | 45, Elio tissue complete | 46, Elio plasma resolve | 47, Elio plasma complete | 48, JH Actionable fusion panel | 99, Other",The range(s) of the DNA sequence examined,,,,,,,,,,,
germline_other_assay,germline_profiling_data,,notes,Germline Other Assay - Please Specify,,"Additional description if ""Other"" is selected in the ""Test Assay"" question",,,,,[germline_assay] = '99',,,,,,
gtest_date_full,germline_profiling_data,,text,Date Germline Test (full value),,,,,,,,,,,,," @CALCTEXT(concat(if(isblankormissingcode([gtest_dt_m]),'00',[gtest_dt_m]), ""/"", if(isblankormissingcode([gtest_dt_d]),'00',[gtest_dt_d]), ""/"", if(isblankormissingcode([gtest_dt_y]),'0000',[gtest_dt_y]))) AND @HIDDEN"
gtest_date,germline_profiling_data,,descriptive,"<div class=""rich-text-field-label""><table style=""border-collapse: collapse; width: 97.5495%; height: 18.3333px;"" border=""0""> <tbody> <tr> <td style=""width: 59.5162%;""> </td> <td style=""width: 13.9262%;"">Month</td> <td style=""width: 13.3398%;"">Day</td> <td style=""width: 13.1933%;"">Year</td> </tr> <tr style=""height: 18.3333px; border-style: none;""> <td style=""width: 59.5162%; height: 18.3333px;"">Date Germline Test</td> <td style=""width: 13.9262%; height: 18.3333px;"">{gtest_dt_m}</td> <td style=""width: 13.3398%; height: 18.3333px;"">{gtest_dt_d}</td> <td style=""width: 13.1933%; height: 18.3333px;"">{gtest_dt_y}</td> </tr> </tbody> </table> <p style=""text-align: left;""><em><span style=""font-weight: normal;"">*When was the germline test completed?</span></em></p></div>",,,,,,,,,,,,,
gtest_dt_d,germline_profiling_data,,dropdown,Date Germline Test (Day),"XX, Unknown | 01, 01 | 02, 02 | 03, 03 | 04, 04 | 05, 05 | 06, 06 | 07, 07 | 08, 08 | 09, 09 | 10, 10 | 11, 11 | 12, 12 | 13, 13 | 14, 14 | 15, 15 | 16, 16 | 17, 17 | 18, 18 | 19, 19 | 20, 20 | 21, 21 | 22, 22 | 23, 23 | 24, 24 | 25, 25 | 26, 26 | 27, 27 | 28, 28 | 29, 29 | 30, 30 | 31, 31",,,,,,,,,,,,
gtest_dt_m,germline_profiling_data,,dropdown,Date Germline Test (Month),"XX, Unknown | 01, 01 | 02, 02 | 03, 03 | 04, 04 | 05, 05 | 06, 06 | 07, 07 | 08, 08 | 09, 09 | 10, 10 | 11, 11 | 12, 12",,,,,,,,,,,,
gtest_dt_y,germline_profiling_data,,dropdown,Date Germline Test (Year),"XXXX, Unknown | 2026, 2026 | 2025, 2025 | 2024, 2024 | 2023, 2023 | 2022, 2022 | 2021, 2021 | 2020, 2020 | 2019, 2019 | 2018, 2018 | 2017, 2017 | 2016, 2016 | 2015, 2015 | 2014, 2014 | 2013, 2013 | 2012, 2012 | 2011, 2011 | 2010, 2010 | 2009, 2009 | 2008, 2008 | 2007, 2007 | 2006, 2006 | 2005, 2005 | 2004, 2004 | 2003, 2003 | 2002, 2002 | 2001, 2001 | 2000, 2000 | 1999, 1999 | 1998, 1998 | 1997, 1997 | 1996, 1996 | 1995, 1995 | 1994, 1994 | 1993, 1993 | 1992, 1992 | 1991, 1991 | 1990, 1990",,,,,,,,,,,,
date_cur_germ_prof,germline_profiling_data,Germline Profiling Curation Information,text,Date Last Curated (Germline Profiling Data) ,,"Date of curation in the form MMDDYYYY, hyphens will be autocompleted",date_mdy,,,y,,,,,,, @HIDDEN-SURVEY
cur_by_germ_prof,germline_profiling_data,,text,Curated By (Germline Profiling Data) ,,Please enter your full name,,,,,,,,,,, @HIDDEN-SURVEY [user-name]
germ_report_case_id_genomic,germline_genomics,,text,Germline Report Case Identifier,,Report ID,,,,,,,,,,,
germ_gene_name_hgnc,germline_genomics,,text,Name of Mutated Gene (Germline),,The gene name,,,,,,,,,,,
germ_gene_id_hgnc_id,germline_genomics,,text,ID of Mutated Gene (Germline),BIOPORTAL:HGNC-NR,The gene id: based on the HGNC nomenclature,,,,,,,,,,,
germ_mutation_type,germline_genomics,,dropdown,"Is the germline mutation reported a sequence alteration or a structural alteration (amplification, deletion or fusion/rearrangement)?
","1, Sequence Alteration | 2, Structural Alteration",,,,,,,,,,,,
germ_structural_type,germline_genomics,,dropdown,Structural Type (Germline),"1, Amplification | 2, Deletion | 3, Fusion | 4, Complex",Type of structural mutation,,,,,[germ_mutation_type] = '2',,,,,,
germ_five_prime_partner,germline_genomics,,text,5' Gene Partner (Germline),,,,,,,[germ_structural_type]=3,,,,,,
germ_three_prime_partner,germline_genomics,,text,3' Gene Partner (Germline),,,,,,,[germ_structural_type]=3,,,,,,
germ_fusion_breakpoint,germline_genomics,,text,Fusion Breakpoint (Germline),,Exact breakpoint or any information from NGS report,,,,,[germ_structural_type]=3,,,,,,
germ_cytogen_loc,germline_genomics,,text,Cytogenetic Location (Germline),,"e.g., chr7: 140434535-140434535",,,,,,,,,,," @CALCTEXT(concat(""chr"", [germ_cytogen_loc_chrom], "": "", [germ_cytogen_loc_start_pos], ""-"", [germ_cytogen_loc_end_pos]))"
germ_genome_assembly,germline_genomics,,dropdown,Genome Assembly (Germline),"1, GRCh38 | 2, GRCh37/Hg19 | 3, Hg18 | 99, Unknown",The genome assembly,,,,,,,,,,,
germ_cytogen_loc_chrom,germline_genomics,,text,Cytogenetic Location - Chromosome (Germline),,"e.g., 7",,,,,,,,,,,
germ_cytogen_loc_start_pos,germline_genomics,,text,Cytogenetic Location - Start Position (Germline),,"e.g., 140434535",integer,,,,,,,,,,
germ_cytogen_loc_end_pos,germline_genomics,,text,Cytogenetic Location - End Position (Germline),,"e.g., 140434535",integer,,,,,,,,,,
germ_reference_allele,germline_genomics,,text,Reference Allele (Germline),,"Reference Allele (A, T, C, G)",,,,,,,,,,,
germ_altered_allele,germline_genomics,,text,Altered Allele (Germline),,"Altered Allele (A, T, C, G)",,,,,,,,,,,
germ_refseq_id,germline_genomics,,text,Refseq ID (Germline),,Range(s) of DNA sequence examined,,,,,,,,,,,
germ_ensembl_id,germline_genomics,,text,Ensembl ID (Germline),,The Ensembl ID,,,,,,,,,,,
germ_mutation_class,germline_genomics,,radio,Mutation Classification (Germline),"1, Missense | 2, Nonsense | 3, Frameshift | 4, Inframe Deletion | 5, Inframe Insertion | 6, Splice Site Variant | 7, Complex | 8, Silent | 9, Intron | 10, 3'UTR | 11, Promoter Region",The mutation classification,,,,,,,,,,,
germ_nucleot_change_hgvs,germline_genomics,,text,Nucleotide Change (Germline),,Example: chr12:1455 C>G,,,,,,,,,,,
germ_cdna_change_hgvs,germline_genomics,,text,cDNA Change (Germline),,Example: c.230G>T,,,,,,,,,,,
germ_aa_change_hgvs,germline_genomics,,text,Amino Acid Change (Germline),,Example: p.G79*,,,,,,,,,,,
germ_dbsnp,germline_genomics,,text,DBSNP ID (Germline),,The variation ID assigned by DBSNP,,,,,,,,,,,
germ_clinvar,germline_genomics,,text,ClinVar ID (Germline),,The variation ID assigned by ClinVar,,,,,,,,,,,
germ_allelic_state,germline_genomics,,radio,Allelic State (Germline),"1, Homozygous | 2, Heterozygous | 3, Hemizygous | 4, Heteroplasmic | 5, Homoplasmic",The classification of allelic state using one of the five provided codes,,,,,,,,,,,
germline_variant_id,germline_genomics,,radio,Germline Variant,"0, None | 1, Benign | 2, Likely Benign | 3, Uncertain Significance | 4, Likely Pathogenic | 5, Pathogenic",The classification of a germline variant according to pathogenicity,,,,,,,,,,,
date_cur_germ_prof_gen,germline_genomics,Germline Genomics Curation Information,text,Date Last Curated (Germline Genomics) ,,"Date of curation in the form MMDDYYYY, hyphens will be autocompleted",date_mdy,,,y,,,,,,, @HIDDEN-SURVEY
cur_by_germ_prof_gen,germline_genomics,,text,Curated By (Germline Genomics) ,,Please enter your full name,,,,,,,,,,, @HIDDEN-SURVEY
surg_path_id_disease_dx,disease_diagnosis,Disease Diagnosis,text,Surgical Pathology ID,,,,,,y,,,,,,,
primary_or_met_cns_tumor,disease_diagnosis,,radio,Did the patient have a primary CNS tumor or a metastatic CNS tumor?,"0, Primary CNS tumor | 1, Metastatic CNS tumor",,,,,,,,,,,,
primary_ca_path_dx_dt_full,disease_diagnosis,,text,Date Primary Cancer Pathologic Diagnosis,,,date_mdy,,,,,,,,,, @HIDEBUTTON
primary_path_dx,disease_diagnosis,,text,Primary Pathologic Diagnosis,,Description from pathology report,,,,,,,,,,,
primary_cancer_type_nci,disease_diagnosis,,text,Primary Cancer Type NCI,BIOPORTAL:NCIT,Select the NCI code for the primary malignant neoplastic disease,,,,,,y,,,,,
who_grading,disease_diagnosis,,dropdown,Overall Histological Tumor Grade of Primary Sample,"1, WHO Grade 1 | 2, WHO Grade 2 | 3, WHO Grade 3 | 4, WHO Grade 4 | 5, High Grade | 6, Low Grade | 7, Not Assigned",Grade for the morphologic and behavioral characteristics of the primary cancer,,,,,[primary_or_met_cns_tumor]=0,,,,,,
primary_grade,disease_diagnosis,,text,Overall Histological Tumor Grade of Primary Sample,,Grade for the morphologic and behavioral characteristics of the primary cancer,,,,,[primary_or_met_cns_tumor]=1,,,,,,
local_recurrence_dt,disease_diagnosis,,text,Date of Local Recurrence,,,date_mdy,,,,[primary_or_met_cns_tumor]=1,,,,,, @HIDEBUTTON
metdx_dt,disease_diagnosis,,descriptive,"<div class=""rich-text-field-label""><table style=""border-collapse: collapse; width: 97.5495%; height: 18.3333px;"" border=""0""> <tbody> <tr> <td style=""width: 59.5162%;""> </td> <td style=""width: 13.9262%;"">Month</td> <td style=""width: 13.3398%;"">Day</td> <td style=""width: 13.1933%;"">Year</td> </tr> <tr style=""height: 18.3333px; border-style: none;""> <td style=""width: 59.5162%; height: 18.3333px;"">Date of Metastatic Diagnosis </td> <td style=""width: 13.9262%; height: 18.3333px;"">{metdx_dt_m}</td> <td style=""width: 13.3398%; height: 18.3333px;"">{metdx_dt_d}</td> <td style=""width: 13.1933%; height: 18.3333px;"">{metdx_dt_y}</td> </tr> </tbody> </table> <p style=""text-align: left;""><em><span style=""font-weight: normal;"">*Date of metastatic diagnosis<br /></span></em></p></div>",,,,,,,[primary_or_met_cns_tumor]=1,,,,,,
metdx_dt_full,disease_diagnosis,,text,Date of Metastatic Diagnosis (full value),,,,,,,,,,,,," @CALCTEXT(concat(if(isblankormissingcode([metdx_dt_m]),'00',[metdx_dt_m]), ""/"", if(isblankormissingcode([metdx_dt_d]),'00',[metdx_dt_d]), ""/"", if(isblankormissingcode([metdx_dt_y]),'0000',[metdx_dt_y]))) AND @HIDDEN"
metdx_dt_d,disease_diagnosis,,dropdown,Date of Metastatic Diagnosis (Day),"XX, Unknown | 01, 01 | 02, 02 | 03, 03 | 04, 04 | 05, 05 | 06, 06 | 07, 07 | 08, 08 | 09, 09 | 10, 10 | 11, 11 | 12, 12 | 13, 13 | 14, 14 | 15, 15 | 16, 16 | 17, 17 | 18, 18 | 19, 19 | 20, 20 | 21, 21 | 22, 22 | 23, 23 | 24, 24 | 25, 25 | 26, 26 | 27, 27 | 28, 28 | 29, 29 | 30, 30 | 31, 31",,,,,,[primary_or_met_cns_tumor]=1,,,,,,
metdx_dt_m,disease_diagnosis,,dropdown,Date of Metastatic Diagnosis (Month),"XX, Unknown | 01, 01 | 02, 02 | 03, 03 | 04, 04 | 05, 05 | 06, 06 | 07, 07 | 08, 08 | 09, 09 | 10, 10 | 11, 11 | 12, 12",,,,,,[primary_or_met_cns_tumor]=1,,,,,,
metdx_dt_y,disease_diagnosis,,dropdown,Date of Metastatic Diagnosis (Year),"XXXX, Unknown | 2026, 2026 | 2025, 2025 | 2024, 2024 | 2023, 2023 | 2022, 2022 | 2021, 2021 | 2020, 2020 | 2019, 2019 | 2018, 2018 | 2017, 2017 | 2016, 2016 | 2015, 2015 | 2014, 2014 | 2013, 2013 | 2012, 2012 | 2011, 2011 | 2010, 2010 | 2009, 2009 | 2008, 2008 | 2007, 2007 | 2006, 2006 | 2005, 2005 | 2004, 2004 | 2003, 2003 | 2002, 2002 | 2001, 2001 | 2000, 2000 | 1999, 1999 | 1998, 1998 | 1997, 1997 | 1996, 1996 | 1995, 1995 | 1994, 1994 | 1993, 1993 | 1992, 1992 | 1991, 1991 | 1990, 1990",,,,,,[primary_or_met_cns_tumor]=1,,,,,,
tnm_edition,disease_diagnosis,,text,TNM Edition Number,,,,,,,[primary_or_met_cns_tumor]=1,,,,,,
path_stage_at_dx_v1,disease_diagnosis,,dropdown,Pathological Stage at Diagnosis,"0, Stage 1 | 1, Stage 1A | 2, Stage 1B | 3, Stage 1C | 4, Stage 2 | 5, Stage 2A | 6, Stage 2B | 7, Stage 2C | 8, Stage 3 | 9, Stage 3A | 10, Stage 3B | 11, Stage 3C | 12, Stage 4 | 13, Stage 4A | 14, Stage 4B | 15, Stage 4C | 16, Unknown | 17, Not Applicable | 18, Stage 0 | 19, Undocumented","The category describing the extent of the primary disease, according to the TNM staging rules (path stage)",,,,,[primary_or_met_cns_tumor]=1,,,,,,
p_t,disease_diagnosis,,radio,pT,"0, T0 | 1, T1 | 2, T2 | 3, T3 | 4, T4 | 5, Tis | 6, Tx",Category of the primary tumor according to TNM staging rules (path stage),,,,,[primary_or_met_cns_tumor]=1,,,,,,
p_n,disease_diagnosis,,radio,pN,"0, N0 | 1, N1 | 2, N2 | 3, N3 | 4, Nx",Category of regional lymph nodes for the primary condition according to TNM staging rules (path stage),,,,,[primary_or_met_cns_tumor]=1,,,,,,
p_m,disease_diagnosis,,radio,pM,"0, M0 | 1, M1 | 2, Mx",Category of distant metastases for the primary condition according to TNM staging rules (path stage),,,,,[primary_or_met_cns_tumor]=1,,,,,,
clinical_stage_at_dx,disease_diagnosis,,dropdown,Clinical Stage at Diagnosis,"0, Stage 1 | 1, Stage 1A | 2, Stage 1B | 3, Stage 1C | 4, Stage 2 | 5, Stage 2A | 6, Stage 2B | 7, Stage 2C | 8, Stage 3 | 9, Stage 3A | 10, Stage 3B | 11, Stage 3C | 12, Stage 4 | 13, Stage 4A | 14, Stage 4B | 15, Stage 4C | 16, Unknown | 17, Not applicable | 18, Stage 0 | 19, Undocumented","The category describing the extent of the primary disease, according to the TNM staging rules (clinical stage)",,,,,[primary_or_met_cns_tumor]=1,,,,,,
c_t,disease_diagnosis,,radio,cT,"0, T0 | 1, T1 | 2, T2 | 3, T3 | 4, T4 | 5, Tis | 6, Tx",Category of the primary tumor according to TNM staging rules (clinical stage),,,,,[primary_or_met_cns_tumor]=1,,,,,,
c_n,disease_diagnosis,,radio,cN,"0, N0 | 1, N1 | 2, N2 | 3, N3 | 4, Nx",Category of regional lymph nodes for the primary condition according to TNM staging rules (clinical stage),,,,,[primary_or_met_cns_tumor]=1,,,,,,
c_m,disease_diagnosis,,radio,cM,"0, M0 | 1, M1 | 2, Mx",Category of distant metastases for the primary condition according to TNM staging rules (clinical stage),,,,,[primary_or_met_cns_tumor]=1,,,,,,
date_initial_dx_met_brain_tumor,disease_diagnosis,Metastatic Sites Details,text,Date of Initial Diagnosis of Metastatic Brain Tumor,,,date_mdy,,,,[primary_or_met_cns_tumor]=1,,,,,, @HIDEBUTTON
location_cns_mets,disease_diagnosis,,checkbox,Location of CNS Mets,"0, Frontal Lobe | 1, Temporal Lobe | 2, Parietal Lobe | 3, Occipital Lobe | 4, Basal Ganglia | 5, Cerebellum | 6, Brainstem | 7, Corpus Callosum | 8, Ventricle(s) | 9, Dura Mater (Pachymeninges) | 10, Leptomeninges | 11, Spinal Cord | 12, Optic Pathway | 98, Other",,,,,,[primary_or_met_cns_tumor]=1,,,,,,
location_cns_mets_other,disease_diagnosis,,text,Location of CNS Mets (Other),BIOPORTAL:NCIT,,,,,,[primary_or_met_cns_tumor]=1 AND [location_cns_mets(98)],,,,,,
no_index_brain_mets,disease_diagnosis,,text,Number of Index Brain Met(s) Identified,,,integer,,,,[primary_or_met_cns_tumor]=1,,,,,,
met_to_extracranial_yn,disease_diagnosis,,radio,Did the primary extracranial metastasize to additional extracranial sites?,"1, Yes | 0, No | 99, Unknown",,,,,,[primary_or_met_cns_tumor]=1,,,,,,
site_extracranial_mets,disease_diagnosis,,checkbox,Sites of Extracranial Metastases,"0, Liver | 1, Lungs | 2, Other Visceral Sites | 3, Axial Skeleton | 4, Appendicular Skeleton | 5, Distant Lymph Nodes | 99, Unknown",,,,,,[primary_or_met_cns_tumor]=1 AND [met_to_extracranial_yn]=1,,,,,,
cur_by_disease_dx,disease_diagnosis,Disease Diagnosis Curation Information,text,Curated By (Disease Diagnosis),,,,,,,,,,,,," @HIDDEN-SURVEY @PREFILL=""[user-fullname]"""
date_cur_disease_dx,disease_diagnosis,,text,Date Last Curated (Disease Diagnosis),,,date_mdy,,,,,,,,,, @HIDDEN-SURVEY @TODAY
surg_path_id,tumor_sample_information,,text,Surgical Pathology ID,,,,,,y,,,,,,,
date_specimen_collected,tumor_sample_information,,text,Date Profiled Specimen Collected,,"Date of profiled specimen collected in the form MMDDYYYY, hyphens will be autocompleted",date_mdy,,,,,y,,,,, @HIDEBUTTON
cns_specimen_site,tumor_sample_information,,checkbox,CNS Tumor Specimen Site,"0, Frontal Lobe | 1, Temporal Lobe | 2, Parietal Lobe | 3, Occipital Lobe | 4, Basal Ganglia | 5, Cerebellum | 6, Brainstem | 7, Corpus Callosum | 8, Ventricle(s) | 9, Dura Mater (Pachymeninges) | 10, Leptomeninges | 11, Spinal Cord | 12, Optic Pathway | 98, Other",,,,,,[primary_or_met_cns_tumor]=0,,,,,,
site_specimen,tumor_sample_information,,text,Tumor Specimen Site,,The anatomical collection site,,,,,[primary_or_met_cns_tumor]=1,y,,,,,
nci_code_sample,tumor_sample_information,,text,NCI Code for the Sample,BIOPORTAL:NCIT,NCI code for the specimen,,,,,([primary_or_met_cns_tumor]=0 AND [cns_specimen_site(98)]) OR [primary_or_met_cns_tumor]=1,,,,,,
spec_laterality,tumor_sample_information,,radio,Specimen Laterality,"0, Unilateral Left | 1, Unilateral Right | 2, Bilateral | 3, Midline | 99, Unknown | 98, Not Applicable",What is the specimen laterality?,,,,,,,,,,,
spec_type,tumor_sample_information,,radio,Specimen Type,"0, Primary Tumor | 1, Lymph Node Metastasis | 2, Plasma | 3, Distant Organ Metastasis | 4, Metastasis Site Unspecified | 5, Local Recurrence | 99, Unknown",The kind of material that forms the specimen,,,,,,y,,,,,
local_rec_path_dx_same_path_dx,tumor_sample_information,,yesno,Is the Local Recurrence Pathologic Diagnosis the same as the Primary Pathologic Diagnosis?,,,,,,,[primary_or_met_cns_tumor]=0 and [spec_type]=5,,,,,,
local_rec_path_dx,tumor_sample_information,,text,Local Recurrence Pathologic Diagnosis,BIOPORTAL:NCIT,,,,,,[primary_or_met_cns_tumor] = '0' and [spec_type] = '5' and [local_rec_path_dx_same_path_dx] = '0',,,,,,
local_rec_path_dx_2,tumor_sample_information,,text,Local Recurrence Pathologic Diagnosis (Free-text),,,,,,,[primary_or_met_cns_tumor] = '0' and [spec_type] = '5' and [local_rec_path_dx_same_path_dx] = '0',,,,,,
who_grading_local_recur_sample,tumor_sample_information,,dropdown,Overall Histological Tumor Grade of Local Recurrence Sample,"1, WHO Grade 1 | 2, WHO Grade 2 | 3, WHO Grade 3 | 4, WHO Grade 4 | 5, High Grade | 6, Low Grade | 7, Not Assigned",Grade for the morphologic and behavioral characteristics of the primary cancer,,,,,[primary_or_met_cns_tumor] = '0' and [spec_type] = '5' and [local_rec_path_dx_same_path_dx] = '0',,,,,,
immunostain,tumor_sample_information,,checkbox,Immunostain,"6, IDH R132H | 7, ATRX | 8, BRAF V600E | 9, H3 K27M | 1, ER | 2, PR | 3, HER2 | 4, AR | 5, PD-L1",IHC cancer markers from pathology report,,,,,,,,,,,
idh_r132h_interpretation,tumor_sample_information,,dropdown,IDH R132H Interpretation,"1, Positive | 2, Negative | 5, Not interpretable",,,,,,[immunostain(6)]='1',,,,,,
atrx_interpretation,tumor_sample_information,,dropdown,ATRX Interpretation,"1, Lost | 2, Retained | 5, Not interpretable",,,,,,[immunostain(7)]='1',,,,,,
braf_v600e_interpretation,tumor_sample_information,,dropdown,BRAF V600E Interpretation,"1, Positive | 2, Negative | 5, Not interpretable",,,,,,[immunostain(8)]='1',,,,,,
h3_k27m_interpretation,tumor_sample_information,,dropdown,H3 K27M Interpretation,"1, Positive | 2, Negative | 5, Not interpretable",,,,,,[immunostain(9)]='1',,,,,,
er_ihc_variable_block,tumor_sample_information,,descriptive,"<div class=""rich-text-field-label""><table style=""border-collapse: collapse; width: 87.8473%; height: 229.95px; border-width: 0.1px; border-spacing: 0.05px; background-color: #ecf0f1; border-color: #ced4d9;"" border=""1""><colgroup><col style=""width: 25.1205%;""><col style=""width: 22.9658%;""><col style=""width: 51.8999%;""></colgroup> <tbody> <tr style=""height: 73.3167px;""> <td style=""background-color: #ced4d9; border: 0px rgb(255, 255, 255); vertical-align: middle; text-align: center;"" rowspan=""4""> <h3><span style=""color: #294d46;"">ER IHC</span></h3> </td> <td style=""width: 12.5pt; border-width: 0.1px; border-color: #ced4d9; text-align: left; vertical-align: middle;"" width=""67"" height=""19""><span style=""color: #294d46;"">Clone</span></td> <td style=""width: 50pt; border-width: 0.1px; border-color: #ced4d9; text-align: left; vertical-align: middle;"" scope=""row"" width=""67"" height=""19""> <p><span style=""color: #294d46;"">{er_clone}</span></p> <p><span style=""font-weight: normal;""><em><span style=""color: #294d46;"">*What antibody clone was used for staining, e.g. SP1</span></em></span></p> </td> </tr> <tr style=""height: 73.3167px;""> <td style=""border-width: 0.1px; border-color: #ced4d9; text-align: left; vertical-align: middle;"" height=""19""><span style=""color: #294d46;"">Interpretation</span></td> <td style=""border-width: 0.1px; border-color: #ced4d9; text-align: left; vertical-align: middle;"" scope=""row"" height=""19""> <p><span style=""color: #294d46;"">{er_interpretation}</span></p> <p><span style=""font-weight: normal;""><em><span style=""color: #294d46;"">*IHC Interpretation<br></span></em></span></p> </td> </tr> <tr style=""height: 73.3167px;""> <td style=""border-width: 0.1px; border-color: #ced4d9; text-align: left; vertical-align: middle;"" height=""19""><span style=""color: #294d46;"">Score</span></td> <td style=""border-width: 0.1px; border-color: #ced4d9; text-align: left; vertical-align: middle;"" height=""19""> <p><span style=""color: #294d46;"">{er_ihc_score}</span></p> <p><span style=""color: #294d46;""><em><span style=""font-weight: normal;"">*IHC Score</span><br></em></span></p> </td> </tr> <tr style=""height: 10px;""> <td style=""border-width: 0.1px; border-color: #ced4d9; text-align: left; vertical-align: middle;"" height=""19""><span style=""color: #294d46;"">Labeling Result</span></td> <td style=""border-width: 0.1px; border-color: #ced4d9; text-align: left; vertical-align: middle;"" height=""19""> <p><span style=""color: #294d46;"">{er_ihc_label}</span></p> <p><span style=""font-weight: normal;""><em><span style=""color: #294d46;"">*% labeling, e.g., 10%</span></em></span></p> </td> </tr> </tbody> </table></div>",,,,,,,[immunostain(1)] = '1',,,,,,
er_clone,tumor_sample_information,,text,ER IHC Clone,,"What antibody clone was used for staining, eg SP1 ",,,,,[immunostain(1)] = '1',,,,,,
er_interpretation,tumor_sample_information,,dropdown,ER IHC Interpretation,"1, Positive | 2, Negative | 3, Equivocal | 4, Other | 5, Not interpretable",IHC interpretation,,,,,[immunostain(1)] = '1',,,,,,
er_ihc_score,tumor_sample_information,,dropdown,ER IHC Score,"0, 0 | 1, 1+ | 2, 2+ | 3, 3+ | 4, Non Applicable",IHC score,,,,,[immunostain(1)] = '1',,,,,,
er_ihc_label,tumor_sample_information,,text,ER IHC Labeling Result,,"% labeling, eg 10%",,,,,[immunostain(1)] = '1',,,,,,
er_ihc_variable_block_2,tumor_sample_information,,descriptive,"<div class=""rich-text-field-label""><table style=""border-collapse: collapse; width: 87.8473%; height: 229.95px; border-width: 0.1px; border-spacing: 0.05px; background-color: #ecf0f1; border-color: #ced4d9;"" border=""1""><colgroup><col style=""width: 25.1205%;""><col style=""width: 22.9658%;""><col style=""width: 51.8999%;""></colgroup> <tbody> <tr style=""height: 73.3167px;""> <td style=""background-color: #ced4d9; border: 0px rgb(255, 255, 255); vertical-align: middle; text-align: center;"" rowspan=""4""> <h3><span style=""color: #7e1b12;"">PR IHC</span></h3> </td> <td style=""width: 12.5pt; border-width: 0.1px; border-color: #ced4d9; text-align: left; vertical-align: middle;"" width=""67"" height=""19""><span style=""color: #7e1b12;"">Clone</span></td> <td style=""width: 50pt; border-width: 0.1px; border-color: #ced4d9; text-align: left; vertical-align: middle;"" scope=""row"" width=""67"" height=""19""> <p><span style=""color: #7e1b12;"">{pr_clone}</span></p> <p><span style=""font-weight: normal; color: #7e1b12;""><em>*What antibody clone was used for staining, e.g. SP1</em></span></p> </td> </tr> <tr style=""height: 73.3167px;""> <td style=""border-width: 0.1px; border-color: #ced4d9; text-align: left; vertical-align: middle;"" height=""19""><span style=""color: #7e1b12;"">Interpretation</span></td> <td style=""border-width: 0.1px; border-color: #ced4d9; text-align: left; vertical-align: middle;"" scope=""row"" height=""19""> <p><span style=""color: #7e1b12;"">{pr_interpretation}</span></p> <p><span style=""font-weight: normal; color: #7e1b12;""><em>*IHC Interpretation<br></em></span></p> </td> </tr> <tr style=""height: 73.3167px;""> <td style=""border-width: 0.1px; border-color: #ced4d9; text-align: left; vertical-align: middle;"" height=""19""><span style=""color: #7e1b12;"">Score</span></td> <td style=""border-width: 0.1px; border-color: #ced4d9; text-align: left; vertical-align: middle;"" height=""19""> <p><span style=""color: #7e1b12;"">{pr_ihc_score}</span></p> <p><span style=""color: #7e1b12;""><em><span style=""font-weight: normal;"">*IHC Score</span><br></em></span></p> </td> </tr> <tr style=""height: 10px;""> <td style=""border-width: 0.1px; border-color: #ced4d9; text-align: left; vertical-align: middle;"" height=""19""><span style=""color: #7e1b12;"">Labeling Result</span></td> <td style=""border-width: 0.1px; border-color: #ced4d9; text-align: left; vertical-align: middle;"" height=""19""> <p><span style=""color: #7e1b12;"">{pr_ihc_label}</span></p> <p><span style=""font-weight: normal; color: #7e1b12;""><em>*% labeling, e.g. 10%</em></span></p> </td> </tr> </tbody> </table></div>",,,,,,,[immunostain(2)] = '1',,,,,,
pr_clone,tumor_sample_information,,text,PR IHC Clone,,"What antibody clone was used for staining, eg SP1 ",,,,,[immunostain(2)] = '1',,,,,,
pr_interpretation,tumor_sample_information,,dropdown,PR IHC Interpretation,"1, Positive | 2, Negative | 3, Equivocal | 4, Other | 5, Not interpretable",IHC interpretation,,,,,[immunostain(2)]='1',,,,,,
pr_ihc_score,tumor_sample_information,,dropdown,PR IHC Score,"0, 0 | 1, 1+ | 2, 2+ | 3, 3+ | 4, Non Applicable",IHC score,,,,,[immunostain(2)]='1',,,,,,
pr_ihc_label,tumor_sample_information,,text,PR IHC Labeling Result,,"% labeling, eg 10%",,,,,[immunostain(2)]='1',,,,,,
her2_ihc_variable_block,tumor_sample_information,,descriptive,"<div class=""rich-text-field-label""><table style=""border-collapse: collapse; width: 87.8473%; height: 229.95px; border-width: 0.1px; border-spacing: 0.05px; background-color: #ecf0f1; border-color: #ced4d9;"" border=""1""><colgroup><col style=""width: 25.1212%;""><col style=""width: 22.9727%;""><col style=""width: 51.8951%;""></colgroup> <tbody> <tr style=""height: 73.3167px;""> <td style=""background-color: #ced4d9; border: 0px rgb(255, 255, 255); vertical-align: middle; text-align: center;"" rowspan=""4""> <h3>HER2 IHC</h3> </td> <td style=""width: 12.5pt; border-width: 0.1px; border-color: #ced4d9; text-align: left; vertical-align: middle;"" width=""67"" height=""19"">Clone</td> <td style=""width: 50pt; border-width: 0.1px; border-color: #ced4d9; text-align: left; vertical-align: middle;"" scope=""row"" width=""67"" height=""19""> <p>{her_clone}</p> <p><span style=""font-weight: normal;""><em>*What antibody clone was used for staining, e.g. SP1</em></span></p> </td> </tr> <tr style=""height: 73.3167px;""> <td style=""border-width: 0.1px; border-color: #ced4d9; text-align: left; vertical-align: middle;"" height=""19"">Interpretation</td> <td style=""border-width: 0.1px; border-color: #ced4d9; text-align: left; vertical-align: middle;"" scope=""row"" height=""19""> <p>{her_interpretation}</p> <p><em><span style=""font-weight: normal;"">*IHC Interpretation</span><br></em></p> </td> </tr> <tr style=""height: 73.3167px;""> <td style=""border-width: 0.1px; border-color: #ced4d9; text-align: left; vertical-align: middle;"" height=""19"">Score</td> <td style=""border-width: 0.1px; border-color: #ced4d9; text-align: left; vertical-align: middle;"" height=""19""> <p>{her_ihc_score}</p> <p><em><span style=""font-weight: normal;"">*IHC Score</span><br></em></p> </td> </tr> <tr style=""height: 10px;""> <td style=""border-width: 0.1px; border-color: #ced4d9; text-align: left; vertical-align: middle;"" height=""19"">Labeling Result</td> <td style=""border-width: 0.1px; border-color: #ced4d9; text-align: left; vertical-align: middle;"" height=""19""> <p>{her_ihc_label}</p> <p><span style=""font-weight: normal;""><em>*% labeling, e.g. 10%</em></span></p> </td> </tr> </tbody> </table></div>",,,,,,,[immunostain(3)] = '1',,,,,,
her_clone,tumor_sample_information,,text,HER2 IHC Clone,,"What antibody clone was used for staining, eg SP1 ",,,,,[immunostain(3)]='1',,,,,,
her_interpretation,tumor_sample_information,,dropdown,HER2 IHC Interpretation,"1, Positive | 2, Negative | 3, Equivocal | 4, Other | 5, Not interpretable",IHC interpretation,,,,,[immunostain(3)]='1',,,,,,
her_ihc_score,tumor_sample_information,,dropdown,HER2 IHC Score,"0, 0 | 1, 1+ | 2, 2+ | 3, 3+ | 4, Non Applicable",IHC score,,,,,[immunostain(3)]='1',,,,,,
her_ihc_label,tumor_sample_information,,text,HER2 IHC Labeling Result,,"% labeling, eg 10%",,,,,[immunostain(3)]='1',,,,,,
her2_fish_variable_block,tumor_sample_information,,descriptive,"<div class=""rich-text-field-label""><table style=""border-collapse: collapse; width: 87.8473%; height: 156.633px; border-width: 0.1px; border-spacing: 0.05px; background-color: #ecf0f1; border-color: #ced4d9;"" border=""1""><colgroup><col style=""width: 25.1212%;""><col style=""width: 22.9727%;""><col style=""width: 51.8951%;""></colgroup> <tbody> <tr style=""height: 73.3167px;""> <td style=""background-color: #ced4d9; border: 0px rgb(255, 255, 255); vertical-align: middle; text-align: center;"" rowspan=""3""> <h3>HER2 FISH</h3> </td> <td style=""width: 12.5pt; border-width: 0.1px; border-color: #ced4d9; text-align: left; vertical-align: middle;"" width=""67"" height=""19"">Available</td> <td style=""width: 50pt; border-width: 0.1px; border-color: #ced4d9; text-align: left; vertical-align: middle;"" scope=""row"" width=""67"" height=""19""> <p>{her2_fish}</p> <p><span style=""font-weight: normal;""><em>*Was HER2 FISH testing performed?<br></em></span></p> </td> </tr> <tr style=""height: 73.3167px;""> <td style=""border-width: 0.1px; border-color: #ced4d9; text-align: left; vertical-align: middle;"" height=""19"">Ratio</td> <td style=""border-width: 0.1px; border-color: #ced4d9; text-align: left; vertical-align: middle;"" scope=""row"" height=""19""> <p>{her2_fish_ratio}</p> <p><em><span style=""font-weight: normal;"">*e.g. 1.4</span><br></em></p> </td> </tr> <tr style=""height: 10px;""> <td style=""border-width: 0.1px; border-color: #ced4d9; text-align: left; vertical-align: middle;"" height=""19"">Interpretation</td> <td style=""border-width: 0.1px; border-color: #ced4d9; text-align: left; vertical-align: middle;"" height=""19""> <p>{her2_fish_interpretation}</p> <p><em><span style=""font-weight: normal;"">*HER2 FISH Interpretation</span><br></em></p> </td> </tr> </tbody> </table> <p> </p></div>",,,,,,,[immunostain(3)] = '1',,,,,,
her2_fish,tumor_sample_information,,text,HER2 FISH Available,,Was HER2 FISH testing performed?,,,,,[immunostain(3)]='1',,,,,,
her2_fish_ratio,tumor_sample_information,,text,HER2 FISH Ratio,,e.g 1.4,,,,,[immunostain(3)]='1',,,,,,
her2_fish_interpretation,tumor_sample_information,,dropdown,HER2 FISH Interpretation,"1, Positive | 2, Negative",HER2 FISH interpretation,,,,,[immunostain(3)]='1',,,,,,
ar_ihc_variable_block,tumor_sample_information,,descriptive,"<div class=""rich-text-field-label""><table style=""border-collapse: collapse; width: 87.8473%; height: 293.267px; border-width: 0.1px; border-spacing: 0.05px; background-color: #ecf0f1; border-color: #ced4d9;"" border=""1""><colgroup><col style=""width: 25.1212%;""><col style=""width: 22.9727%;""><col style=""width: 51.8951%;""></colgroup> <tbody> <tr style=""height: 73.3167px;""> <td style=""background-color: #ced4d9; border: 0px rgb(255, 255, 255); vertical-align: middle; text-align: center;"" rowspan=""4""> <h3><span style=""color: #493e0c;"">AR IHC</span></h3> </td> <td style=""width: 12.5pt; border-width: 0.1px; border-color: #ced4d9; text-align: left; vertical-align: middle;"" width=""67"" height=""19""><span style=""color: #493e0c;"">Clone</span></td> <td style=""width: 50pt; border-width: 0.1px; border-color: #ced4d9; text-align: left; vertical-align: middle;"" scope=""row"" width=""67"" height=""19""> <p><span style=""color: #493e0c;"">{ar_clone}</span></p> <p><span style=""font-weight: normal; color: #493e0c;""><em>*What antibody clone was used for staining, e.g. SP1</em></span></p> </td> </tr> <tr style=""height: 73.3167px;""> <td style=""border-width: 0.1px; border-color: #ced4d9; text-align: left; vertical-align: middle;"" height=""19""><span style=""color: #493e0c;"">Interpretation</span></td> <td style=""border-width: 0.1px; border-color: #ced4d9; text-align: left; vertical-align: middle;"" scope=""row"" height=""19""> <p><span style=""color: #493e0c;"">{ar_interpretation}</span></p> <p><span style=""color: #493e0c;""><em><span style=""font-weight: normal;"">*IHC Interpretation</span><br></em></span></p> </td> </tr> <tr style=""height: 73.3167px;""> <td style=""border-width: 0.1px; border-color: #ced4d9; text-align: left; vertical-align: middle;"" height=""19""><span style=""color: #493e0c;"">Score</span></td> <td style=""border-width: 0.1px; border-color: #ced4d9; text-align: left; vertical-align: middle;"" height=""19""> <p><span style=""color: #493e0c;"">{ar_ihc_score}</span></p> <p><span style=""color: #493e0c;""><em><span style=""font-weight: normal;"">*IHC Score</span><br></em></span></p> </td> </tr> <tr style=""height: 73.3167px;""> <td style=""border-width: 0.1px; border-color: #ced4d9; text-align: left; vertical-align: middle;"" height=""19""><span style=""color: #493e0c;"">Labeling Result</span></td> <td style=""border-width: 0.1px; border-color: #ced4d9; text-align: left; vertical-align: middle;"" height=""19""> <p><span style=""color: #493e0c;"">{ar_ihc_label}</span></p> <p><span style=""font-weight: normal; color: #493e0c;""><em>*% labeling, e.g. 10%</em></span></p> </td> </tr> </tbody> </table></div>",,,,,,,[immunostain(4)] = '1',,,,,,
ar_clone,tumor_sample_information,,text,AR IHC Clone,,"What antibody clone was used for staining, eg SP1 ",,,,,[immunostain(4)]='1',,,,,,
ar_interpretation,tumor_sample_information,,dropdown,AR IHC Interpretation,"1, Positive | 2, Negative | 3, Equivocal | 4, Other | 5, Not interpretable",IHC interpretation,,,,,[immunostain(4)]='1',,,,,,
ar_ihc_score,tumor_sample_information,,dropdown,AR IHC Score,"0, 0 | 1, 1+ | 2, 2+ | 3, 3+ | 4, Non Applicable",IHC score,,,,,[immunostain(4)]='1',,,,,,
ar_ihc_label,tumor_sample_information,,text,AR IHC Labeling Result,,"% labeling, eg 10%",,,,,[immunostain(4)]='1',,,,,,
pdl1_ihc_variable_block,tumor_sample_information,,descriptive,"<div class=""rich-text-field-label""><table style=""border-collapse: collapse; width: 87.8473%; height: 338.583px; border-width: 0.1px; border-spacing: 0.05px; background-color: #ecf0f1; border-color: #ced4d9;"" border=""1""><colgroup><col style=""width: 25.1212%;""><col style=""width: 22.9727%;""><col style=""width: 51.8951%;""></colgroup> <tbody> <tr style=""height: 73.3167px;""> <td style=""background-color: #ced4d9; border: 0px rgb(255, 255, 255); vertical-align: middle; text-align: center;"" rowspan=""5""> <h3><span style=""color: #7e3b00;"">PD-L1 IHC</span></h3> </td> <td style=""width: 12.5pt; border-width: 0.1px; border-color: #ced4d9; text-align: left; vertical-align: middle;"" width=""67"" height=""19""><span style=""color: #7e3b00;"">Clone</span></td> <td style=""width: 50pt; border-width: 0.1px; border-color: #ced4d9; text-align: left; vertical-align: middle;"" scope=""row"" width=""67"" height=""19""> <p><span style=""color: #7e3b00;"">{pdl1_clone}</span></p> <p><span style=""font-weight: normal; color: #7e3b00;""><em>*What antibody clone was used for staining, e.g. SP1</em></span></p> </td> </tr> <tr style=""height: 73.3167px;""> <td style=""border-width: 0.1px; border-color: #ced4d9; text-align: left; vertical-align: middle;"" height=""19""><span style=""color: #7e3b00;"">CPS - Breast Cancer Only (SP142)<br></span></td> <td style=""border-width: 0.1px; border-color: #ced4d9; text-align: left; vertical-align: middle;"" scope=""row"" height=""19""> <p><span style=""color: #7e3b00;"">{pdl1_cps}</span></p> <p><span style=""color: #7e3b00;""><em><span style=""font-weight: normal;"">*% cells, e.g. 10%</span><br></em></span></p> </td> </tr> <tr style=""height: 73.3167px;""> <td style=""border-width: 0.1px; border-color: #ced4d9; text-align: left; vertical-align: middle;"" height=""19""><span style=""color: #7e3b00;"">IC Labeling - Breast Cancer Only (SP142)<br></span></td> <td style=""border-width: 0.1px; border-color: #ced4d9; text-align: left; vertical-align: middle;"" height=""19""> <p><span style=""color: #7e3b00;"">{pdl1_ic_label}</span></p> <p><span style=""color: #7e3b00; font-weight: normal;""><em>*% cells, e.g. 10%</em></span></p> </td> </tr> <tr style=""height: 73.3167px;""> <td style=""border-width: 0.1px; border-color: #ced4d9; text-align: left; vertical-align: middle;"" height=""19""><span style=""color: #7e3b00;"">Tumor Positive Score<br></span></td> <td style=""border-width: 0.1px; border-color: #ced4d9; text-align: left; vertical-align: middle;"" height=""19""> <p><span style=""color: #7e3b00;"">{pdl1_tps}</span></p> <p><span style=""font-weight: normal; color: #7e3b00;""><em> </em></span></p> </td> </tr> <tr style=""height: 45.3167px;""> <td style=""border-width: 0.1px; border-color: #ced4d9; text-align: left; vertical-align: middle;""><span style=""color: #7e3b00;"">Immune Cell Score<br></span></td> <td style=""border-width: 0.1px; border-color: #ced4d9; text-align: left; vertical-align: middle;""> <p><span style=""color: #7e3b00;"">{pdl1_ics}</span></p> <p><span style=""color: #7e3b00; font-weight: normal;""><em>*% cells</em></span></p> </td> </tr> </tbody> </table> <p><span style=""color: #7e3b00; font-weight: normal;"">Abbreviations - </span><span style=""color: #7e3b00;"">CPS</span><span style=""color: #7e3b00; font-weight: normal;"">: Combined Positive Score; </span><span style=""color: #7e3b00;"">IC</span><span style=""color: #7e3b00; font-weight: normal;"">: Immune Cell</span></p></div>",,,,,,,[immunostain(5)] = '1',,,,,,
pdl1_clone,tumor_sample_information,,text,PDL1 IHC Clone,,"What antibody clone was used for staining, eg SP1 ",,,,,[immunostain(5)]='1',,,,,,
pdl1_cps,tumor_sample_information,,text,PD-L1 Combined Positive Score (CPS) - Breast Cancer Only (SP142),,"% cells, eg 10%",,,,,[immunostain(5)]='1',,,,,,
pdl1_ic_label,tumor_sample_information,,text,Immune Cell (IC) Labeling - Breast Cancer Only (SP142),,"% cells, eg 10%",,,,,[immunostain(5)]='1',,,,,,
pdl1_tps,tumor_sample_information,,text,PD-L1 Tumor Positive Score (TPS) ,,,,,,,[immunostain(5)]='1',,,,,,
pdl1_ics,tumor_sample_information,,text,PD-L1 Immune Cell Score (ICS),,% cells,,,,,[immunostain(5)]='1',,,,,,
mmr_proteins,tumor_sample_information,,checkbox,Mismatch Repair Proteins (assessed by IHC),"1, MLH1 | 2, PMS2 | 3, MSH2 | 4, MSH6",Mismatch repair proteins as assessed by immunohistochemistry,,,,,[primary_or_met_cns_tumor]=1,,,,,,
mmr_result,tumor_sample_information,,dropdown,Mismatch Repair Protein Assessment,"1, Intact | 2, Impaired | 3, Equivocal",Mismatch repair protein assessment,,,,,[primary_or_met_cns_tumor]=1,,,,,,
mmr_protein,tumor_sample_information,,checkbox,Impaired MMR Protein,"1, MLH1 | 2, PMS2 | 3, MSH2 | 4, MSH6",Impaired mismatch repair protein,,,,,[primary_or_met_cns_tumor]=1 AND [mmr_result]=2,,,,,,
fish_binary,tumor_sample_information,,yesno,FISH Performed,,FISH was performed or not performed,,,,,[primary_or_met_cns_tumor]=1,,,,,,
fish_assay,tumor_sample_information,,checkbox,FISH Assay,"1, MET amplification | 2, RET rearrangement | 3, ROS1 rearrangement | 4, ALK rearrangement | 5, BCR/ABL1 rearrangement | 6, IgH translocation | 7, TMPRSS2 translocation | 98, Other",Please select from the list,,,,,[primary_or_met_cns_tumor]=1 AND [fish_binary]=1,,,,,,
fish_result,tumor_sample_information,,text,FISH Result,,"Gene to control ratio, eg 1.1",,,,,[primary_or_met_cns_tumor]=1 AND [fish_binary]=1,,,,,,
fish_interpretation,tumor_sample_information,,dropdown,FISH Interpretation,"1, Negative | 2, Positive | 3, Inconclusive",,,,,,[primary_or_met_cns_tumor]=1 AND [fish_binary]=1,,,,,,
msi_modality,tumor_sample_information,,radio,MSI Modality,"1, dMMR by IHC | 2, PCR | 3, NGS | 98, Other | 99, Unknown",How was MSI measured for this sequenced sample (choose all that apply)?,,,,,[primary_or_met_cns_tumor]=1,,,,,,
mgmt_promoter_status,tumor_sample_information,,radio,MGMT Promoter Status,"0, Promoter Methylation | 1, No Promoter Methylation | 2, Indeterminate Promoter Methylation | 3, Not Tested",,,,,,[primary_or_met_cns_tumor]=0,,,,,,
mgmt_score,tumor_sample_information,,text,MGMT Score,,,,,,,[primary_or_met_cns_tumor]='0' AND ([mgmt_promoter_status]='0' OR [mgmt_promoter_status]='1' OR [mgmt_promoter_status]='2'),,,,,,
p19q_codeletion_status,tumor_sample_information,,radio,1p/19q Codeletion Status,"0, Co-deleted | 1, Not Co-deleted | 2, Not Tested",,,,,,[primary_or_met_cns_tumor]=0,,,,,,
p19q_testing_technique,tumor_sample_information,,radio,1p/19q Testing Technique,"0, NGS | 1, FISH | 2, SNP | 98, Other | 99, Unknown",,,,,,[primary_or_met_cns_tumor]='0' AND ([p19q_codeletion_status]='0' OR [p19q_codeletion_status]='1'),,,,,,
date_cur_tumor_sample,tumor_sample_information,Tumor Sample Info Curation Information,text,Date Last Curated (Tumor Sample Information),,,date_mdy,,,y,,,,,,, @HIDDEN-SURVEY @TODAY
cur_by_tumor_sample,tumor_sample_information,,text,Curated By (Tumor Sample Information),,,,,,,,,,,,," @HIDDEN-SURVEY @PREFILL=""[user-fullname]"""
surg_path_id_assay,assay,,text,Surgical Pathology ID,,,,,,y,,,,,,,
tumor_prof_case_id,assay,,text,Report Case Identifier,,"Report ID, for example TRF number ",,,,,,,,,,,
tumor_test_type,assay,,radio,Test Type,"0, Tumor Only Targeted Next Generation Sequencing | 1, Tumor and Germline Targeted Next Generation Sequencing | 2, Plasma cell-free DNA Sequencing | 3, FISH or CISH | 4, Mass Spec Proteomics | 5, RNA Sequencing | 6, Whole Exome Sequencing | 7, Whole Genome Sequencing | 8, Karyotype | 9, Multiple Modalities",The method used to perform the moleulcar analyses,,,,,,y,,,,,
assay,assay,,dropdown,Test Assay,"1, FoundationOne CDx | 2, FoundationOne Liquid CDx | 3, FoundationOne Heme | 4, Tempus-xT | 5, Tempus-xE | 6, Tempus-xF | 7, Tempus-nP | 8, Caris Molecular Intelligence | 9, MI GPSai™-Genomic_Prevalence_Score | 10, Caris FOLFIRSTai | 11, NGS Solid Tumor Hotspot Panel | 12, NGS Solid Tumor Panel | 51, Solid Tumor Panel-v8 | 50, Solid Tumor Panel-v7 | 13, Solid Tumor Panel-v6 | 14, Solid Tumor Panel-v5 | 15, Solid Tumor Panel-v3.3 | 16, Solid Tumor Panel-v3 | 17, NGS SOLID TUMOR PNL | 18, NGS Solid Tumor Panel- limited | 19, Lung mutation panel | 20, Guardant360 CDx | 21, Guardant360 TissueNext test | 22, Guardant360 Response test | 23, Guardant Reveal test | 24, LUNAR-2 test | 25, Biocept Target Selector Liquid Biopsy | 26, Invitae Multi-Cancer Panel | 27, Invitae Common Hereditary Cancers Panel | 28, Invitae BRCA1 and BRCA2 STAT Panel | 29, Invitae Breast Cancer STAT Panel | 30, Invitae Breast Cancer Panel | 31, Invitae Breast Cancer Guidelines-Based Panel | 32, Invitae Breast and Gyn Cancers Panel | 33, Invitae Breast and Gyn Cancers Guidelines-Based Panel | 34, Invitae Colorectal Cancer Panel | 35, Invitae Colorectal Cancer Guidelines-Based Panel | 36, Oncomine PanCancer Cell-Free Assay | 37, Biodesix Cancer-Specific Assay | 38, Oncomine Tumor Mutation Load Assay | 39, Inivata InvisionFirst Lung | 40, Inivata InvisionSeq | 41, Inivata RaDar | 42, Signatera | 43, Altera | 44, Empower | 45, Elio Tissue Complete | 46, Elio Plasma Resolve | 47, Elio Plasma Complete | 48, JH Actionable Fusion Panel | 49, Solid Tumor Panel-v4 | 52, Solid Tumor Gene List-v9 | 99, Other",The range(s) of the DNA sequence examined,,,,,,y,,,,,
other_assay,assay,,notes,Other Assay - Please Specify,,"Additional description if ""Other"" is selected in the ""Test Assay"" question",,,,,[assay] = '99',,,,,,
tmb,assay,,text,Tumor Mutation Burden (Muts/Mb),,The total number of mutations (changes) found in the DNA of cancer cells,number,0,1000,,,,,,,,
msi_status,assay,,dropdown,Microsatellite Status,"0, MSS | 1, MSI | 2, Not Determined",,,,,,,,,,,,
cur_by_assay_v1,assay,Assay Curation Information,text,Curated By (Assay),,,,,,,,,,,,," @HIDDEN-SURVEY @PREFILL=""[user-fullname]"""
date_cur_assay_v1,assay,,text,Date Last Curated (Assay),,,date_mdy,,,y,,,,,,, @HIDDEN-SURVEY @TODAY
surg_path_id_genomic,somatic_genomics,,text,Surgical Pathology ID,,"Please use the same ID from the ""tumor sample information"" instrument to link the data below to the corresponding tumor sample, in case there are more than one",,,,y,,,,,,,
tumor_prof_case_id_genomic,somatic_genomics,,text,Report Case Identifier,,"TRF number or PGDX number for example -- Please use the same ID from the ""assay"" instrument to link the data below to the corresponding assay, in case there are more than one for a tumor sample",,,,,,,,,,,
gene_id_hgnc_id,somatic_genomics,,text,ID of Mutated Gene,BIOPORTAL:HGNC-NR,The gene id: based on the HGNC nomenclature,,,,,,,,,,,
gene_name_hgnc,somatic_genomics,,text,Name of Mutated Gene,,,,,,,,y,,,,,
mutation_type,somatic_genomics,,dropdown,"Is the mutation reported a sequence alteration or a structural alteration (amplification, deletion or fusion/rearrangement)?
","1, Sequence Alteration | 2, Structural Alteration",,,,,,,,,,,,
structural_type,somatic_genomics,,dropdown,Structural Type,"1, Amplification | 2, Deletion | 3, Fusion | 4, Complex",Type of structural mutation,,,,,[mutation_type] = '2',,,,,,
five_prime_partner,somatic_genomics,,text,5' Gene Partner,,,,,,,[structural_type]=3,,,,,,
three_prime_partner,somatic_genomics,,text,3' Gene Partner,,,,,,,[structural_type]=3,,,,,,
fusion_breakpoint,somatic_genomics,,text,Fusion Breakpoint,,Exact breakpoint or any information from NGS report,,,,,[structural_type]=3,,,,,,
mutation_class,somatic_genomics,,radio,Mutation Classification,"1, Missense | 2, Nonsense | 3, Frameshift | 4, Inframe Deletion | 5, Inframe Insertion | 6, Splice Site Variant | 7, Complex | 8, Silent | 9, Intron | 10, 3'UTR | 11, Promoter Region",The mutation classification based on the provided codes,,,,,[mutation_type] = '1',,,,,,
nucleotide_change_hgvs,somatic_genomics,,text,Nucleotide Change,,Example: chr12:1455 C>G,,,,,,,,,,,
cdna_change_hgvs,somatic_genomics,,text,cDNA Change,,Example: c.230G>T,,,,,,,,,,,
amino_acid_change_hgvs,somatic_genomics,,text,Amino Acid Change,,Example: p.G79*,,,,,,,,,,,
allelic_state,somatic_genomics,,radio,Allelic State,"1, Homozygous | 2, Heterozygous | 3, Hemizygous | 4, Heteroplasmic | 5, Homoplasmic",The classification of allelic state using one of the five provided codes,,,,,,,,,,,
mutation_vaf,somatic_genomics,,text,"Variant Allele Frequency (%)
",,The allele frequency represents the incidence of a gene variant in a population - this is a percentage,number,0,100,,[mutation_type] = '1',,,,,,
cn_fold,somatic_genomics,,text,Copy Number Fold,,The genomic trait involving the number of copies of a particular gene present in the genome of an individual,number,,,,[structural_type] = '1',,,,,,
vus,somatic_genomics,,radio,"Is the mutation listed as a VUS in the NGS report?
","1, Yes | 0, No | 99, Unknown",The mutation is listed as a VUS in the NGS report,,,,,,,,,,,
cur_by_genomics,somatic_genomics,Somatic Genomics Curation Information,text,Curated By (Somatic Genomics),,,,,,,,,,,,," @HIDDEN-SURVEY @PREFILL=""[user-fullname]"""
date_cur_genomics,somatic_genomics,,text,Date Last Curated (Somatic Genomics),,,date_mdy,,,y,,,,,,, @HIDDEN-SURVEY @TODAY
marker_name,laboratory_markers,,text,Tumor Marker Name,,The type of tumor marker test,,,,,,,,,,,
marker_value,laboratory_markers,,text,Tumor Marker Value,,"The result of a tumor marker test, whose data type depends on the specific type of test",,,,,,,,,,,
marker_unit,laboratory_markers,,text,Tumor Marker Unit,,The unit used in the tumor market test results,,,,,,,,,,,
marker_test_date,laboratory_markers,,text,Date of Test,,The date of the tumor marker test,date_mdy,,,,,,,,,, @HIDEBUTTON
date_cur_lab_markers,laboratory_markers,Laboratory Markers Curation Information,text,Date Last Curated (laboratory_markers_v1),,"Date of curation in the form MMDDYYYY, hyphens will be autocompleted",date_mdy,,,y,,,,,,, @HIDDEN-SURVEY
cur_by_lab_markers,laboratory_markers,,text,Curated By (laboratory_markers_v1),,Please enter your full name,,,,,,,,,,, @HIDDEN-SURVEY
neo_yn,treatment_details,Treatment Information,yesno,Did the patient receive neoadjuvant therapy/treatment?,,,,,,,,,,,,, @DEFAULT='0'
surgery_yn,treatment_details,,yesno,"Did the patient have a surgical resection, either curative or palliative?",,,,,,,,,,,,, @DEFAULT='0'
rad_yn,treatment_details,,yesno,Did the patient receive radiation therapy?,,,,,,,,,,,,, @DEFAULT='0'
systemic_yn,treatment_details,,yesno,Did the patient receive adjuvant therapy?,,Drugs administered after surgical resection of localized or regional cancer when there is no evidence of distant spread.,,,,,,,,,,, @DEFAULT='0'
met_yn,treatment_details,,yesno,Did the patient receive systemic therapy for metastatic disease?,,,,,,,,,,,,, @DEFAULT='0'
kps_interpretation,treatment_details,Performance Status Information,dropdown,Karnofsky Performance Status Interpretation,"1, KPS score of 100, Normal; no complaints; no evidence of disease | 2, KPS score of 90, Able to carry on normal activity; minor signs or symptoms of disease | 3, KPS score of 80, Normal activity with effort; some signs or symptoms of disease | 4, KPS score of 70, Cares for self; unable to carry on normal activity or do active work | 5, KPS score of 60,  Requires occasional assistance but is able to care for most needs | 6, KPS score of 50, Requires considerable assistance and frequent medical care | 7, KPS score of 40, Disabled; requires special care and assistance | 8, KPS score of 30, Severely disabled; hospitalization is indicated, although death not imminent | 9, KPS score of 20, Very sick; hospitalization necessary; active supportive treatment necessary | 10, KPS score of 10, Moribund; fatal processes progressing rapidly | 11, KPS score of 0, Dead",A categorical assessment of the Karnofsky score ,,,,,,,,,,,
karnofsky_date,treatment_details,,text,Karnofsky Assessment Date,,Date the Karnofsky status assessed (closest to new treatment start date),date_mdy,,,,,,,,,, @HIDEBUTTON
ecogps_interpretation,treatment_details,,dropdown,ECOG Performance Status Interpretation,"0, ECOG score of 0, Fully active, able to carry on all pre-disease performance without restriction | 1, ECOG score of 1, Restricted in physically strenuous activity but ambulatory and able to carry out work of a light or sedentary nature, e.g., light house work, office work | 2, ECOG score of 2, Ambulatory and capable of all selfcare but unable to carry out any work activities; up and about more than 50% of waking hours | 3, ECOG score of 3, Capable of only limited selfcare; confined to bed or chair more than 50% of waking hours | 4, ECOG score of 4, Completely disabled; cannot carry on any selfcare; totally confined to bed or chair | 5, ECOG score of 5, Dead",A categorical assessment of the ECOG score,,,,,,,,,,,
ecog_date_full,treatment_details,,text,ECOG Assessment Date,,When was the ECOG status assessed (closest to new treatment start date),date_mdy,,,,,,,,,,
med_neoadj_ther_trial_yn,treatment_details,Treatment Neoadjuvant,yesno,Was the neoadjuvant medication/regimen given in a clinical trial?,,,,,,,[neo_yn]=1,,,,,,
regimen_neoadjuvant,treatment_details,,descriptive,"<div class=""rich-text-field-label""><h3>Neoadjuvant Regimen</h3> <p> </p> <table style=""border-collapse: collapse; width: 100.073%; border-style: none; height: 198.667px;"" border=""0""> <tbody> <tr style=""height: 18.3333px;""> <td style=""width: 20.4955%; height: 18.3333px;""> </td> <td style=""width: 37.5271%; text-align: center; height: 18.3333px;"" colspan=""3"">START DATE</td> <td style=""text-align: center; width: 2.02069%; height: 18.3333px;""> </td> <td style=""text-align: center; width: 2.02069%; height: 18.3333px;""> </td> <td style=""width: 37.9601%; text-align: center; height: 18.3333px;"" colspan=""3"">END DATE</td> </tr> <tr style=""height: 20.6px;""> <td style=""width: 20.4955%; height: 40.6px;""> <p> </p> <p>Medication 1</p> <p>{neo1_therapy}</p> </td> <td style=""width: 12.9901%; height: 40.6px;""> <p style=""text-align: center;"">Month</p> <p>{neo1_sd_m}</p> </td> <td style=""width: 12.2685%; height: 40.6px;""> <p style=""text-align: center;"">Day</p> <p>{neo1_sd_d}</p> </td> <td style=""width: 12.2685%; height: 40.6px;""> <p style=""text-align: center;"">Year</p> <p>{neo1_sd_y}</p> </td> <td style=""width: 2.02069%; height: 40.6px;""> <p style=""text-align: center;""> </p> </td> <td style=""width: 2.02069%; height: 40.6px;""> <p style=""text-align: center;""> </p> </td> <td style=""width: 13.1345%; height: 40.6px;""> <p style=""text-align: center;"">Month</p> <p>{neo1_ed_m}</p> </td> <td style=""width: 12.5571%; height: 40.6px;""> <p style=""text-align: center;"">Day</p> <p>{neo1_ed_d}</p> </td> <td style=""width: 12.2685%; height: 40.6px;""> <p style=""text-align: center;"">Year</p> <p>{neo1_ed_y}</p> </td> </tr> <tr style=""height: 66.4px;""> <td style=""width: 20.4955%; height: 66.4px;""> <p>Medication 2</p> <p>{neo2_therapy}</p> </td> <td style=""width: 12.9901%; height: 66.4px;"">{neo2_sd_m}</td> <td style=""width: 12.2685%; height: 66.4px;"">{neo2_sd_d}</td> <td style=""width: 12.2685%; height: 66.4px;"">{neo2_sd_y}</td> <td style=""width: 2.02069%; height: 66.4px;""> </td> <td style=""width: 2.02069%; height: 66.4px;""> </td> <td style=""width: 13.1345%; height: 66.4px;"">{neo2_ed_m}</td> <td style=""width: 12.5571%; height: 66.4px;"">{neo2_ed_d}</td> <td style=""width: 12.2685%; height: 66.4px;"">{neo2_ed_y}</td> </tr> <tr style=""height: 18.3333px;""> <td style=""width: 20.4955%; height: 66.4px;""> <p>Medication 3</p> <p>{neo3_therapy}</p> </td> <td style=""width: 12.9901%; height: 66.4px;"">{neo3_sd_m}</td> <td style=""width: 12.2685%; height: 66.4px;"">{neo3_sd_d}</td> <td style=""width: 12.2685%; height: 66.4px;"">{neo3_sd_y}</td> <td style=""width: 2.02069%; height: 66.4px;""> </td> <td style=""width: 2.02069%; height: 66.4px;""> </td> <td style=""width: 13.1345%; height: 66.4px;"">{neo3_ed_m}</td> <td style=""width: 12.5571%; height: 66.4px;"">{neo3_ed_d}</td> <td style=""width: 12.2685%; height: 66.4px;"">{neo3_ed_y}</td> </tr> <tr style=""height: 18.3333px;""> <td style=""width: 20.4955%; height: 66.4px;""> <p>Medication 4</p> <p>{neo4_therapy}</p> </td> <td style=""width: 12.9901%; height: 66.4px;"">{neo4_sd_m}</td> <td style=""width: 12.2685%; height: 66.4px;"">{neo4_sd_d}</td> <td style=""width: 12.2685%; height: 66.4px;"">{neo4_sd_y}</td> <td style=""width: 2.02069%; height: 66.4px;""> </td> <td style=""width: 2.02069%; height: 66.4px;""> </td> <td style=""width: 13.1345%; height: 66.4px;"">{neo4_ed_m}</td> <td style=""width: 12.5571%; height: 66.4px;"">{neo4_ed_d}</td> <td style=""width: 12.2685%; height: 66.4px;"">{neo4_ed_y}</td> </tr> <tr style=""height: 18.3333px;""> <td style=""width: 20.4955%; height: 66.4px;""> <p>Medication 5</p> <p>{neo5_therapy}</p> </td> <td style=""width: 12.9901%; height: 66.4px;"">{neo5_sd_m}</td> <td style=""width: 12.2685%; height: 66.4px;"">{neo5_sd_d}</td> <td style=""width: 12.2685%; height: 66.4px;"">{neo5_sd_y}</td> <td style=""width: 2.02069%; height: 66.4px;""> </td> <td style=""width: 2.02069%; height: 66.4px;""> </td> <td style=""width: 13.1345%; height: 66.4px;"">{neo5_ed_m}</td> <td style=""width: 12.5571%; height: 66.4px;"">{neo5_ed_d}</td> <td style=""width: 12.2685%; height: 66.4px;"">{neo5_ed_y}</td> </tr> <tr style=""height: 18.3333px;""> <td style=""width: 20.4955%; height: 66.4px;""> <p>Medication 6</p> <p>{neo6_therapy}</p> </td> <td style=""width: 12.9901%; height: 66.4px;"">{neo6_sd_m}</td> <td style=""width: 12.2685%; height: 66.4px;"">{neo6_sd_d}</td> <td style=""width: 12.2685%; height: 66.4px;"">{neo6_sd_y}</td> <td style=""width: 2.02069%; height: 66.4px;""> </td> <td style=""width: 2.02069%; height: 66.4px;""> </td> <td style=""width: 13.1345%; height: 66.4px;"">{neo6_ed_m}</td> <td style=""width: 12.5571%; height: 66.4px;"">{neo6_ed_d}</td> <td style=""width: 12.2685%; height: 66.4px;"">{neo6_ed_y}</td> </tr> </tbody> </table> <p><em><span style=""font-weight: normal;"">*One line per medication</span></em></p> <p><em><span style=""font-weight: normal;"">Medication 1-4 fields have to be completed using one of the RxNorm-coded drugs autopopulating after typing in the first few letters. If no code matches the actual drug name please use the Medication 5-6 fields that allow for free-text entry. If a regimen contains >4 entries please try to use an RxNorm-coded drug in Medication 5 and/or 6 as well, if possible, using any of the other 4 fields to identify and copy/paste that code.</span></em></p> <p> </p></div>",,,,,,,[neo_yn]=1,,,,,,
neoadj_no_cycles,treatment_details,,text,Number of Cycles (Neoadjuvant),,,integer,,,,[neo_yn]=1,,,,,,
neoadj_dose_mod_adjust,treatment_details,,notes,Dose Modifications or Adjustments (Neoadjuvant),,,,,,,[neo_yn]=1,,,,,,
neo1_therapy,treatment_details,,text,Neoadjuvant Medication 1,BIOPORTAL:RXNORM,,,,,,,,,,,,
neo1_sd_m,treatment_details,,dropdown,Neoadjuvant Medication 1 Start Date (Month),"XX, Unknown | 01, 01 | 02, 02 | 03, 03 | 04, 04 | 05, 05 | 06, 06 | 07, 07 | 08, 08 | 09, 09 | 10, 10 | 11, 11 | 12, 12",,,,,,,,,,,,
neo1_sd_d,treatment_details,,dropdown,Neoadjuvant Medication 1 Start Date (Day),"XX, Unknown | 01, 01 | 02, 02 | 03, 03 | 04, 04 | 05, 05 | 06, 06 | 07, 07 | 08, 08 | 09, 09 | 10, 10 | 11, 11 | 12, 12 | 13, 13 | 14, 14 | 15, 15 | 16, 16 | 17, 17 | 18, 18 | 19, 19 | 20, 20 | 21, 21 | 22, 22 | 23, 23 | 24, 24 | 25, 25 | 26, 26 | 27, 27 | 28, 28 | 29, 29 | 30, 30 | 31, 31",,,,,,,,,,,,
neo1_sd_y,treatment_details,,dropdown,Neoadjuvant Medication 1 Start Date (Year),"XXXX, Unknown | 2026, 2026 | 2025, 2025 | 2024, 2024 | 2023, 2023 | 2022, 2022 | 2021, 2021 | 2020, 2020 | 2019, 2019 | 2018, 2018 | 2017, 2017 | 2016, 2016 | 2015, 2015 | 2014, 2014 | 2013, 2013 | 2012, 2012 | 2011, 2011 | 2010, 2010 | 2009, 2009 | 2008, 2008 | 2007, 2007 | 2006, 2006 | 2005, 2005 | 2004, 2004 | 2003, 2003 | 2002, 2002 | 2001, 2001 | 2000, 2000 | 1999, 1999 | 1998, 1998 | 1997, 1997 | 1996, 1996 | 1995, 1995 | 1994, 1994 | 1993, 1993 | 1992, 1992 | 1991, 1991 | 1990, 1990",,,,,,,,,,,,
neo1_ed_d,treatment_details,,dropdown,Neodjuvant Medication 1 End Date (Day),"XX, Unknown | 01, 01 | 02, 02 | 03, 03 | 04, 04 | 05, 05 | 06, 06 | 07, 07 | 08, 08 | 09, 09 | 10, 10 | 11, 11 | 12, 12 | 13, 13 | 14, 14 | 15, 15 | 16, 16 | 17, 17 | 18, 18 | 19, 19 | 20, 20 | 21, 21 | 22, 22 | 23, 23 | 24, 24 | 25, 25 | 26, 26 | 27, 27 | 28, 28 | 29, 29 | 30, 30 | 31, 31",,,,,,,,,,,,
neo1_ed_m,treatment_details,,dropdown,Neoadjuvant Medication 1 End Date (Month),"XX, Unknown | 01, 01 | 02, 02 | 03, 03 | 04, 04 | 05, 05 | 06, 06 | 07, 07 | 08, 08 | 09, 09 | 10, 10 | 11, 11 | 12, 12",,,,,,,,,,,,
neo1_ed_y,treatment_details,,dropdown,Neoadjuvant Medication 1 End Date (Year),"XXXX, Unknown | 2026, 2026 | 2025, 2025 | 2024, 2024 | 2023, 2023 | 2022, 2022 | 2021, 2021 | 2020, 2020 | 2019, 2019 | 2018, 2018 | 2017, 2017 | 2016, 2016 | 2015, 2015 | 2014, 2014 | 2013, 2013 | 2012, 2012 | 2011, 2011 | 2010, 2010 | 2009, 2009 | 2008, 2008 | 2007, 2007 | 2006, 2006 | 2005, 2005 | 2004, 2004 | 2003, 2003 | 2002, 2002 | 2001, 2001 | 2000, 2000 | 1999, 1999 | 1998, 1998 | 1997, 1997 | 1996, 1996 | 1995, 1995 | 1994, 1994 | 1993, 1993 | 1992, 1992 | 1991, 1991 | 1990, 1990",,,,,,,,,,,,
neo2_therapy,treatment_details,,text,Neoadjuvant Medication 2,BIOPORTAL:RXNORM,,,,,,,,,,,,
neo2_sd_d,treatment_details,,dropdown,Neoadjuvant Medication 2 Start Date (Day),"XX, Unknown | 01, 01 | 02, 02 | 03, 03 | 04, 04 | 05, 05 | 06, 06 | 07, 07 | 08, 08 | 09, 09 | 10, 10 | 11, 11 | 12, 12 | 13, 13 | 14, 14 | 15, 15 | 16, 16 | 17, 17 | 18, 18 | 19, 19 | 20, 20 | 21, 21 | 22, 22 | 23, 23 | 24, 24 | 25, 25 | 26, 26 | 27, 27 | 28, 28 | 29, 29 | 30, 30 | 31, 31",,,,,,,,,,,,
neo2_sd_m,treatment_details,,dropdown,Neoadjuvant Medication 2 Start Date (Month),"XX, Unknown | 01, 01 | 02, 02 | 03, 03 | 04, 04 | 05, 05 | 06, 06 | 07, 07 | 08, 08 | 09, 09 | 10, 10 | 11, 11 | 12, 12",,,,,,,,,,,,
neo2_sd_y,treatment_details,,dropdown,Neoadjuvant Medication 2 Start Date (Year),"XXXX, Unknown | 2026, 2026 | 2025, 2025 | 2024, 2024 | 2023, 2023 | 2022, 2022 | 2021, 2021 | 2020, 2020 | 2019, 2019 | 2018, 2018 | 2017, 2017 | 2016, 2016 | 2015, 2015 | 2014, 2014 | 2013, 2013 | 2012, 2012 | 2011, 2011 | 2010, 2010 | 2009, 2009 | 2008, 2008 | 2007, 2007 | 2006, 2006 | 2005, 2005 | 2004, 2004 | 2003, 2003 | 2002, 2002 | 2001, 2001 | 2000, 2000 | 1999, 1999 | 1998, 1998 | 1997, 1997 | 1996, 1996 | 1995, 1995 | 1994, 1994 | 1993, 1993 | 1992, 1992 | 1991, 1991 | 1990, 1990",,,,,,,,,,,,
neo2_ed_d,treatment_details,,dropdown,Neoadjuvant Medication 2 End Date (Day),"XX, Unknown | 01, 01 | 02, 02 | 03, 03 | 04, 04 | 05, 05 | 06, 06 | 07, 07 | 08, 08 | 09, 09 | 10, 10 | 11, 11 | 12, 12 | 13, 13 | 14, 14 | 15, 15 | 16, 16 | 17, 17 | 18, 18 | 19, 19 | 20, 20 | 21, 21 | 22, 22 | 23, 23 | 24, 24 | 25, 25 | 26, 26 | 27, 27 | 28, 28 | 29, 29 | 30, 30 | 31, 31",,,,,,,,,,,,
neo3_therapy,treatment_details,,text,Neoadjuvant Medication 3,BIOPORTAL:RXNORM,,,,,,,,,,,,
neo3_sd_d,treatment_details,,dropdown,Neoadjuvant Medication 3 Start Date (Day),"XX, Unknown | 01, 01 | 02, 02 | 03, 03 | 04, 04 | 05, 05 | 06, 06 | 07, 07 | 08, 08 | 09, 09 | 10, 10 | 11, 11 | 12, 12 | 13, 13 | 14, 14 | 15, 15 | 16, 16 | 17, 17 | 18, 18 | 19, 19 | 20, 20 | 21, 21 | 22, 22 | 23, 23 | 24, 24 | 25, 25 | 26, 26 | 27, 27 | 28, 28 | 29, 29 | 30, 30 | 31, 31",,,,,,,,,,,,
neo2_ed_m,treatment_details,,dropdown,Neoadjuvant Medication 2 End Date (Month),"XX, Unknown | 01, 01 | 02, 02 | 03, 03 | 04, 04 | 05, 05 | 06, 06 | 07, 07 | 08, 08 | 09, 09 | 10, 10 | 11, 11 | 12, 12",,,,,,,,,,,,
neo3_sd_m,treatment_details,,dropdown,Neoadjuvant Medication 3 Start Date (Month),"XX, Unknown | 01, 01 | 02, 02 | 03, 03 | 04, 04 | 05, 05 | 06, 06 | 07, 07 | 08, 08 | 09, 09 | 10, 10 | 11, 11 | 12, 12",,,,,,,,,,,,
neo3_sd_y,treatment_details,,dropdown,Neoadjuvant Medication 3 Start Date (Year),"XXXX, Unknown | 2026, 2026 | 2025, 2025 | 2024, 2024 | 2023, 2023 | 2022, 2022 | 2021, 2021 | 2020, 2020 | 2019, 2019 | 2018, 2018 | 2017, 2017 | 2016, 2016 | 2015, 2015 | 2014, 2014 | 2013, 2013 | 2012, 2012 | 2011, 2011 | 2010, 2010 | 2009, 2009 | 2008, 2008 | 2007, 2007 | 2006, 2006 | 2005, 2005 | 2004, 2004 | 2003, 2003 | 2002, 2002 | 2001, 2001 | 2000, 2000 | 1999, 1999 | 1998, 1998 | 1997, 1997 | 1996, 1996 | 1995, 1995 | 1994, 1994 | 1993, 1993 | 1992, 1992 | 1991, 1991 | 1990, 1990",,,,,,,,,,,,
neo2_ed_y,treatment_details,,dropdown,Neoadjuvant Medication 2 End Date (Year),"XXXX, Unknown | 2026, 2026 | 2025, 2025 | 2024, 2024 | 2023, 2023 | 2022, 2022 | 2021, 2021 | 2020, 2020 | 2019, 2019 | 2018, 2018 | 2017, 2017 | 2016, 2016 | 2015, 2015 | 2014, 2014 | 2013, 2013 | 2012, 2012 | 2011, 2011 | 2010, 2010 | 2009, 2009 | 2008, 2008 | 2007, 2007 | 2006, 2006 | 2005, 2005 | 2004, 2004 | 2003, 2003 | 2002, 2002 | 2001, 2001 | 2000, 2000 | 1999, 1999 | 1998, 1998 | 1997, 1997 | 1996, 1996 | 1995, 1995 | 1994, 1994 | 1993, 1993 | 1992, 1992 | 1991, 1991 | 1990, 1990",,,,,,,,,,,,
neo3_ed_d,treatment_details,,dropdown,Neoadjuvant Medication 3 End Date (Day),"XX, Unknown | 01, 01 | 02, 02 | 03, 03 | 04, 04 | 05, 05 | 06, 06 | 07, 07 | 08, 08 | 09, 09 | 10, 10 | 11, 11 | 12, 12 | 13, 13 | 14, 14 | 15, 15 | 16, 16 | 17, 17 | 18, 18 | 19, 19 | 20, 20 | 21, 21 | 22, 22 | 23, 23 | 24, 24 | 25, 25 | 26, 26 | 27, 27 | 28, 28 | 29, 29 | 30, 30 | 31, 31",,,,,,,,,,,,
neo3_ed_y,treatment_details,,dropdown,Neoadjuvant Medication 3 End Date (Year),"XXXX, Unknown | 2026, 2026 | 2025, 2025 | 2024, 2024 | 2023, 2023 | 2022, 2022 | 2021, 2021 | 2020, 2020 | 2019, 2019 | 2018, 2018 | 2017, 2017 | 2016, 2016 | 2015, 2015 | 2014, 2014 | 2013, 2013 | 2012, 2012 | 2011, 2011 | 2010, 2010 | 2009, 2009 | 2008, 2008 | 2007, 2007 | 2006, 2006 | 2005, 2005 | 2004, 2004 | 2003, 2003 | 2002, 2002 | 2001, 2001 | 2000, 2000 | 1999, 1999 | 1998, 1998 | 1997, 1997 | 1996, 1996 | 1995, 1995 | 1994, 1994 | 1993, 1993 | 1992, 1992 | 1991, 1991 | 1990, 1990",,,,,,,,,,,,
neo4_sd_y,treatment_details,,dropdown,Neoadjuvant Medication 4 Start Date (Year),"XXXX, Unknown | 2026, 2026 | 2025, 2025 | 2024, 2024 | 2023, 2023 | 2022, 2022 | 2021, 2021 | 2020, 2020 | 2019, 2019 | 2018, 2018 | 2017, 2017 | 2016, 2016 | 2015, 2015 | 2014, 2014 | 2013, 2013 | 2012, 2012 | 2011, 2011 | 2010, 2010 | 2009, 2009 | 2008, 2008 | 2007, 2007 | 2006, 2006 | 2005, 2005 | 2004, 2004 | 2003, 2003 | 2002, 2002 | 2001, 2001 | 2000, 2000 | 1999, 1999 | 1998, 1998 | 1997, 1997 | 1996, 1996 | 1995, 1995 | 1994, 1994 | 1993, 1993 | 1992, 1992 | 1991, 1991 | 1990, 1990",,,,,,,,,,,,
neo3_ed_m,treatment_details,,dropdown,Neoadjuvant Medication 3 End Date (Month),"XX, Unknown | 01, 01 | 02, 02 | 03, 03 | 04, 04 | 05, 05 | 06, 06 | 07, 07 | 08, 08 | 09, 09 | 10, 10 | 11, 11 | 12, 12",,,,,,,,,,,,
neo4_sd_m,treatment_details,,dropdown,Neoadjuvant Medication 4 Start Date (Month),"XX, Unknown | 01, 01 | 02, 02 | 03, 03 | 04, 04 | 05, 05 | 06, 06 | 07, 07 | 08, 08 | 09, 09 | 10, 10 | 11, 11 | 12, 12",,,,,,,,,,,,
neo4_ed_d,treatment_details,,dropdown,Neoadjuvant Medication 4 End Date (Day),"XX, Unknown | 01, 01 | 02, 02 | 03, 03 | 04, 04 | 05, 05 | 06, 06 | 07, 07 | 08, 08 | 09, 09 | 10, 10 | 11, 11 | 12, 12 | 13, 13 | 14, 14 | 15, 15 | 16, 16 | 17, 17 | 18, 18 | 19, 19 | 20, 20 | 21, 21 | 22, 22 | 23, 23 | 24, 24 | 25, 25 | 26, 26 | 27, 27 | 28, 28 | 29, 29 | 30, 30 | 31, 31",,,,,,,,,,,,
neo4_ed_m,treatment_details,,dropdown,Neoadjuvant Medication 4 End Date (Month),"XX, Unknown | 01, 01 | 02, 02 | 03, 03 | 04, 04 | 05, 05 | 06, 06 | 07, 07 | 08, 08 | 09, 09 | 10, 10 | 11, 11 | 12, 12",,,,,,,,,,,,
neo4_therapy,treatment_details,,text,Neoadjuvant Medication 4,BIOPORTAL:RXNORM,,,,,,,,,,,,
neo4_ed_y,treatment_details,,dropdown,Neoadjuvant Medication 4 End Date (Year),"XXXX, Unknown | 2026, 2026 | 2025, 2025 | 2024, 2024 | 2023, 2023 | 2022, 2022 | 2021, 2021 | 2020, 2020 | 2019, 2019 | 2018, 2018 | 2017, 2017 | 2016, 2016 | 2015, 2015 | 2014, 2014 | 2013, 2013 | 2012, 2012 | 2011, 2011 | 2010, 2010 | 2009, 2009 | 2008, 2008 | 2007, 2007 | 2006, 2006 | 2005, 2005 | 2004, 2004 | 2003, 2003 | 2002, 2002 | 2001, 2001 | 2000, 2000 | 1999, 1999 | 1998, 1998 | 1997, 1997 | 1996, 1996 | 1995, 1995 | 1994, 1994 | 1993, 1993 | 1992, 1992 | 1991, 1991 | 1990, 1990",,,,,,,,,,,,
neo4_sd_d,treatment_details,,dropdown,Neoadjuvant Medication 4 Start Date (Day),"XX, Unknown | 01, 01 | 02, 02 | 03, 03 | 04, 04 | 05, 05 | 06, 06 | 07, 07 | 08, 08 | 09, 09 | 10, 10 | 11, 11 | 12, 12 | 13, 13 | 14, 14 | 15, 15 | 16, 16 | 17, 17 | 18, 18 | 19, 19 | 20, 20 | 21, 21 | 22, 22 | 23, 23 | 24, 24 | 25, 25 | 26, 26 | 27, 27 | 28, 28 | 29, 29 | 30, 30 | 31, 31",,,,,,,,,,,,
neo5_therapy,treatment_details,,text,Neoadjuvant Medication 5,,,,,,,,,,,,,
neo5_sd_d,treatment_details,,dropdown,Neoadjuvant Medication 5 Start Date (Day),"XX, Unknown | 01, 01 | 02, 02 | 03, 03 | 04, 04 | 05, 05 | 06, 06 | 07, 07 | 08, 08 | 09, 09 | 10, 10 | 11, 11 | 12, 12 | 13, 13 | 14, 14 | 15, 15 | 16, 16 | 17, 17 | 18, 18 | 19, 19 | 20, 20 | 21, 21 | 22, 22 | 23, 23 | 24, 24 | 25, 25 | 26, 26 | 27, 27 | 28, 28 | 29, 29 | 30, 30 | 31, 31",,,,,,,,,,,,
neo5_sd_m,treatment_details,,dropdown,Neoadjuvant Medication 5 Start Date (Month),"XX, Unknown | 01, 01 | 02, 02 | 03, 03 | 04, 04 | 05, 05 | 06, 06 | 07, 07 | 08, 08 | 09, 09 | 10, 10 | 11, 11 | 12, 12",,,,,,,,,,,,
neo5_sd_y,treatment_details,,dropdown,Neoadjuvant Medication 5 Start Date (Year),"XXXX, Unknown | 2026, 2026 | 2025, 2025 | 2024, 2024 | 2023, 2023 | 2022, 2022 | 2021, 2021 | 2020, 2020 | 2019, 2019 | 2018, 2018 | 2017, 2017 | 2016, 2016 | 2015, 2015 | 2014, 2014 | 2013, 2013 | 2012, 2012 | 2011, 2011 | 2010, 2010 | 2009, 2009 | 2008, 2008 | 2007, 2007 | 2006, 2006 | 2005, 2005 | 2004, 2004 | 2003, 2003 | 2002, 2002 | 2001, 2001 | 2000, 2000 | 1999, 1999 | 1998, 1998 | 1997, 1997 | 1996, 1996 | 1995, 1995 | 1994, 1994 | 1993, 1993 | 1992, 1992 | 1991, 1991 | 1990, 1990",,,,,,,,,,,,
neo5_ed_d,treatment_details,,dropdown,Neoadjuvant Medication 5 End Date (Day),"XX, Unknown | 01, 01 | 02, 02 | 03, 03 | 04, 04 | 05, 05 | 06, 06 | 07, 07 | 08, 08 | 09, 09 | 10, 10 | 11, 11 | 12, 12 | 13, 13 | 14, 14 | 15, 15 | 16, 16 | 17, 17 | 18, 18 | 19, 19 | 20, 20 | 21, 21 | 22, 22 | 23, 23 | 24, 24 | 25, 25 | 26, 26 | 27, 27 | 28, 28 | 29, 29 | 30, 30 | 31, 31",,,,,,,,,,,,
neo5_ed_m,treatment_details,,dropdown,Neoadjuvant Medication 5 End Date (Month),"XX, Unknown | 01, 01 | 02, 02 | 03, 03 | 04, 04 | 05, 05 | 06, 06 | 07, 07 | 08, 08 | 09, 09 | 10, 10 | 11, 11 | 12, 12",,,,,,,,,,,,
neo5_ed_y,treatment_details,,dropdown,Neoadjuvant Medication 5 End Date (Year),"XXXX, Unknown | 2026, 2026 | 2025, 2025 | 2024, 2024 | 2023, 2023 | 2022, 2022 | 2021, 2021 | 2020, 2020 | 2019, 2019 | 2018, 2018 | 2017, 2017 | 2016, 2016 | 2015, 2015 | 2014, 2014 | 2013, 2013 | 2012, 2012 | 2011, 2011 | 2010, 2010 | 2009, 2009 | 2008, 2008 | 2007, 2007 | 2006, 2006 | 2005, 2005 | 2004, 2004 | 2003, 2003 | 2002, 2002 | 2001, 2001 | 2000, 2000 | 1999, 1999 | 1998, 1998 | 1997, 1997 | 1996, 1996 | 1995, 1995 | 1994, 1994 | 1993, 1993 | 1992, 1992 | 1991, 1991 | 1990, 1990",,,,,,,,,,,,
neo6_therapy,treatment_details,,text,Neoadjuvant Medication 6,,,,,,,,,,,,,
neo6_sd_d,treatment_details,,dropdown,Neoadjuvant Medication 6 Start Date (Day),"XX, Unknown | 01, 01 | 02, 02 | 03, 03 | 04, 04 | 05, 05 | 06, 06 | 07, 07 | 08, 08 | 09, 09 | 10, 10 | 11, 11 | 12, 12 | 13, 13 | 14, 14 | 15, 15 | 16, 16 | 17, 17 | 18, 18 | 19, 19 | 20, 20 | 21, 21 | 22, 22 | 23, 23 | 24, 24 | 25, 25 | 26, 26 | 27, 27 | 28, 28 | 29, 29 | 30, 30 | 31, 31",,,,,,,,,,,,
neo6_sd_m,treatment_details,,dropdown,Neoadjuvant Medication 6 Start Date (Month),"XX, Unknown | 01, 01 | 02, 02 | 03, 03 | 04, 04 | 05, 05 | 06, 06 | 07, 07 | 08, 08 | 09, 09 | 10, 10 | 11, 11 | 12, 12",,,,,,,,,,,,
neo6_sd_y,treatment_details,,dropdown,Neoadjuvant Medication 6 Start Date (Year),"XXXX, Unknown | 2026, 2026 | 2025, 2025 | 2024, 2024 | 2023, 2023 | 2022, 2022 | 2021, 2021 | 2020, 2020 | 2019, 2019 | 2018, 2018 | 2017, 2017 | 2016, 2016 | 2015, 2015 | 2014, 2014 | 2013, 2013 | 2012, 2012 | 2011, 2011 | 2010, 2010 | 2009, 2009 | 2008, 2008 | 2007, 2007 | 2006, 2006 | 2005, 2005 | 2004, 2004 | 2003, 2003 | 2002, 2002 | 2001, 2001 | 2000, 2000 | 1999, 1999 | 1998, 1998 | 1997, 1997 | 1996, 1996 | 1995, 1995 | 1994, 1994 | 1993, 1993 | 1992, 1992 | 1991, 1991 | 1990, 1990",,,,,,,,,,,,
neo6_ed_d,treatment_details,,dropdown,Neoadjuvant Medication 6 End Date (Day),"XX, Unknown | 01, 01 | 02, 02 | 03, 03 | 04, 04 | 05, 05 | 06, 06 | 07, 07 | 08, 08 | 09, 09 | 10, 10 | 11, 11 | 12, 12 | 13, 13 | 14, 14 | 15, 15 | 16, 16 | 17, 17 | 18, 18 | 19, 19 | 20, 20 | 21, 21 | 22, 22 | 23, 23 | 24, 24 | 25, 25 | 26, 26 | 27, 27 | 28, 28 | 29, 29 | 30, 30 | 31, 31",,,,,,,,,,,,
neo6_ed_m,treatment_details,,dropdown,Neoadjuvant Medication 6 End Date (Month),"XX, Unknown | 01, 01 | 02, 02 | 03, 03 | 04, 04 | 05, 05 | 06, 06 | 07, 07 | 08, 08 | 09, 09 | 10, 10 | 11, 11 | 12, 12",,,,,,,,,,,,
neo6_ed_y,treatment_details,,dropdown,Neoadjuvant Medication 6 End Date (Year),"XXXX, Unknown | 2026, 2026 | 2025, 2025 | 2024, 2024 | 2023, 2023 | 2022, 2022 | 2021, 2021 | 2020, 2020 | 2019, 2019 | 2018, 2018 | 2017, 2017 | 2016, 2016 | 2015, 2015 | 2014, 2014 | 2013, 2013 | 2012, 2012 | 2011, 2011 | 2010, 2010 | 2009, 2009 | 2008, 2008 | 2007, 2007 | 2006, 2006 | 2005, 2005 | 2004, 2004 | 2003, 2003 | 2002, 2002 | 2001, 2001 | 2000, 2000 | 1999, 1999 | 1998, 1998 | 1997, 1997 | 1996, 1996 | 1995, 1995 | 1994, 1994 | 1993, 1993 | 1992, 1992 | 1991, 1991 | 1990, 1990",,,,,,,,,,,,
neo1_sd,treatment_details,,text,Neodjuvant Medication 1 Start Date,,,,,,,,,,,,," @CALCTEXT(concat(if(isblankormissingcode([neo1_sd_m]),'00',[neo1_sd_m]), ""/"", if(isblankormissingcode([neo1_sd_d]),'00',[neo1_sd_d]), ""/"", if(isblankormissingcode([neo1_sd_y]),'0000',[neo1_sd_y]))) AND @HIDDEN"
neo1_ed,treatment_details,,text,Neoadjuvant Medication 1 End Date,,,,,,,,,,,,," @CALCTEXT(concat(if(isblankormissingcode([neo1_ed_m]),'00',[neo1_ed_m]), ""/"", if(isblankormissingcode([neo1_ed_d]),'00',[neo1_ed_d]), ""/"", if(isblankormissingcode([neo1_ed_y]),'0000',[neo1_ed_y]))) AND @HIDDEN"
neo2_sd,treatment_details,,text,Neoadjuvant Medication 2 Start Date,,,,,,,,,,,,," @CALCTEXT(concat(if(isblankormissingcode([neo2_sd_m]),'00',[neo2_sd_m]), ""/"", if(isblankormissingcode([neo2_sd_d]),'00',[neo2_sd_d]), ""/"", if(isblankormissingcode([neo2_sd_y]),'0000',[neo2_sd_y]))) AND @HIDDEN"
neo2_ed,treatment_details,,text,Neoadjuvant Medication 2 End Date,,,,,,,,,,,,," @CALCTEXT(concat(if(isblankormissingcode([neo2_ed_m]),'00',[neo2_ed_m]), ""/"", if(isblankormissingcode([neo2_ed_d]),'00',[neo2_ed_d]), ""/"", if(isblankormissingcode([neo2_ed_y]),'0000',[neo2_ed_y]))) AND @HIDDEN"
neo3_sd,treatment_details,,text,Neoadjuvant Medication 3 Start Date,,,,,,,,,,,,," @CALCTEXT(concat(if(isblankormissingcode([neo3_sd_m]),'00',[neo3_sd_m]), ""/"", if(isblankormissingcode([neo3_sd_d]),'00',[neo3_sd_d]), ""/"", if(isblankormissingcode([neo3_sd_y]),'0000',[neo3_sd_y]))) AND @HIDDEN"
neo3_ed,treatment_details,,text,Neoadjuvant Medication 3 End Date,,,,,,,,,,,,," @CALCTEXT(concat(if(isblankormissingcode([neo3_ed_m]),'00',[neo3_ed_m]), ""/"", if(isblankormissingcode([neo3_ed_d]),'00',[neo3_ed_d]), ""/"", if(isblankormissingcode([neo3_ed_y]),'0000',[neo3_ed_y]))) AND @HIDDEN"
neo4_sd,treatment_details,,text,Neoadjuvant Medication 4 Start Date,,,,,,,,,,,,," @CALCTEXT(concat(if(isblankormissingcode([neo4_sd_m]),'00',[neo4_sd_m]), ""/"", if(isblankormissingcode([neo4_sd_d]),'00',[neo4_sd_d]), ""/"", if(isblankormissingcode([neo4_sd_y]),'0000',[neo4_sd_y]))) AND @HIDDEN"
neo4_ed,treatment_details,,text,Neoadjuvant Medication 4 End Date,,,,,,,,,,,,," @CALCTEXT(concat(if(isblankormissingcode([neo4_ed_m]),'00',[neo4_ed_m]), ""/"", if(isblankormissingcode([neo4_ed_d]),'00',[neo4_ed_d]), ""/"", if(isblankormissingcode([neo4_ed_y]),'0000',[neo4_ed_y]))) AND @HIDDEN"
neo5_sd,treatment_details,,text,Neoadjuvant Medication 5 Start Date,,,,,,,,,,,,," @CALCTEXT(concat(if(isblankormissingcode([neo5_sd_m]),'00',[neo5_sd_m]), ""/"", if(isblankormissingcode([neo5_sd_d]),'00',[neo5_sd_d]), ""/"", if(isblankormissingcode([neo5_sd_y]),'0000',[neo5_sd_y]))) AND @HIDDEN"
neo5_ed,treatment_details,,text,Neodjuvant Medication 5 End Date,,,,,,,,,,,,," @CALCTEXT(concat(if(isblankormissingcode([neo5_ed_m]),'00',[neo5_ed_m]), ""/"", if(isblankormissingcode([neo5_ed_d]),'00',[neo5_ed_d]), ""/"", if(isblankormissingcode([neo5_ed_y]),'0000',[neo5_ed_y]))) AND @HIDDEN"
neo6_sd,treatment_details,,text,Neoadjuvant Medication 6 Start Date,,,,,,,,,,,,," @CALCTEXT(concat(if(isblankormissingcode([neo6_sd_m]),'00',[neo6_sd_m]), ""/"", if(isblankormissingcode([neo6_sd_d]),'00',[neo6_sd_d]), ""/"", if(isblankormissingcode([neo6_sd_y]),'0000',[neo6_sd_y]))) AND @HIDDEN"
neo6_ed,treatment_details,,text,Neoadjuvant Medication 6 End Date,,,,,,,,,,,,," @CALCTEXT(concat(if(isblankormissingcode([neo6_ed_m]),'00',[neo6_ed_m]), ""/"", if(isblankormissingcode([neo6_ed_d]),'00',[neo6_ed_d]), ""/"", if(isblankormissingcode([neo6_ed_y]),'0000',[neo6_ed_y]))) AND @HIDDEN"
neo_discontinue,treatment_details,,radio,Was the neoadjuvant medication/regimen discontinued? ,"1, Yes | 0, No | 99, Unknown",,,,,,[neo_yn]=1,,,,,,
neo_discontinue_reason,treatment_details,,checkbox,Neodjuvant Medication/Regimen Discontinuation Reason,"0, Completion of Planned Therapy/Maximal Response | 1, Toxicity | 2, Patient Preference | 3, Not Effective/Progression of Disease | 4, Transitioned to Supportive Care/ Patient Expired | 5, Lost to Follow-Up | 98, Other | 99, Unknown",A code explaining unplanned or premature termination of the neoadjuvant medication or regimen,,,,,[neo_yn]=1 AND [neo_discontinue]=1,,,,,,
neo_toxicity,treatment_details,,text,"If the neoadjuvant medication/regimen was discontinued due to toxicity, please explain why (list side effect, condition, symptom, etc.)?",,,,,,,[neo_yn]=1 AND [neo_discontinue]=1 AND [neo_discontinue_reason(1)]=1,,,,,,
cns_ca_surgery_yn,treatment_details,Treatment Surgery,yesno,"Is this a surgery therapy for a CNS cancer, either primary or metastatic?",,,,,,,[surgery_yn]=1,,,,,,
cns_ca_primary_metastatic,treatment_details,,radio,Is this a surgery therapy for a primary or metastatic CNS cancer?,"0, Primary CNS Cancer | 1, Metastatic CNS Cancer",,,,,,[surgery_yn]=1 AND [cns_ca_surgery_yn]=1,,,,,,
surgery_code,treatment_details,,text,Surgery Code,BIOPORTAL:SNOMEDCT,Code for the surgical procedure performed - select one of the SNOMED CT codes,,,,,[surgery_yn]=1,,,,,,
surgery_code_free_text,treatment_details,,text,Surgery Code (Free-Text),,Free-text entry if no appropriate SNOMED CT code is found,,,,,[surgery_yn]=1,,,,,,
resection_extent,treatment_details,,dropdown,Extent of Resection,"1, Biopsy | 2, Subtotal Resection | 3, Gross Total Resection | 99, Unknown",,,,,,[surgery_yn]=1 AND [cns_ca_surgery_yn]=1,,,,,,
giladel_placed,treatment_details,,yesno,Gliadel (carmustine wafers) placed?,,,,,,,[surgery_yn]=1 AND [cns_ca_surgery_yn]=1,,,,,,
no_cns_met_resected,treatment_details,,text,Number of CNS Metastases Resected,,,integer,,,,[surgery_yn]=1 AND [cns_ca_surgery_yn]=1 AND [cns_ca_primary_metastatic]=1,,,,,,
surgery_date,treatment_details,,text,Surgical Resection Date,,,date_mdy,,,,[surgery_yn]=1,,,,,, @HIDDEN
surg_dt_full,treatment_details,,descriptive,"<div class=""rich-text-field-label""><table style=""border-collapse: collapse; width: 97.5495%; height: 18.3333px;"" border=""0""> <tbody> <tr> <td style=""width: 59.5162%;""> </td> <td style=""width: 13.9262%;"">Month</td> <td style=""width: 13.3398%;"">Day</td> <td style=""width: 13.1933%;"">Year</td> </tr> <tr style=""height: 18.3333px; border-style: none;""> <td style=""width: 59.5162%; height: 18.3333px;"">Surgical Resection Date</td> <td style=""width: 13.9262%; height: 18.3333px;"">{surg_dt_m}</td> <td style=""width: 13.3398%; height: 18.3333px;"">{surg_dt_d}</td> <td style=""width: 13.1933%; height: 18.3333px;"">{surg_dt_y}</td> </tr> </tbody> </table> <p style=""text-align: left;""><em><span style=""font-weight: normal;""> </span></em></p></div>",,,,,,,[surgery_yn]=1,,,,,,
surgical_resection_date,treatment_details,,text,Surgical Resection Date (full value),,,,,,,,,,,,," @CALCTEXT(concat(if(isblankormissingcode([surg_dt_m]),'00',[surg_dt_m]), ""/"", if(isblankormissingcode([surg_dt_d]),'00',[surg_dt_d]), ""/"", if(isblankormissingcode([surg_dt_y]),'0000',[surg_dt_y]))) AND @HIDDEN"
surg_dt_d,treatment_details,,dropdown,Surgical Resection Date (Day),"XX, Unknown | 01, 01 | 02, 02 | 03, 03 | 04, 04 | 05, 05 | 06, 06 | 07, 07 | 08, 08 | 09, 09 | 10, 10 | 11, 11 | 12, 12 | 13, 13 | 14, 14 | 15, 15 | 16, 16 | 17, 17 | 18, 18 | 19, 19 | 20, 20 | 21, 21 | 22, 22 | 23, 23 | 24, 24 | 25, 25 | 26, 26 | 27, 27 | 28, 28 | 29, 29 | 30, 30 | 31, 31",,,,,,,,,,,,
surg_dt_m,treatment_details,,dropdown,Surgical Resection Date (Month),"XX, Unknown | 01, 01 | 02, 02 | 03, 03 | 04, 04 | 05, 05 | 06, 06 | 07, 07 | 08, 08 | 09, 09 | 10, 10 | 11, 11 | 12, 12",,,,,,,,,,,,
surg_dt_y,treatment_details,,dropdown,Surgical Resection Date (Year),"XXXX, Unknown | 2026, 2026 | 2025, 2025 | 2024, 2024 | 2023, 2023 | 2022, 2022 | 2021, 2021 | 2020, 2020 | 2019, 2019 | 2018, 2018 | 2017, 2017 | 2016, 2016 | 2015, 2015 | 2014, 2014 | 2013, 2013 | 2012, 2012 | 2011, 2011 | 2010, 2010 | 2009, 2009 | 2008, 2008 | 2007, 2007 | 2006, 2006 | 2005, 2005 | 2004, 2004 | 2003, 2003 | 2002, 2002 | 2001, 2001 | 2000, 2000 | 1999, 1999 | 1998, 1998 | 1997, 1997 | 1996, 1996 | 1995, 1995 | 1994, 1994 | 1993, 1993 | 1992, 1992 | 1991, 1991 | 1990, 1990",,,,,,,,,,,,
surgery_site,treatment_details,,text,Surgery Body Site,,The body location(s) where the procedure was performed,,,,,[surgery_yn]=1 AND [cns_ca_surgery_yn]=0,,,,,,
surgery_laterality,treatment_details,,radio,Surgery Laterality,"1, Right Unilateral | 2, Left Unilateral | 3, Bilateral | 99, Unknown","Body side of the body location, if needed to distinguish from a similar location on the other side of the body",,,,,[surgery_yn]=1 AND [cns_ca_surgery_yn]=0,,,,,,
surgery_intent,treatment_details,,radio,Surgery Intent,"0, Curative | 1, Palliative","The purpose of the medication, either curative or palliative",,,,,[surgery_yn]=1 AND [cns_ca_surgery_yn]=0,,,,,,
rad_therapy,treatment_details,Treatment Radiation,dropdown,Type of Radiation Therapy,"1, External Beam Radiotherapy | 2, Brachytherapy",Code for the radiation therapy procedure performed,,,,,[rad_yn]=1,,,,,,
ext_beam_rad_ther_modality,treatment_details,,dropdown,External Beam Radiation Therapy Modality,"1, Electron | 2, Photon | 3, Proton | 4, Low-dose Rate Implants | 5, High-dose Rate Implants | 6, Permanent Implants",Type of modality of the external beam radiation therapy,,,,,[rad_yn]=1 and [rad_therapy]=1,,,,,,
brachy_rad_ther_modality,treatment_details,,dropdown,Brachytherapy Radiation Therapy Modality,"1, Low-dose Rate Implants | 2, High-dose Rate Implants | 3, Permanent Implants",Type of modality of brachytherapy radiation therapy,,,,,[rad_yn]=1 and [rad_therapy]=2,,,,,,
radiation_technique,treatment_details,,dropdown,Radiation Therapy Technique,"1, 3-D Conformal Radiation Therapy | 2, Intensity-modulated Radiation Therapy (IMRT) | 3, Image-guided Radiation Therapy (IGRT) | 4, Tomotherapy | 5, Stereotactic Radiosurgery | 6, Stereotactic Body Radiation Therapy | 7, Whole Brain Radiation",Technique used in radiation therapy,,,,,[rad_yn]=1,,,,,,
rad_ther_total_dose,treatment_details,,text,Radiation Therapy Total Dose Delivered (cGy),,The total amount of radiation delivered to this volume within the scope of this dose delivery in cGy,integer,,,,[rad_yn]=1,,,,,,
rad_ther_fractions,treatment_details,,text,Radiation Therapy Fractions Delivered,,The number of fractions delivered to this volume,integer,,,,[rad_yn]=1,,,,,,
radiat_sd_full,treatment_details,,descriptive,"<div class=""rich-text-field-label""><table style=""border-collapse: collapse; width: 97.5495%; height: 18.3333px;"" border=""0""> <tbody> <tr> <td style=""width: 59.5162%;""> </td> <td style=""width: 13.9262%;"">Month</td> <td style=""width: 13.3398%;"">Day</td> <td style=""width: 13.1933%;"">Year</td> </tr> <tr style=""height: 18.3333px; border-style: none;""> <td style=""width: 59.5162%; height: 18.3333px;"">Radiation Start Date</td> <td style=""width: 13.9262%; height: 18.3333px;"">{radiat_sd_m}</td> <td style=""width: 13.3398%; height: 18.3333px;"">{radiat_sd_d}</td> <td style=""width: 13.1933%; height: 18.3333px;"">{radiat_sd_y}</td> </tr> </tbody> </table> <p style=""text-align: left;""><em><span style=""font-weight: normal;""> </span></em></p></div>",,,,,,,[rad_yn]=1,,,,,,
radiat_start_date_full,treatment_details,,text,Radiation Start Date (full value),,,,,,,,,,,,," @CALCTEXT(concat(if(isblankormissingcode([radiat_sd_m]),'00',[radiat_sd_m]), ""/"", if(isblankormissingcode([radiat_sd_d]),'00',[radiat_sd_d]), ""/"", if(isblankormissingcode([radiat_sd_y]),'0000',[radiat_sd_y]))) AND @HIDDEN"
radiat_sd_d,treatment_details,,dropdown,Radiation Start Date (Day),"XX, Unknown | 01, 01 | 02, 02 | 03, 03 | 04, 04 | 05, 05 | 06, 06 | 07, 07 | 08, 08 | 09, 09 | 10, 10 | 11, 11 | 12, 12 | 13, 13 | 14, 14 | 15, 15 | 16, 16 | 17, 17 | 18, 18 | 19, 19 | 20, 20 | 21, 21 | 22, 22 | 23, 23 | 24, 24 | 25, 25 | 26, 26 | 27, 27 | 28, 28 | 29, 29 | 30, 30 | 31, 31",,,,,,,,,,,,
radiat_sd_m,treatment_details,,dropdown,Radiation Start Date (Month),"XX, Unknown | 01, 01 | 02, 02 | 03, 03 | 04, 04 | 05, 05 | 06, 06 | 07, 07 | 08, 08 | 09, 09 | 10, 10 | 11, 11 | 12, 12",,,,,,,,,,,,
radiat_sd_y,treatment_details,,dropdown,Radiation Start Date (Year),"XXXX, Unknown | 2026, 2026 | 2025, 2025 | 2024, 2024 | 2023, 2023 | 2022, 2022 | 2021, 2021 | 2020, 2020 | 2019, 2019 | 2018, 2018 | 2017, 2017 | 2016, 2016 | 2015, 2015 | 2014, 2014 | 2013, 2013 | 2012, 2012 | 2011, 2011 | 2010, 2010 | 2009, 2009 | 2008, 2008 | 2007, 2007 | 2006, 2006 | 2005, 2005 | 2004, 2004 | 2003, 2003 | 2002, 2002 | 2001, 2001 | 2000, 2000 | 1999, 1999 | 1998, 1998 | 1997, 1997 | 1996, 1996 | 1995, 1995 | 1994, 1994 | 1993, 1993 | 1992, 1992 | 1991, 1991 | 1990, 1990",,,,,,,,,,,,
radiat_ed_full,treatment_details,,descriptive,"<div class=""rich-text-field-label""><table style=""border-collapse: collapse; width: 97.5495%; height: 18.3333px;"" border=""0""> <tbody> <tr> <td style=""width: 59.5162%;""> </td> <td style=""width: 13.9262%;"">Month</td> <td style=""width: 13.3398%;"">Day</td> <td style=""width: 13.1933%;"">Year</td> </tr> <tr style=""height: 18.3333px; border-style: none;""> <td style=""width: 59.5162%; height: 18.3333px;"">Radiation End Date</td> <td style=""width: 13.9262%; height: 18.3333px;"">{radiat_ed_m}</td> <td style=""width: 13.3398%; height: 18.3333px;"">{radiat_ed_d}</td> <td style=""width: 13.1933%; height: 18.3333px;"">{radiat_ed_y}</td> </tr> </tbody> </table> <p style=""text-align: left;""><em><span style=""font-weight: normal;""> </span></em></p></div>",,,,,,,[rad_yn]=1,,,,,,
radiat_end_date_full,treatment_details,,text,Radiation End Date (full value),,,,,,,,,,,,," @CALCTEXT(concat(if(isblankormissingcode([radiat_ed_m]),'00',[radiat_ed_m]), ""/"", if(isblankormissingcode([radiat_ed_d]),'00',[radiat_ed_d]), ""/"", if(isblankormissingcode([radiat_ed_y]),'0000',[radiat_ed_y]))) AND @HIDDEN"
radiat_ed_d,treatment_details,,dropdown,Radiation End Date (Day),"XX, Unknown | 01, 01 | 02, 02 | 03, 03 | 04, 04 | 05, 05 | 06, 06 | 07, 07 | 08, 08 | 09, 09 | 10, 10 | 11, 11 | 12, 12 | 13, 13 | 14, 14 | 15, 15 | 16, 16 | 17, 17 | 18, 18 | 19, 19 | 20, 20 | 21, 21 | 22, 22 | 23, 23 | 24, 24 | 25, 25 | 26, 26 | 27, 27 | 28, 28 | 29, 29 | 30, 30 | 31, 31",,,,,,,,,,,,
radiat_ed_m,treatment_details,,dropdown,Radiation End Date (Month),"XX, Unknown | 01, 01 | 02, 02 | 03, 03 | 04, 04 | 05, 05 | 06, 06 | 07, 07 | 08, 08 | 09, 09 | 10, 10 | 11, 11 | 12, 12",,,,,,,,,,,,
radiat_ed_y,treatment_details,,dropdown,Radiation End Date (Year),"XXXX, Unknown | 2026, 2026 | 2025, 2025 | 2024, 2024 | 2023, 2023 | 2022, 2022 | 2021, 2021 | 2020, 2020 | 2019, 2019 | 2018, 2018 | 2017, 2017 | 2016, 2016 | 2015, 2015 | 2014, 2014 | 2013, 2013 | 2012, 2012 | 2011, 2011 | 2010, 2010 | 2009, 2009 | 2008, 2008 | 2007, 2007 | 2006, 2006 | 2005, 2005 | 2004, 2004 | 2003, 2003 | 2002, 2002 | 2001, 2001 | 2000, 2000 | 1999, 1999 | 1998, 1998 | 1997, 1997 | 1996, 1996 | 1995, 1995 | 1994, 1994 | 1993, 1993 | 1992, 1992 | 1991, 1991 | 1990, 1990",,,,,,,,,,,,
rad_site,treatment_details,,text,Radiotherapy Body Site,,The body location(s) where the procedure was performed,,,,,[rad_yn]=1,,,,,,
rad_laterality,treatment_details,,radio,Radiotherapy Laterality,"1, Right Unilateral | 2, Left Unilateral | 3, Bilateral | 4, Midline | 99, Unknown","Body side of the body location, if needed to distinguish from a similar location on the other side of the body",,,,,[rad_yn]=1,,,,,,
rad_discontinue,treatment_details,,yesno,Was the radiation therapy treatment discontinued? ,,,,,,,[rad_yn]=1,,,,,,
rad_discontinue_reason,treatment_details,,checkbox,Reason for Discontinuation of Radiation Therapy,"0, Completion of Planned Therapy/Maximal Response | 1, Toxicity | 2, Patient Preference | 3, Not Effective/Progression of Disease | 4, Transitioned to Supportive Care/ Patient Expired | 5, Lost to Follow-Up | 98, Other | 99, Unknown",A code explaining unplanned or premature termination of a radiation therapy,,,,,[rad_yn]=1 and [rad_discontinue]=1,,,,,,
med_adj_ther_trial_yn,treatment_details,Treatment Adjuvant,yesno,Was the adjuvant medication/regimen given in a clinical trial?,,,,,,,[systemic_yn]=1,,,,,,
regimen_adjuvant,treatment_details,,descriptive,"<div class=""rich-text-field-label""><h3>Adjuvant Regimen</h3> <p> </p> <table style=""border-collapse: collapse; width: 100.073%; border-style: none; height: 198.667px;"" border=""0""> <tbody> <tr style=""height: 18.3333px;""> <td style=""width: 20.4955%; height: 18.3333px;""> </td> <td style=""width: 37.5271%; text-align: center; height: 18.3333px;"" colspan=""3"">START DATE</td> <td style=""text-align: center; width: 2.02069%; height: 18.3333px;""> </td> <td style=""text-align: center; width: 2.02069%; height: 18.3333px;""> </td> <td style=""width: 37.9601%; text-align: center; height: 18.3333px;"" colspan=""3"">END DATE</td> </tr> <tr style=""height: 20.6px;""> <td style=""width: 20.4955%; height: 40.6px;""> <p> </p> <p>Medication 1</p> <p>{med1_therapy}</p> </td> <td style=""width: 12.9901%; height: 40.6px;""> <p style=""text-align: center;"">Month</p> <p>{adj1_sd_m}</p> </td> <td style=""width: 12.2685%; height: 40.6px;""> <p style=""text-align: center;"">Day</p> <p>{adj1_sd_d}</p> </td> <td style=""width: 12.2685%; height: 40.6px;""> <p style=""text-align: center;"">Year</p> <p>{adj1_sd_y}</p> </td> <td style=""width: 2.02069%; height: 40.6px;""> <p style=""text-align: center;""> </p> </td> <td style=""width: 2.02069%; height: 40.6px;""> <p style=""text-align: center;""> </p> </td> <td style=""width: 13.1345%; height: 40.6px;""> <p style=""text-align: center;"">Month</p> <p>{adj1_ed_m}</p> </td> <td style=""width: 12.5571%; height: 40.6px;""> <p style=""text-align: center;"">Day</p> <p>{adj1_ed_d}</p> </td> <td style=""width: 12.2685%; height: 40.6px;""> <p style=""text-align: center;"">Year</p> <p>{adj1_ed_y}</p> </td> </tr> <tr style=""height: 66.4px;""> <td style=""width: 20.4955%; height: 66.4px;""> <p>Medication 2</p> <p>{med2_therapy}</p> </td> <td style=""width: 12.9901%; height: 66.4px;"">{adj2_sd_m}</td> <td style=""width: 12.2685%; height: 66.4px;"">{adj2_sd_d}</td> <td style=""width: 12.2685%; height: 66.4px;"">{adj2_sd_y}</td> <td style=""width: 2.02069%; height: 66.4px;""> </td> <td style=""width: 2.02069%; height: 66.4px;""> </td> <td style=""width: 13.1345%; height: 66.4px;"">{adj2_ed_m}</td> <td style=""width: 12.5571%; height: 66.4px;"">{adj2_ed_d}</td> <td style=""width: 12.2685%; height: 66.4px;"">{adj2_ed_y}</td> </tr> <tr style=""height: 18.3333px;""> <td style=""width: 20.4955%; height: 66.4px;""> <p>Medication 3</p> <p>{med3_therapy}</p> </td> <td style=""width: 12.9901%; height: 66.4px;"">{adj3_sd_m}</td> <td style=""width: 12.2685%; height: 66.4px;"">{adj3_sd_d}</td> <td style=""width: 12.2685%; height: 66.4px;"">{adj3_sd_y}</td> <td style=""width: 2.02069%; height: 66.4px;""> </td> <td style=""width: 2.02069%; height: 66.4px;""> </td> <td style=""width: 13.1345%; height: 66.4px;"">{adj3_ed_m}</td> <td style=""width: 12.5571%; height: 66.4px;"">{adj3_ed_d}</td> <td style=""width: 12.2685%; height: 66.4px;"">{adj3_ed_y}</td> </tr> <tr style=""height: 18.3333px;""> <td style=""width: 20.4955%; height: 66.4px;""> <p>Medication 4</p> <p>{med4_therapy}</p> </td> <td style=""width: 12.9901%; height: 66.4px;"">{adj4_sd_m}</td> <td style=""width: 12.2685%; height: 66.4px;"">{adj4_sd_d}</td> <td style=""width: 12.2685%; height: 66.4px;"">{adj4_sd_y}</td> <td style=""width: 2.02069%; height: 66.4px;""> </td> <td style=""width: 2.02069%; height: 66.4px;""> </td> <td style=""width: 13.1345%; height: 66.4px;"">{adj4_ed_m}</td> <td style=""width: 12.5571%; height: 66.4px;"">{adj4_ed_d}</td> <td style=""width: 12.2685%; height: 66.4px;"">{adj4_ed_y}</td> </tr> <tr style=""height: 18.3333px;""> <td style=""width: 20.4955%; height: 66.4px;""> <p>Medication 5</p> <p>{med5_therapy}</p> </td> <td style=""width: 12.9901%; height: 66.4px;"">{adj5_sd_m}</td> <td style=""width: 12.2685%; height: 66.4px;"">{adj5_sd_d}</td> <td style=""width: 12.2685%; height: 66.4px;"">{adj5_sd_y}</td> <td style=""width: 2.02069%; height: 66.4px;""> </td> <td style=""width: 2.02069%; height: 66.4px;""> </td> <td style=""width: 13.1345%; height: 66.4px;"">{adj5_ed_m}</td> <td style=""width: 12.5571%; height: 66.4px;"">{adj5_ed_d}</td> <td style=""width: 12.2685%; height: 66.4px;"">{adj5_ed_y}</td> </tr> <tr style=""height: 18.3333px;""> <td style=""width: 20.4955%; height: 66.4px;""> <p>Medication 6</p> <p>{med6_therapy}</p> </td> <td style=""width: 12.9901%; height: 66.4px;"">{adj6_sd_m}</td> <td style=""width: 12.2685%; height: 66.4px;"">{adj6_sd_d}</td> <td style=""width: 12.2685%; height: 66.4px;"">{adj6_sd_y}</td> <td style=""width: 2.02069%; height: 66.4px;""> </td> <td style=""width: 2.02069%; height: 66.4px;""> </td> <td style=""width: 13.1345%; height: 66.4px;"">{adj6_ed_m}</td> <td style=""width: 12.5571%; height: 66.4px;"">{adj6_ed_d}</td> <td style=""width: 12.2685%; height: 66.4px;"">{adj6_ed_y}</td> </tr> </tbody> </table> <p><em><span style=""font-weight: normal;"">*One line per medication<br /></span></em></p> <p><em><span style=""font-weight: normal;"">Medication 1-4 fields have to be completed using one of the RxNorm-coded drugs autopopulating after typing in the first few letters. If no code matches the actual drug name please use the Medication 5-6 fields that allow for free-text entry. If a regimen contains >4 entries please try to use an RxNorm-coded drug in Medication 5 and/or 6 as well, if possible, using any of the other 4 fields to identify and copy/paste that code.</span></em></p> <p> </p></div>",,,,,,,[systemic_yn]=1,,,,,,
adj_no_cycles,treatment_details,,text,Number of Cycles (Adjuvant),,,integer,,,,[systemic_yn]=1,,,,,,
adj_dose_mod_adjust,treatment_details,,notes,Dose Modifications or Adjustments (Adjuvant),,,,,,,[systemic_yn]=1,,,,,,
med1_therapy,treatment_details,,text,Adjuvant Medication 1,BIOPORTAL:RXNORM,,,,,,,,,,,,
adj1_sd_d,treatment_details,,dropdown,Adjuvant Medication 1 Start Date (Day),"XX, Unknown | 01, 01 | 02, 02 | 03, 03 | 04, 04 | 05, 05 | 06, 06 | 07, 07 | 08, 08 | 09, 09 | 10, 10 | 11, 11 | 12, 12 | 13, 13 | 14, 14 | 15, 15 | 16, 16 | 17, 17 | 18, 18 | 19, 19 | 20, 20 | 21, 21 | 22, 22 | 23, 23 | 24, 24 | 25, 25 | 26, 26 | 27, 27 | 28, 28 | 29, 29 | 30, 30 | 31, 31",,,,,,,,,,,,
adj1_sd_m,treatment_details,,dropdown,Adjuvant Medication 1 Start Date (Month),"XX, Unknown | 01, 01 | 02, 02 | 03, 03 | 04, 04 | 05, 05 | 06, 06 | 07, 07 | 08, 08 | 09, 09 | 10, 10 | 11, 11 | 12, 12",,,,,,,,,,,,
adj1_sd_y,treatment_details,,dropdown,Adjuvant Medication 1 Start Date (Year),"XXXX, Unknown | 2026, 2026 | 2025, 2025 | 2024, 2024 | 2023, 2023 | 2022, 2022 | 2021, 2021 | 2020, 2020 | 2019, 2019 | 2018, 2018 | 2017, 2017 | 2016, 2016 | 2015, 2015 | 2014, 2014 | 2013, 2013 | 2012, 2012 | 2011, 2011 | 2010, 2010 | 2009, 2009 | 2008, 2008 | 2007, 2007 | 2006, 2006 | 2005, 2005 | 2004, 2004 | 2003, 2003 | 2002, 2002 | 2001, 2001 | 2000, 2000 | 1999, 1999 | 1998, 1998 | 1997, 1997 | 1996, 1996 | 1995, 1995 | 1994, 1994 | 1993, 1993 | 1992, 1992 | 1991, 1991 | 1990, 1990",,,,,,,,,,,,
adj1_ed_d,treatment_details,,dropdown,Adjuvant Medication 1 End Date (Day),"XX, Unknown | 01, 01 | 02, 02 | 03, 03 | 04, 04 | 05, 05 | 06, 06 | 07, 07 | 08, 08 | 09, 09 | 10, 10 | 11, 11 | 12, 12 | 13, 13 | 14, 14 | 15, 15 | 16, 16 | 17, 17 | 18, 18 | 19, 19 | 20, 20 | 21, 21 | 22, 22 | 23, 23 | 24, 24 | 25, 25 | 26, 26 | 27, 27 | 28, 28 | 29, 29 | 30, 30 | 31, 31",,,,,,,,,,,,
adj1_ed_m,treatment_details,,dropdown,Adjuvant Medication 1 End Date (Month),"XX, Unknown | 01, 01 | 02, 02 | 03, 03 | 04, 04 | 05, 05 | 06, 06 | 07, 07 | 08, 08 | 09, 09 | 10, 10 | 11, 11 | 12, 12",,,,,,,,,,,,
adj1_ed_y,treatment_details,,dropdown,Adjuvant Medication 1 End Date (Year),"XXXX, Unknown | 2026, 2026 | 2025, 2025 | 2024, 2024 | 2023, 2023 | 2022, 2022 | 2021, 2021 | 2020, 2020 | 2019, 2019 | 2018, 2018 | 2017, 2017 | 2016, 2016 | 2015, 2015 | 2014, 2014 | 2013, 2013 | 2012, 2012 | 2011, 2011 | 2010, 2010 | 2009, 2009 | 2008, 2008 | 2007, 2007 | 2006, 2006 | 2005, 2005 | 2004, 2004 | 2003, 2003 | 2002, 2002 | 2001, 2001 | 2000, 2000 | 1999, 1999 | 1998, 1998 | 1997, 1997 | 1996, 1996 | 1995, 1995 | 1994, 1994 | 1993, 1993 | 1992, 1992 | 1991, 1991 | 1990, 1990",,,,,,,,,,,,
med2_therapy,treatment_details,,text,Adjuvant Medication 2,BIOPORTAL:RXNORM,,,,,,,,,,,,
adj2_sd_d,treatment_details,,dropdown,Adjuvant Medication 2 Start Date (Day),"XX, Unknown | 01, 01 | 02, 02 | 03, 03 | 04, 04 | 05, 05 | 06, 06 | 07, 07 | 08, 08 | 09, 09 | 10, 10 | 11, 11 | 12, 12 | 13, 13 | 14, 14 | 15, 15 | 16, 16 | 17, 17 | 18, 18 | 19, 19 | 20, 20 | 21, 21 | 22, 22 | 23, 23 | 24, 24 | 25, 25 | 26, 26 | 27, 27 | 28, 28 | 29, 29 | 30, 30 | 31, 31",,,,,,,,,,,,
adj2_sd_m,treatment_details,,dropdown,Adjuvant Medication 2 Start Date (Month),"XX, Unknown | 01, 01 | 02, 02 | 03, 03 | 04, 04 | 05, 05 | 06, 06 | 07, 07 | 08, 08 | 09, 09 | 10, 10 | 11, 11 | 12, 12",,,,,,,,,,,,
adj2_ed_d,treatment_details,,dropdown,Adjuvant Medication 2 End Date (Day),"XX, Unknown | 01, 01 | 02, 02 | 03, 03 | 04, 04 | 05, 05 | 06, 06 | 07, 07 | 08, 08 | 09, 09 | 10, 10 | 11, 11 | 12, 12 | 13, 13 | 14, 14 | 15, 15 | 16, 16 | 17, 17 | 18, 18 | 19, 19 | 20, 20 | 21, 21 | 22, 22 | 23, 23 | 24, 24 | 25, 25 | 26, 26 | 27, 27 | 28, 28 | 29, 29 | 30, 30 | 31, 31",,,,,,,,,,,,
adj2_ed_m,treatment_details,,dropdown,Adjuvant Medication 2 End Date (Month),"XX, Unknown | 01, 01 | 02, 02 | 03, 03 | 04, 04 | 05, 05 | 06, 06 | 07, 07 | 08, 08 | 09, 09 | 10, 10 | 11, 11 | 12, 12",,,,,,,,,,,,
adj2_sd_y,treatment_details,,dropdown,Adjuvant Medication 2 Start Date (Year),"XXXX, Unknown | 2026, 2026 | 2025, 2025 | 2024, 2024 | 2023, 2023 | 2022, 2022 | 2021, 2021 | 2020, 2020 | 2019, 2019 | 2018, 2018 | 2017, 2017 | 2016, 2016 | 2015, 2015 | 2014, 2014 | 2013, 2013 | 2012, 2012 | 2011, 2011 | 2010, 2010 | 2009, 2009 | 2008, 2008 | 2007, 2007 | 2006, 2006 | 2005, 2005 | 2004, 2004 | 2003, 2003 | 2002, 2002 | 2001, 2001 | 2000, 2000 | 1999, 1999 | 1998, 1998 | 1997, 1997 | 1996, 1996 | 1995, 1995 | 1994, 1994 | 1993, 1993 | 1992, 1992 | 1991, 1991 | 1990, 1990",,,,,,,,,,,,
adj2_ed_y,treatment_details,,dropdown,Adjuvant Medication 2 End Date (Year),"XXXX, Unknown | 2026, 2026 | 2025, 2025 | 2024, 2024 | 2023, 2023 | 2022, 2022 | 2021, 2021 | 2020, 2020 | 2019, 2019 | 2018, 2018 | 2017, 2017 | 2016, 2016 | 2015, 2015 | 2014, 2014 | 2013, 2013 | 2012, 2012 | 2011, 2011 | 2010, 2010 | 2009, 2009 | 2008, 2008 | 2007, 2007 | 2006, 2006 | 2005, 2005 | 2004, 2004 | 2003, 2003 | 2002, 2002 | 2001, 2001 | 2000, 2000 | 1999, 1999 | 1998, 1998 | 1997, 1997 | 1996, 1996 | 1995, 1995 | 1994, 1994 | 1993, 1993 | 1992, 1992 | 1991, 1991 | 1990, 1990",,,,,,,,,,,,
med3_therapy,treatment_details,,text,Adjuvant Medication 3,BIOPORTAL:RXNORM,,,,,,,,,,,,
adj3_sd_d,treatment_details,,dropdown,Adjuvant Medication 3 Start Date (Day),"XX, Unknown | 01, 01 | 02, 02 | 03, 03 | 04, 04 | 05, 05 | 06, 06 | 07, 07 | 08, 08 | 09, 09 | 10, 10 | 11, 11 | 12, 12 | 13, 13 | 14, 14 | 15, 15 | 16, 16 | 17, 17 | 18, 18 | 19, 19 | 20, 20 | 21, 21 | 22, 22 | 23, 23 | 24, 24 | 25, 25 | 26, 26 | 27, 27 | 28, 28 | 29, 29 | 30, 30 | 31, 31",,,,,,,,,,,,
adj3_sd_m,treatment_details,,dropdown,Adjuvant Medication 3 Start Date (Month),"XX, Unknown | 01, 01 | 02, 02 | 03, 03 | 04, 04 | 05, 05 | 06, 06 | 07, 07 | 08, 08 | 09, 09 | 10, 10 | 11, 11 | 12, 12",,,,,,,,,,,,
adj3_sd_y,treatment_details,,dropdown,Adjuvant Medication 3 Start Date (Year),"XXXX, Unknown | 2026, 2026 | 2025, 2025 | 2024, 2024 | 2023, 2023 | 2022, 2022 | 2021, 2021 | 2020, 2020 | 2019, 2019 | 2018, 2018 | 2017, 2017 | 2016, 2016 | 2015, 2015 | 2014, 2014 | 2013, 2013 | 2012, 2012 | 2011, 2011 | 2010, 2010 | 2009, 2009 | 2008, 2008 | 2007, 2007 | 2006, 2006 | 2005, 2005 | 2004, 2004 | 2003, 2003 | 2002, 2002 | 2001, 2001 | 2000, 2000 | 1999, 1999 | 1998, 1998 | 1997, 1997 | 1996, 1996 | 1995, 1995 | 1994, 1994 | 1993, 1993 | 1992, 1992 | 1991, 1991 | 1990, 1990",,,,,,,,,,,,
adj3_ed_d,treatment_details,,dropdown,Adjuvant Medication 3 End Date (Day),"XX, Unknown | 01, 01 | 02, 02 | 03, 03 | 04, 04 | 05, 05 | 06, 06 | 07, 07 | 08, 08 | 09, 09 | 10, 10 | 11, 11 | 12, 12 | 13, 13 | 14, 14 | 15, 15 | 16, 16 | 17, 17 | 18, 18 | 19, 19 | 20, 20 | 21, 21 | 22, 22 | 23, 23 | 24, 24 | 25, 25 | 26, 26 | 27, 27 | 28, 28 | 29, 29 | 30, 30 | 31, 31",,,,,,,,,,,,
adj3_ed_m,treatment_details,,dropdown,Adjuvant Medication 3 End Date (Month),"XX, Unknown | 01, 01 | 02, 02 | 03, 03 | 04, 04 | 05, 05 | 06, 06 | 07, 07 | 08, 08 | 09, 09 | 10, 10 | 11, 11 | 12, 12",,,,,,,,,,,,
adj3_ed_y,treatment_details,,dropdown,Adjuvant Medication 3 End Date (Year),"XXXX, Unknown | 2026, 2026 | 2025, 2025 | 2024, 2024 | 2023, 2023 | 2022, 2022 | 2021, 2021 | 2020, 2020 | 2019, 2019 | 2018, 2018 | 2017, 2017 | 2016, 2016 | 2015, 2015 | 2014, 2014 | 2013, 2013 | 2012, 2012 | 2011, 2011 | 2010, 2010 | 2009, 2009 | 2008, 2008 | 2007, 2007 | 2006, 2006 | 2005, 2005 | 2004, 2004 | 2003, 2003 | 2002, 2002 | 2001, 2001 | 2000, 2000 | 1999, 1999 | 1998, 1998 | 1997, 1997 | 1996, 1996 | 1995, 1995 | 1994, 1994 | 1993, 1993 | 1992, 1992 | 1991, 1991 | 1990, 1990",,,,,,,,,,,,
med4_therapy,treatment_details,,text,Adjuvant Medication 4,BIOPORTAL:RXNORM,,,,,,,,,,,,
adj4_sd_d,treatment_details,,dropdown,Adjuvant Medication 4 Start Date (Day),"XX, Unknown | 01, 01 | 02, 02 | 03, 03 | 04, 04 | 05, 05 | 06, 06 | 07, 07 | 08, 08 | 09, 09 | 10, 10 | 11, 11 | 12, 12 | 13, 13 | 14, 14 | 15, 15 | 16, 16 | 17, 17 | 18, 18 | 19, 19 | 20, 20 | 21, 21 | 22, 22 | 23, 23 | 24, 24 | 25, 25 | 26, 26 | 27, 27 | 28, 28 | 29, 29 | 30, 30 | 31, 31",,,,,,,,,,,,
adj4_sd_m,treatment_details,,dropdown,Adjuvant Medication 4 Start Date (Month),"XX, Unknown | 01, 01 | 02, 02 | 03, 03 | 04, 04 | 05, 05 | 06, 06 | 07, 07 | 08, 08 | 09, 09 | 10, 10 | 11, 11 | 12, 12",,,,,,,,,,,,
adj4_sd_y,treatment_details,,dropdown,Adjuvant Medication 4 Start Date (Year),"XXXX, Unknown | 2026, 2026 | 2025, 2025 | 2024, 2024 | 2023, 2023 | 2022, 2022 | 2021, 2021 | 2020, 2020 | 2019, 2019 | 2018, 2018 | 2017, 2017 | 2016, 2016 | 2015, 2015 | 2014, 2014 | 2013, 2013 | 2012, 2012 | 2011, 2011 | 2010, 2010 | 2009, 2009 | 2008, 2008 | 2007, 2007 | 2006, 2006 | 2005, 2005 | 2004, 2004 | 2003, 2003 | 2002, 2002 | 2001, 2001 | 2000, 2000 | 1999, 1999 | 1998, 1998 | 1997, 1997 | 1996, 1996 | 1995, 1995 | 1994, 1994 | 1993, 1993 | 1992, 1992 | 1991, 1991 | 1990, 1990",,,,,,,,,,,,
adj4_ed_d,treatment_details,,dropdown,Adjuvant Medication 4 End Date (Day),"XX, Unknown | 01, 01 | 02, 02 | 03, 03 | 04, 04 | 05, 05 | 06, 06 | 07, 07 | 08, 08 | 09, 09 | 10, 10 | 11, 11 | 12, 12 | 13, 13 | 14, 14 | 15, 15 | 16, 16 | 17, 17 | 18, 18 | 19, 19 | 20, 20 | 21, 21 | 22, 22 | 23, 23 | 24, 24 | 25, 25 | 26, 26 | 27, 27 | 28, 28 | 29, 29 | 30, 30 | 31, 31",,,,,,,,,,,,
adj4_ed_m,treatment_details,,dropdown,Adjuvant Medication 4 End Date (Month),"XX, Unknown | 01, 01 | 02, 02 | 03, 03 | 04, 04 | 05, 05 | 06, 06 | 07, 07 | 08, 08 | 09, 09 | 10, 10 | 11, 11 | 12, 12",,,,,,,,,,,,
adj4_ed_y,treatment_details,,dropdown,Adjuvant Medication 4 End Date (Year),"XXXX, Unknown | 2026, 2026 | 2025, 2025 | 2024, 2024 | 2023, 2023 | 2022, 2022 | 2021, 2021 | 2020, 2020 | 2019, 2019 | 2018, 2018 | 2017, 2017 | 2016, 2016 | 2015, 2015 | 2014, 2014 | 2013, 2013 | 2012, 2012 | 2011, 2011 | 2010, 2010 | 2009, 2009 | 2008, 2008 | 2007, 2007 | 2006, 2006 | 2005, 2005 | 2004, 2004 | 2003, 2003 | 2002, 2002 | 2001, 2001 | 2000, 2000 | 1999, 1999 | 1998, 1998 | 1997, 1997 | 1996, 1996 | 1995, 1995 | 1994, 1994 | 1993, 1993 | 1992, 1992 | 1991, 1991 | 1990, 1990",,,,,,,,,,,,
med5_therapy,treatment_details,,text,Adjuvant Medication 5,,,,,,,,,,,,,
adj5_sd_d,treatment_details,,dropdown,Adjuvant Medication 5 Start Date (Day),"XX, Unknown | 01, 01 | 02, 02 | 03, 03 | 04, 04 | 05, 05 | 06, 06 | 07, 07 | 08, 08 | 09, 09 | 10, 10 | 11, 11 | 12, 12 | 13, 13 | 14, 14 | 15, 15 | 16, 16 | 17, 17 | 18, 18 | 19, 19 | 20, 20 | 21, 21 | 22, 22 | 23, 23 | 24, 24 | 25, 25 | 26, 26 | 27, 27 | 28, 28 | 29, 29 | 30, 30 | 31, 31",,,,,,,,,,,,
adj5_sd_m,treatment_details,,dropdown,Adjuvant Medication 5 Start Date (Month),"XX, Unknown | 01, 01 | 02, 02 | 03, 03 | 04, 04 | 05, 05 | 06, 06 | 07, 07 | 08, 08 | 09, 09 | 10, 10 | 11, 11 | 12, 12",,,,,,,,,,,,
adj5_sd_y,treatment_details,,dropdown,Adjuvant Medication 5 Start Date (Year),"XXXX, Unknown | 2026, 2026 | 2025, 2025 | 2024, 2024 | 2023, 2023 | 2022, 2022 | 2021, 2021 | 2020, 2020 | 2019, 2019 | 2018, 2018 | 2017, 2017 | 2016, 2016 | 2015, 2015 | 2014, 2014 | 2013, 2013 | 2012, 2012 | 2011, 2011 | 2010, 2010 | 2009, 2009 | 2008, 2008 | 2007, 2007 | 2006, 2006 | 2005, 2005 | 2004, 2004 | 2003, 2003 | 2002, 2002 | 2001, 2001 | 2000, 2000 | 1999, 1999 | 1998, 1998 | 1997, 1997 | 1996, 1996 | 1995, 1995 | 1994, 1994 | 1993, 1993 | 1992, 1992 | 1991, 1991 | 1990, 1990",,,,,,,,,,,,
adj5_ed_d,treatment_details,,dropdown,Adjuvant Medication 5 End Date (Day),"XX, Unknown | 01, 01 | 02, 02 | 03, 03 | 04, 04 | 05, 05 | 06, 06 | 07, 07 | 08, 08 | 09, 09 | 10, 10 | 11, 11 | 12, 12 | 13, 13 | 14, 14 | 15, 15 | 16, 16 | 17, 17 | 18, 18 | 19, 19 | 20, 20 | 21, 21 | 22, 22 | 23, 23 | 24, 24 | 25, 25 | 26, 26 | 27, 27 | 28, 28 | 29, 29 | 30, 30 | 31, 31",,,,,,,,,,,,
adj5_ed_m,treatment_details,,dropdown,Adjuvant Medication 5 End Date (Month),"XX, Unknown | 01, 01 | 02, 02 | 03, 03 | 04, 04 | 05, 05 | 06, 06 | 07, 07 | 08, 08 | 09, 09 | 10, 10 | 11, 11 | 12, 12",,,,,,,,,,,,
adj5_ed_y,treatment_details,,dropdown,Adjuvant Medication 5 End Date (Year),"XXXX, Unknown | 2026, 2026 | 2025, 2025 | 2024, 2024 | 2023, 2023 | 2022, 2022 | 2021, 2021 | 2020, 2020 | 2019, 2019 | 2018, 2018 | 2017, 2017 | 2016, 2016 | 2015, 2015 | 2014, 2014 | 2013, 2013 | 2012, 2012 | 2011, 2011 | 2010, 2010 | 2009, 2009 | 2008, 2008 | 2007, 2007 | 2006, 2006 | 2005, 2005 | 2004, 2004 | 2003, 2003 | 2002, 2002 | 2001, 2001 | 2000, 2000 | 1999, 1999 | 1998, 1998 | 1997, 1997 | 1996, 1996 | 1995, 1995 | 1994, 1994 | 1993, 1993 | 1992, 1992 | 1991, 1991 | 1990, 1990",,,,,,,,,,,,
med6_therapy,treatment_details,,text,Adjuvant Medication 6,,,,,,,,,,,,,
adj6_sd_d,treatment_details,,dropdown,Adjuvant Medication 6 Start Date (Day),"XX, Unknown | 01, 01 | 02, 02 | 03, 03 | 04, 04 | 05, 05 | 06, 06 | 07, 07 | 08, 08 | 09, 09 | 10, 10 | 11, 11 | 12, 12 | 13, 13 | 14, 14 | 15, 15 | 16, 16 | 17, 17 | 18, 18 | 19, 19 | 20, 20 | 21, 21 | 22, 22 | 23, 23 | 24, 24 | 25, 25 | 26, 26 | 27, 27 | 28, 28 | 29, 29 | 30, 30 | 31, 31",,,,,,,,,,,,
adj6_sd_m,treatment_details,,dropdown,Adjuvant Medication 6 Start Date (Month),"XX, Unknown | 01, 01 | 02, 02 | 03, 03 | 04, 04 | 05, 05 | 06, 06 | 07, 07 | 08, 08 | 09, 09 | 10, 10 | 11, 11 | 12, 12",,,,,,,,,,,,
adj6_sd_y,treatment_details,,dropdown,Adjuvant Medication 6 Start Date (Year),"XXXX, Unknown | 2026, 2026 | 2025, 2025 | 2024, 2024 | 2023, 2023 | 2022, 2022 | 2021, 2021 | 2020, 2020 | 2019, 2019 | 2018, 2018 | 2017, 2017 | 2016, 2016 | 2015, 2015 | 2014, 2014 | 2013, 2013 | 2012, 2012 | 2011, 2011 | 2010, 2010 | 2009, 2009 | 2008, 2008 | 2007, 2007 | 2006, 2006 | 2005, 2005 | 2004, 2004 | 2003, 2003 | 2002, 2002 | 2001, 2001 | 2000, 2000 | 1999, 1999 | 1998, 1998 | 1997, 1997 | 1996, 1996 | 1995, 1995 | 1994, 1994 | 1993, 1993 | 1992, 1992 | 1991, 1991 | 1990, 1990",,,,,,,,,,,,
adj6_ed_d,treatment_details,,dropdown,Adjuvant Medication 6 End Date (Day),"XX, Unknown | 01, 01 | 02, 02 | 03, 03 | 04, 04 | 05, 05 | 06, 06 | 07, 07 | 08, 08 | 09, 09 | 10, 10 | 11, 11 | 12, 12 | 13, 13 | 14, 14 | 15, 15 | 16, 16 | 17, 17 | 18, 18 | 19, 19 | 20, 20 | 21, 21 | 22, 22 | 23, 23 | 24, 24 | 25, 25 | 26, 26 | 27, 27 | 28, 28 | 29, 29 | 30, 30 | 31, 31",,,,,,,,,,,,
adj6_ed_m,treatment_details,,dropdown,Adjuvant Medication 6 End Date (Month),"XX, Unknown | 01, 01 | 02, 02 | 03, 03 | 04, 04 | 05, 05 | 06, 06 | 07, 07 | 08, 08 | 09, 09 | 10, 10 | 11, 11 | 12, 12",,,,,,,,,,,,
adj6_ed_y,treatment_details,,dropdown,Adjuvant Medication 6 End Date (Year),"XXXX, Unknown | 2026, 2026 | 2025, 2025 | 2024, 2024 | 2023, 2023 | 2022, 2022 | 2021, 2021 | 2020, 2020 | 2019, 2019 | 2018, 2018 | 2017, 2017 | 2016, 2016 | 2015, 2015 | 2014, 2014 | 2013, 2013 | 2012, 2012 | 2011, 2011 | 2010, 2010 | 2009, 2009 | 2008, 2008 | 2007, 2007 | 2006, 2006 | 2005, 2005 | 2004, 2004 | 2003, 2003 | 2002, 2002 | 2001, 2001 | 2000, 2000 | 1999, 1999 | 1998, 1998 | 1997, 1997 | 1996, 1996 | 1995, 1995 | 1994, 1994 | 1993, 1993 | 1992, 1992 | 1991, 1991 | 1990, 1990",,,,,,,,,,,,
adj1_sd,treatment_details,,text,Adjuvant Medication 1 Start Date,,,,,,,,,,,,," @CALCTEXT(concat(if(isblankormissingcode([adj1_sd_m]),'00',[adj1_sd_m]), ""/"", if(isblankormissingcode([adj1_sd_d]),'00',[adj1_sd_d]), ""/"", if(isblankormissingcode([adj1_sd_y]),'0000',[adj1_sd_y]))) AND @HIDDEN"
adj1_ed,treatment_details,,text,Adjuvant Medication 1 End Date,,,,,,,,,,,,," @CALCTEXT(concat(if(isblankormissingcode([adj1_ed_m]),'00',[adj1_ed_m]), ""/"", if(isblankormissingcode([adj1_ed_d]),'00',[adj1_ed_d]), ""/"", if(isblankormissingcode([adj1_ed_y]),'0000',[adj1_ed_y]))) AND @HIDDEN"
adj2_ed,treatment_details,,text,Adjuvant Medication 2 End Date,,,,,,,,,,,,," @CALCTEXT(concat(if(isblankormissingcode([adj2_ed_m]),'00',[adj2_ed_m]), ""/"", if(isblankormissingcode([adj2_ed_d]),'00',[adj2_ed_d]), ""/"", if(isblankormissingcode([adj2_ed_y]),'0000',[adj2_ed_y]))) AND @HIDDEN"
adj2_sd,treatment_details,,text,Adjuvant Medication 2 Start Date,,,,,,,,,,,,," @CALCTEXT(concat(if(isblankormissingcode([adj2_sd_m]),'00',[adj2_sd_m]), ""/"", if(isblankormissingcode([adj2_sd_d]),'00',[adj2_sd_d]), ""/"", if(isblankormissingcode([adj2_sd_y]),'0000',[adj2_sd_y]))) AND @HIDDEN"
adj3_sd,treatment_details,,text,Adjuvant Medication 3 Start Date,,,,,,,,,,,,," @CALCTEXT(concat(if(isblankormissingcode([adj3_sd_m]),'00',[adj3_sd_m]), ""/"", if(isblankormissingcode([adj3_sd_d]),'00',[adj3_sd_d]), ""/"", if(isblankormissingcode([adj3_sd_y]),'0000',[adj3_sd_y]))) AND @HIDDEN"
adj3_ed,treatment_details,,text,Adjuvant Medication 3 End Date,,,,,,,,,,,,," @CALCTEXT(concat(if(isblankormissingcode([adj3_ed_m]),'00',[adj3_ed_m]), ""/"", if(isblankormissingcode([adj3_ed_d]),'00',[adj3_ed_d]), ""/"", if(isblankormissingcode([adj3_ed_y]),'0000',[adj3_ed_y]))) AND @HIDDEN"
adj4_sd,treatment_details,,text,Adjuvant Medication 4 Start Date,,,,,,,,,,,,," @CALCTEXT(concat(if(isblankormissingcode([adj4_sd_m]),'00',[adj4_sd_m]), ""/"", if(isblankormissingcode([adj4_sd_d]),'00',[adj4_sd_d]), ""/"", if(isblankormissingcode([adj4_sd_y]),'0000',[adj4_sd_y]))) AND @HIDDEN"
adj4_ed,treatment_details,,text,Adjuvant Medication 4 End Date,,,,,,,,,,,,," @CALCTEXT(concat(if(isblankormissingcode([adj4_ed_m]),'00',[adj4_ed_m]), ""/"", if(isblankormissingcode([adj4_ed_d]),'00',[adj4_ed_d]), ""/"", if(isblankormissingcode([adj4_ed_y]),'0000',[adj4_ed_y]))) AND @HIDDEN"
adj5_sd,treatment_details,,text,Adjuvant Medication 5 Start Date,,,,,,,,,,,,," @CALCTEXT(concat(if(isblankormissingcode([adj5_sd_m]),'00',[adj5_sd_m]), ""/"", if(isblankormissingcode([adj5_sd_d]),'00',[adj5_sd_d]), ""/"", if(isblankormissingcode([adj5_sd_y]),'0000',[adj5_sd_y]))) AND @HIDDEN"
adj5_ed,treatment_details,,text,Adjuvant Medication 5 End Date,,,,,,,,,,,,," @CALCTEXT(concat(if(isblankormissingcode([adj5_ed_m]),'00',[adj5_ed_m]), ""/"", if(isblankormissingcode([adj5_ed_d]),'00',[adj5_ed_d]), ""/"", if(isblankormissingcode([adj5_ed_y]),'0000',[adj5_ed_y]))) AND @HIDDEN"
adj6_sd,treatment_details,,text,Adjuvant Medication 6 Start Date,,,,,,,,,,,,," @CALCTEXT(concat(if(isblankormissingcode([adj6_sd_m]),'00',[adj6_sd_m]), ""/"", if(isblankormissingcode([adj6_sd_d]),'00',[adj6_sd_d]), ""/"", if(isblankormissingcode([adj6_sd_y]),'0000',[adj6_sd_y]))) AND @HIDDEN"
adj6_ed,treatment_details,,text,Adjuvant Medication 6 End Date,,,,,,,,,,,,," @CALCTEXT(concat(if(isblankormissingcode([adj6_ed_m]),'00',[adj6_ed_m]), ""/"", if(isblankormissingcode([adj6_ed_d]),'00',[adj6_ed_d]), ""/"", if(isblankormissingcode([adj6_ed_y]),'0000',[adj6_ed_y]))) AND @HIDDEN"
med_discontinue,treatment_details,,radio,Was the adjuvant medication/regimen discontinued? ,"1, Yes | 0, No | 99, Unknown",,,,,,[systemic_yn]=1,,,,,,
med_discontinue_reason,treatment_details,,checkbox,Adjuvant Medication/Regimen Discontinuation Reason,"0, Completion of Planned Therapy/Maximal Response | 1, Toxicity | 2, Patient Preference | 3, Not Effective/Progression of Disease | 4, Transitioned to Supportive Care/ Patient Expired | 5, Lost to Follow-Up | 98, Other | 99, Unknown",A code explaining unplanned or premature termination of the adjuvant medication or regimen,,,,,[systemic_yn]=1 AND [med_discontinue]=1,,,,,,
med_toxicity,treatment_details,,text,"If the adjuvant medication/regimen was discontinued due to toxicity, please explain why (list side effect, condition, symptom, etc.)?",,Expain the type of toxicity that led to medication discontinuation,,,,,[systemic_yn]=1 AND [med_discontinue]=1 AND [med_discontinue_reason(1)]=1,,,,,,
med_met_ther_trial_yn,treatment_details,Treatment Metastatic,yesno,Was the metastatic medication/regimen given in a clinical trial?,,,,,,,[met_yn]=1,,,,,,
regimen_metastatic,treatment_details,,descriptive,"<div class=""rich-text-field-label""><h3>Metastatic Regimen</h3> <p> </p> <table style=""border-collapse: collapse; width: 100.073%; border-style: none; height: 198.667px;"" border=""0""> <tbody> <tr style=""height: 18.3333px;""> <td style=""width: 20.4955%; height: 18.3333px;""> </td> <td style=""width: 37.5271%; text-align: center; height: 18.3333px;"" colspan=""3"">START DATE</td> <td style=""text-align: center; width: 2.02069%; height: 18.3333px;""> </td> <td style=""text-align: center; width: 2.02069%; height: 18.3333px;""> </td> <td style=""width: 37.9601%; text-align: center; height: 18.3333px;"" colspan=""3"">END DATE</td> </tr> <tr style=""height: 20.6px;""> <td style=""width: 20.4955%; height: 40.6px;""> <p> </p> <p>Medication 1</p> <p>{met1_therapy}</p> </td> <td style=""width: 12.9901%; height: 40.6px;""> <p style=""text-align: center;"">Month</p> <p>{met1_sd_m}</p> </td> <td style=""width: 12.2685%; height: 40.6px;""> <p style=""text-align: center;"">Day</p> <p>{met1_sd_d}</p> </td> <td style=""width: 12.2685%; height: 40.6px;""> <p style=""text-align: center;"">Year</p> <p>{met1_sd_y}</p> </td> <td style=""width: 2.02069%; height: 40.6px;""> <p style=""text-align: center;""> </p> </td> <td style=""width: 2.02069%; height: 40.6px;""> <p style=""text-align: center;""> </p> </td> <td style=""width: 13.1345%; height: 40.6px;""> <p style=""text-align: center;"">Month</p> <p>{met1_ed_m}</p> </td> <td style=""width: 12.5571%; height: 40.6px;""> <p style=""text-align: center;"">Day</p> <p>{met1_ed_d}</p> </td> <td style=""width: 12.2685%; height: 40.6px;""> <p style=""text-align: center;"">Year</p> <p>{met1_ed_y}</p> </td> </tr> <tr style=""height: 66.4px;""> <td style=""width: 20.4955%; height: 66.4px;""> <p>Medication 2</p> <p>{met2_therapy}</p> </td> <td style=""width: 12.9901%; height: 66.4px;"">{met2_sd_m}</td> <td style=""width: 12.2685%; height: 66.4px;"">{met2_sd_d}</td> <td style=""width: 12.2685%; height: 66.4px;"">{met2_sd_y}</td> <td style=""width: 2.02069%; height: 66.4px;""> </td> <td style=""width: 2.02069%; height: 66.4px;""> </td> <td style=""width: 13.1345%; height: 66.4px;"">{met2_ed_m}</td> <td style=""width: 12.5571%; height: 66.4px;"">{met2_ed_d}</td> <td style=""width: 12.2685%; height: 66.4px;"">{met2_ed_y}</td> </tr> <tr style=""height: 18.3333px;""> <td style=""width: 20.4955%; height: 66.4px;""> <p>Medication 3</p> <p>{met3_therapy}</p> </td> <td style=""width: 12.9901%; height: 66.4px;"">{met3_sd_m}</td> <td style=""width: 12.2685%; height: 66.4px;"">{met3_sd_d}</td> <td style=""width: 12.2685%; height: 66.4px;"">{met3_sd_y}</td> <td style=""width: 2.02069%; height: 66.4px;""> </td> <td style=""width: 2.02069%; height: 66.4px;""> </td> <td style=""width: 13.1345%; height: 66.4px;"">{met3_ed_m}</td> <td style=""width: 12.5571%; height: 66.4px;"">{met3_ed_d}</td> <td style=""width: 12.2685%; height: 66.4px;"">{met3_ed_y}</td> </tr> <tr style=""height: 18.3333px;""> <td style=""width: 20.4955%; height: 66.4px;""> <p>Medication 4</p> <p>{met4_therapy}</p> </td> <td style=""width: 12.9901%; height: 66.4px;"">{met4_sd_m}</td> <td style=""width: 12.2685%; height: 66.4px;"">{met4_sd_d}</td> <td style=""width: 12.2685%; height: 66.4px;"">{met4_sd_y}</td> <td style=""width: 2.02069%; height: 66.4px;""> </td> <td style=""width: 2.02069%; height: 66.4px;""> </td> <td style=""width: 13.1345%; height: 66.4px;"">{met4_ed_m}</td> <td style=""width: 12.5571%; height: 66.4px;"">{met4_ed_d}</td> <td style=""width: 12.2685%; height: 66.4px;"">{met4_ed_y}</td> </tr> <tr style=""height: 18.3333px;""> <td style=""width: 20.4955%; height: 66.4px;""> <p>Medication 5</p> <p>{met5_therapy}</p> </td> <td style=""width: 12.9901%; height: 66.4px;"">{met5_sd_m}</td> <td style=""width: 12.2685%; height: 66.4px;"">{met5_sd_d}</td> <td style=""width: 12.2685%; height: 66.4px;"">{met5_sd_y}</td> <td style=""width: 2.02069%; height: 66.4px;""> </td> <td style=""width: 2.02069%; height: 66.4px;""> </td> <td style=""width: 13.1345%; height: 66.4px;"">{met5_ed_m}</td> <td style=""width: 12.5571%; height: 66.4px;"">{met5_ed_d}</td> <td style=""width: 12.2685%; height: 66.4px;"">{met5_ed_y}</td> </tr> <tr style=""height: 18.3333px;""> <td style=""width: 20.4955%; height: 66.4px;""> <p>Medication 6</p> <p>{met6_therapy}</p> </td> <td style=""width: 12.9901%; height: 66.4px;"">{met6_sd_m}</td> <td style=""width: 12.2685%; height: 66.4px;"">{met6_sd_d}</td> <td style=""width: 12.2685%; height: 66.4px;"">{met6_sd_y}</td> <td style=""width: 2.02069%; height: 66.4px;""> </td> <td style=""width: 2.02069%; height: 66.4px;""> </td> <td style=""width: 13.1345%; height: 66.4px;"">{met6_ed_m}</td> <td style=""width: 12.5571%; height: 66.4px;"">{met6_ed_d}</td> <td style=""width: 12.2685%; height: 66.4px;"">{met6_ed_y}</td> </tr> </tbody> </table> <p><em><span style=""font-weight: normal;"">*One line per medication</span></em></p> <p><span style=""font-weight: normal;""><em>Medication 1-4 fields have to be completed using one of the RxNorm-coded drugs autopopulating after typing in the first few letters. If no code matches the actual drug name please use the Medication 5-6 fields that allow for free-text entry. If a regimen contains >4 entries please try to use an RxNorm-coded drug in Medication 5 and/or 6 as well, if possible, using any of the other 4 fields to identify and copy/paste that code.</em></span></p></div>",,,,,,,[met_yn]=1,,,,,,
met_no_cycles,treatment_details,,text,Number of Cycles (Metastatic),,,integer,,,,[met_yn]=1,,,,,,
met_dose_mod_adjust,treatment_details,,notes,Dose Modifications or Adjustments (Metastatic),,,,,,,[met_yn]=1,,,,,,
met1_therapy,treatment_details,,text,Metastatic Medication 1,BIOPORTAL:RXNORM,,,,,,,,,,,,
met1_sd_m,treatment_details,,dropdown,Metastatic Medication 1 Start Date (Month),"XX, Unknown | 01, 01 | 02, 02 | 03, 03 | 04, 04 | 05, 05 | 06, 06 | 07, 07 | 08, 08 | 09, 09 | 10, 10 | 11, 11 | 12, 12",,,,,,,,,,,,
met1_sd_d,treatment_details,,dropdown,Metastatic Medication 1 Start Date (Day),"XX, Unknown | 01, 01 | 02, 02 | 03, 03 | 04, 04 | 05, 05 | 06, 06 | 07, 07 | 08, 08 | 09, 09 | 10, 10 | 11, 11 | 12, 12 | 13, 13 | 14, 14 | 15, 15 | 16, 16 | 17, 17 | 18, 18 | 19, 19 | 20, 20 | 21, 21 | 22, 22 | 23, 23 | 24, 24 | 25, 25 | 26, 26 | 27, 27 | 28, 28 | 29, 29 | 30, 30 | 31, 31",,,,,,,,,,,,
met1_sd_y,treatment_details,,dropdown,Metastatic Medication 1 Start Date (Year),"XXXX, Unknown | 2026, 2026 | 2025, 2025 | 2024, 2024 | 2023, 2023 | 2022, 2022 | 2021, 2021 | 2020, 2020 | 2019, 2019 | 2018, 2018 | 2017, 2017 | 2016, 2016 | 2015, 2015 | 2014, 2014 | 2013, 2013 | 2012, 2012 | 2011, 2011 | 2010, 2010 | 2009, 2009 | 2008, 2008 | 2007, 2007 | 2006, 2006 | 2005, 2005 | 2004, 2004 | 2003, 2003 | 2002, 2002 | 2001, 2001 | 2000, 2000 | 1999, 1999 | 1998, 1998 | 1997, 1997 | 1996, 1996 | 1995, 1995 | 1994, 1994 | 1993, 1993 | 1992, 1992 | 1991, 1991 | 1990, 1990",,,,,,,,,,,,
met1_ed_d,treatment_details,,dropdown,Metastatic Medication 1 End Date (Day),"XX, Unknown | 01, 01 | 02, 02 | 03, 03 | 04, 04 | 05, 05 | 06, 06 | 07, 07 | 08, 08 | 09, 09 | 10, 10 | 11, 11 | 12, 12 | 13, 13 | 14, 14 | 15, 15 | 16, 16 | 17, 17 | 18, 18 | 19, 19 | 20, 20 | 21, 21 | 22, 22 | 23, 23 | 24, 24 | 25, 25 | 26, 26 | 27, 27 | 28, 28 | 29, 29 | 30, 30 | 31, 31",,,,,,,,,,,,
met1_ed_m,treatment_details,,dropdown,Metastatic Medication 1 End Date (Month),"XX, Unknown | 01, 01 | 02, 02 | 03, 03 | 04, 04 | 05, 05 | 06, 06 | 07, 07 | 08, 08 | 09, 09 | 10, 10 | 11, 11 | 12, 12",,,,,,,,,,,,
met1_ed_y,treatment_details,,dropdown,Metastatic Medication 1 End Date (Year),"XXXX, Unknown | 2026, 2026 | 2025, 2025 | 2024, 2024 | 2023, 2023 | 2022, 2022 | 2021, 2021 | 2020, 2020 | 2019, 2019 | 2018, 2018 | 2017, 2017 | 2016, 2016 | 2015, 2015 | 2014, 2014 | 2013, 2013 | 2012, 2012 | 2011, 2011 | 2010, 2010 | 2009, 2009 | 2008, 2008 | 2007, 2007 | 2006, 2006 | 2005, 2005 | 2004, 2004 | 2003, 2003 | 2002, 2002 | 2001, 2001 | 2000, 2000 | 1999, 1999 | 1998, 1998 | 1997, 1997 | 1996, 1996 | 1995, 1995 | 1994, 1994 | 1993, 1993 | 1992, 1992 | 1991, 1991 | 1990, 1990",,,,,,,,,,,,
met2_therapy,treatment_details,,text,Metastatic Medication 2,BIOPORTAL:RXNORM,,,,,,,,,,,,
met2_sd_d,treatment_details,,dropdown,Metastatic Medication 2 Start Date (Day),"XX, Unknown | 01, 01 | 02, 02 | 03, 03 | 04, 04 | 05, 05 | 06, 06 | 07, 07 | 08, 08 | 09, 09 | 10, 10 | 11, 11 | 12, 12 | 13, 13 | 14, 14 | 15, 15 | 16, 16 | 17, 17 | 18, 18 | 19, 19 | 20, 20 | 21, 21 | 22, 22 | 23, 23 | 24, 24 | 25, 25 | 26, 26 | 27, 27 | 28, 28 | 29, 29 | 30, 30 | 31, 31",,,,,,,,,,,,
met2_sd_m,treatment_details,,dropdown,Metastatic Medication 2 Start Date (Month),"XX, Unknown | 01, 01 | 02, 02 | 03, 03 | 04, 04 | 05, 05 | 06, 06 | 07, 07 | 08, 08 | 09, 09 | 10, 10 | 11, 11 | 12, 12",,,,,,,,,,,,
met2_sd_y,treatment_details,,dropdown,Metastatic Medication 2 Start Date (Year),"XXXX, Unknown | 2026, 2026 | 2025, 2025 | 2024, 2024 | 2023, 2023 | 2022, 2022 | 2021, 2021 | 2020, 2020 | 2019, 2019 | 2018, 2018 | 2017, 2017 | 2016, 2016 | 2015, 2015 | 2014, 2014 | 2013, 2013 | 2012, 2012 | 2011, 2011 | 2010, 2010 | 2009, 2009 | 2008, 2008 | 2007, 2007 | 2006, 2006 | 2005, 2005 | 2004, 2004 | 2003, 2003 | 2002, 2002 | 2001, 2001 | 2000, 2000 | 1999, 1999 | 1998, 1998 | 1997, 1997 | 1996, 1996 | 1995, 1995 | 1994, 1994 | 1993, 1993 | 1992, 1992 | 1991, 1991 | 1990, 1990",,,,,,,,,,,,
met2_ed_d,treatment_details,,dropdown,Metastatic Medication 2 End Date (Day),"XX, Unknown | 01, 01 | 02, 02 | 03, 03 | 04, 04 | 05, 05 | 06, 06 | 07, 07 | 08, 08 | 09, 09 | 10, 10 | 11, 11 | 12, 12 | 13, 13 | 14, 14 | 15, 15 | 16, 16 | 17, 17 | 18, 18 | 19, 19 | 20, 20 | 21, 21 | 22, 22 | 23, 23 | 24, 24 | 25, 25 | 26, 26 | 27, 27 | 28, 28 | 29, 29 | 30, 30 | 31, 31",,,,,,,,,,,,
met2_ed_m,treatment_details,,dropdown,Metastatic Medication 2 End Date (Month),"XX, Unknown | 01, 01 | 02, 02 | 03, 03 | 04, 04 | 05, 05 | 06, 06 | 07, 07 | 08, 08 | 09, 09 | 10, 10 | 11, 11 | 12, 12",,,,,,,,,,,,
met2_ed_y,treatment_details,,dropdown,Metastatic Medication 2 End Date (Year),"XXXX, Unknown | 2026, 2026 | 2025, 2025 | 2024, 2024 | 2023, 2023 | 2022, 2022 | 2021, 2021 | 2020, 2020 | 2019, 2019 | 2018, 2018 | 2017, 2017 | 2016, 2016 | 2015, 2015 | 2014, 2014 | 2013, 2013 | 2012, 2012 | 2011, 2011 | 2010, 2010 | 2009, 2009 | 2008, 2008 | 2007, 2007 | 2006, 2006 | 2005, 2005 | 2004, 2004 | 2003, 2003 | 2002, 2002 | 2001, 2001 | 2000, 2000 | 1999, 1999 | 1998, 1998 | 1997, 1997 | 1996, 1996 | 1995, 1995 | 1994, 1994 | 1993, 1993 | 1992, 1992 | 1991, 1991 | 1990, 1990",,,,,,,,,,,,
met3_therapy,treatment_details,,text,Metastatic Medication 3,BIOPORTAL:RXNORM,,,,,,,,,,,,
met3_sd_d,treatment_details,,dropdown,Metastatic Medication 3 Start Date (Day),"XX, Unknown | 01, 01 | 02, 02 | 03, 03 | 04, 04 | 05, 05 | 06, 06 | 07, 07 | 08, 08 | 09, 09 | 10, 10 | 11, 11 | 12, 12 | 13, 13 | 14, 14 | 15, 15 | 16, 16 | 17, 17 | 18, 18 | 19, 19 | 20, 20 | 21, 21 | 22, 22 | 23, 23 | 24, 24 | 25, 25 | 26, 26 | 27, 27 | 28, 28 | 29, 29 | 30, 30 | 31, 31",,,,,,,,,,,,
met3_sd_m,treatment_details,,dropdown,Metastatic Medication 3 Start Date (Month),"XX, Unknown | 01, 01 | 02, 02 | 03, 03 | 04, 04 | 05, 05 | 06, 06 | 07, 07 | 08, 08 | 09, 09 | 10, 10 | 11, 11 | 12, 12",,,,,,,,,,,,
met3_sd_y,treatment_details,,dropdown,Metastatic Medication 3 Start Date (Year),"XXXX, Unknown | 2026, 2026 | 2025, 2025 | 2024, 2024 | 2023, 2023 | 2022, 2022 | 2021, 2021 | 2020, 2020 | 2019, 2019 | 2018, 2018 | 2017, 2017 | 2016, 2016 | 2015, 2015 | 2014, 2014 | 2013, 2013 | 2012, 2012 | 2011, 2011 | 2010, 2010 | 2009, 2009 | 2008, 2008 | 2007, 2007 | 2006, 2006 | 2005, 2005 | 2004, 2004 | 2003, 2003 | 2002, 2002 | 2001, 2001 | 2000, 2000 | 1999, 1999 | 1998, 1998 | 1997, 1997 | 1996, 1996 | 1995, 1995 | 1994, 1994 | 1993, 1993 | 1992, 1992 | 1991, 1991 | 1990, 1990",,,,,,,,,,,,
met3_ed_d,treatment_details,,dropdown,Metastatic Medication 3 End Date (Day),"XX, Unknown | 01, 01 | 02, 02 | 03, 03 | 04, 04 | 05, 05 | 06, 06 | 07, 07 | 08, 08 | 09, 09 | 10, 10 | 11, 11 | 12, 12 | 13, 13 | 14, 14 | 15, 15 | 16, 16 | 17, 17 | 18, 18 | 19, 19 | 20, 20 | 21, 21 | 22, 22 | 23, 23 | 24, 24 | 25, 25 | 26, 26 | 27, 27 | 28, 28 | 29, 29 | 30, 30 | 31, 31",,,,,,,,,,,,
met3_ed_m,treatment_details,,dropdown,Metastatic Medication 3 End Date (Month),"XX, Unknown | 01, 01 | 02, 02 | 03, 03 | 04, 04 | 05, 05 | 06, 06 | 07, 07 | 08, 08 | 09, 09 | 10, 10 | 11, 11 | 12, 12",,,,,,,,,,,,
met3_ed_y,treatment_details,,dropdown,Metastatic Medication 3 End Date (Year),"XXXX, Unknown | 2026, 2026 | 2025, 2025 | 2024, 2024 | 2023, 2023 | 2022, 2022 | 2021, 2021 | 2020, 2020 | 2019, 2019 | 2018, 2018 | 2017, 2017 | 2016, 2016 | 2015, 2015 | 2014, 2014 | 2013, 2013 | 2012, 2012 | 2011, 2011 | 2010, 2010 | 2009, 2009 | 2008, 2008 | 2007, 2007 | 2006, 2006 | 2005, 2005 | 2004, 2004 | 2003, 2003 | 2002, 2002 | 2001, 2001 | 2000, 2000 | 1999, 1999 | 1998, 1998 | 1997, 1997 | 1996, 1996 | 1995, 1995 | 1994, 1994 | 1993, 1993 | 1992, 1992 | 1991, 1991 | 1990, 1990",,,,,,,,,,,,
met4_therapy,treatment_details,,text,Metastatic Medication 4,BIOPORTAL:RXNORM,,,,,,,,,,,,
met4_sd_d,treatment_details,,dropdown,Metastatic Medication 4 Start Date (Day),"XX, Unknown | 01, 01 | 02, 02 | 03, 03 | 04, 04 | 05, 05 | 06, 06 | 07, 07 | 08, 08 | 09, 09 | 10, 10 | 11, 11 | 12, 12 | 13, 13 | 14, 14 | 15, 15 | 16, 16 | 17, 17 | 18, 18 | 19, 19 | 20, 20 | 21, 21 | 22, 22 | 23, 23 | 24, 24 | 25, 25 | 26, 26 | 27, 27 | 28, 28 | 29, 29 | 30, 30 | 31, 31",,,,,,,,,,,,
met4_sd_m,treatment_details,,dropdown,Metastatic Medication 4 Start Date (Month),"XX, Unknown | 01, 01 | 02, 02 | 03, 03 | 04, 04 | 05, 05 | 06, 06 | 07, 07 | 08, 08 | 09, 09 | 10, 10 | 11, 11 | 12, 12",,,,,,,,,,,,
met4_sd_y,treatment_details,,dropdown,Metastatic Medication 4 Start Date (Year),"XXXX, Unknown | 2026, 2026 | 2025, 2025 | 2024, 2024 | 2023, 2023 | 2022, 2022 | 2021, 2021 | 2020, 2020 | 2019, 2019 | 2018, 2018 | 2017, 2017 | 2016, 2016 | 2015, 2015 | 2014, 2014 | 2013, 2013 | 2012, 2012 | 2011, 2011 | 2010, 2010 | 2009, 2009 | 2008, 2008 | 2007, 2007 | 2006, 2006 | 2005, 2005 | 2004, 2004 | 2003, 2003 | 2002, 2002 | 2001, 2001 | 2000, 2000 | 1999, 1999 | 1998, 1998 | 1997, 1997 | 1996, 1996 | 1995, 1995 | 1994, 1994 | 1993, 1993 | 1992, 1992 | 1991, 1991 | 1990, 1990",,,,,,,,,,,,
met4_ed_d,treatment_details,,dropdown,Metastatic Medication 4 End Date (Day),"XX, Unknown | 01, 01 | 02, 02 | 03, 03 | 04, 04 | 05, 05 | 06, 06 | 07, 07 | 08, 08 | 09, 09 | 10, 10 | 11, 11 | 12, 12 | 13, 13 | 14, 14 | 15, 15 | 16, 16 | 17, 17 | 18, 18 | 19, 19 | 20, 20 | 21, 21 | 22, 22 | 23, 23 | 24, 24 | 25, 25 | 26, 26 | 27, 27 | 28, 28 | 29, 29 | 30, 30 | 31, 31",,,,,,,,,,,,
met4_ed_m,treatment_details,,dropdown,Metastatic Medication 4 End Date (Month),"XX, Unknown | 01, 01 | 02, 02 | 03, 03 | 04, 04 | 05, 05 | 06, 06 | 07, 07 | 08, 08 | 09, 09 | 10, 10 | 11, 11 | 12, 12",,,,,,,,,,,,
met4_ed_y,treatment_details,,dropdown,Metastatic Medication 4 End Date (Year),"XXXX, Unknown | 2026, 2026 | 2025, 2025 | 2024, 2024 | 2023, 2023 | 2022, 2022 | 2021, 2021 | 2020, 2020 | 2019, 2019 | 2018, 2018 | 2017, 2017 | 2016, 2016 | 2015, 2015 | 2014, 2014 | 2013, 2013 | 2012, 2012 | 2011, 2011 | 2010, 2010 | 2009, 2009 | 2008, 2008 | 2007, 2007 | 2006, 2006 | 2005, 2005 | 2004, 2004 | 2003, 2003 | 2002, 2002 | 2001, 2001 | 2000, 2000 | 1999, 1999 | 1998, 1998 | 1997, 1997 | 1996, 1996 | 1995, 1995 | 1994, 1994 | 1993, 1993 | 1992, 1992 | 1991, 1991 | 1990, 1990",,,,,,,,,,,,
met5_therapy,treatment_details,,text,Metastatic Medication 5,,,,,,,,,,,,,
met5_sd_d,treatment_details,,dropdown,Metastatic Medication 5 Start Date (Day),"XX, Unknown | 01, 01 | 02, 02 | 03, 03 | 04, 04 | 05, 05 | 06, 06 | 07, 07 | 08, 08 | 09, 09 | 10, 10 | 11, 11 | 12, 12 | 13, 13 | 14, 14 | 15, 15 | 16, 16 | 17, 17 | 18, 18 | 19, 19 | 20, 20 | 21, 21 | 22, 22 | 23, 23 | 24, 24 | 25, 25 | 26, 26 | 27, 27 | 28, 28 | 29, 29 | 30, 30 | 31, 31",,,,,,,,,,,,
met5_sd_m,treatment_details,,dropdown,Metastatic Medication 5 Start Date (Month),"XX, Unknown | 01, 01 | 02, 02 | 03, 03 | 04, 04 | 05, 05 | 06, 06 | 07, 07 | 08, 08 | 09, 09 | 10, 10 | 11, 11 | 12, 12",,,,,,,,,,,,
met5_sd_y,treatment_details,,dropdown,Metastatic Medication 5 Start Date (Year),"XXXX, Unknown | 2026, 2026 | 2025, 2025 | 2024, 2024 | 2023, 2023 | 2022, 2022 | 2021, 2021 | 2020, 2020 | 2019, 2019 | 2018, 2018 | 2017, 2017 | 2016, 2016 | 2015, 2015 | 2014, 2014 | 2013, 2013 | 2012, 2012 | 2011, 2011 | 2010, 2010 | 2009, 2009 | 2008, 2008 | 2007, 2007 | 2006, 2006 | 2005, 2005 | 2004, 2004 | 2003, 2003 | 2002, 2002 | 2001, 2001 | 2000, 2000 | 1999, 1999 | 1998, 1998 | 1997, 1997 | 1996, 1996 | 1995, 1995 | 1994, 1994 | 1993, 1993 | 1992, 1992 | 1991, 1991 | 1990, 1990",,,,,,,,,,,,
met5_ed_d,treatment_details,,dropdown,Metastatic Medication 5 End Date (Day),"XX, Unknown | 01, 01 | 02, 02 | 03, 03 | 04, 04 | 05, 05 | 06, 06 | 07, 07 | 08, 08 | 09, 09 | 10, 10 | 11, 11 | 12, 12 | 13, 13 | 14, 14 | 15, 15 | 16, 16 | 17, 17 | 18, 18 | 19, 19 | 20, 20 | 21, 21 | 22, 22 | 23, 23 | 24, 24 | 25, 25 | 26, 26 | 27, 27 | 28, 28 | 29, 29 | 30, 30 | 31, 31",,,,,,,,,,,,
met5_ed_m,treatment_details,,dropdown,Metastatic Medication 5 End Date (Month),"XX, Unknown | 01, 01 | 02, 02 | 03, 03 | 04, 04 | 05, 05 | 06, 06 | 07, 07 | 08, 08 | 09, 09 | 10, 10 | 11, 11 | 12, 12",,,,,,,,,,,,
met5_ed_y,treatment_details,,dropdown,Metastatic Medication 5 End Date (Year),"XXXX, Unknown | 2026, 2026 | 2025, 2025 | 2024, 2024 | 2023, 2023 | 2022, 2022 | 2021, 2021 | 2020, 2020 | 2019, 2019 | 2018, 2018 | 2017, 2017 | 2016, 2016 | 2015, 2015 | 2014, 2014 | 2013, 2013 | 2012, 2012 | 2011, 2011 | 2010, 2010 | 2009, 2009 | 2008, 2008 | 2007, 2007 | 2006, 2006 | 2005, 2005 | 2004, 2004 | 2003, 2003 | 2002, 2002 | 2001, 2001 | 2000, 2000 | 1999, 1999 | 1998, 1998 | 1997, 1997 | 1996, 1996 | 1995, 1995 | 1994, 1994 | 1993, 1993 | 1992, 1992 | 1991, 1991 | 1990, 1990",,,,,,,,,,,,
met6_therapy,treatment_details,,text,Metastatic Medication 6,,,,,,,,,,,,,
met6_sd_d,treatment_details,,dropdown,Metastatic Medication 6 Start Date (Day),"XX, Unknown | 01, 01 | 02, 02 | 03, 03 | 04, 04 | 05, 05 | 06, 06 | 07, 07 | 08, 08 | 09, 09 | 10, 10 | 11, 11 | 12, 12 | 13, 13 | 14, 14 | 15, 15 | 16, 16 | 17, 17 | 18, 18 | 19, 19 | 20, 20 | 21, 21 | 22, 22 | 23, 23 | 24, 24 | 25, 25 | 26, 26 | 27, 27 | 28, 28 | 29, 29 | 30, 30 | 31, 31",,,,,,,,,,,,
met6_sd_m,treatment_details,,dropdown,Metastatic Medication 6 Start Date (Month),"XX, Unknown | 01, 01 | 02, 02 | 03, 03 | 04, 04 | 05, 05 | 06, 06 | 07, 07 | 08, 08 | 09, 09 | 10, 10 | 11, 11 | 12, 12",,,,,,,,,,,,
met6_sd_y,treatment_details,,dropdown,Metastatic Medication 6 Start Date (Year),"XXXX, Unknown | 2026, 2026 | 2025, 2025 | 2024, 2024 | 2023, 2023 | 2022, 2022 | 2021, 2021 | 2020, 2020 | 2019, 2019 | 2018, 2018 | 2017, 2017 | 2016, 2016 | 2015, 2015 | 2014, 2014 | 2013, 2013 | 2012, 2012 | 2011, 2011 | 2010, 2010 | 2009, 2009 | 2008, 2008 | 2007, 2007 | 2006, 2006 | 2005, 2005 | 2004, 2004 | 2003, 2003 | 2002, 2002 | 2001, 2001 | 2000, 2000 | 1999, 1999 | 1998, 1998 | 1997, 1997 | 1996, 1996 | 1995, 1995 | 1994, 1994 | 1993, 1993 | 1992, 1992 | 1991, 1991 | 1990, 1990",,,,,,,,,,,,
met6_ed_d,treatment_details,,dropdown,Metastatic Medication 6 End Date (Day),"XX, Unknown | 01, 01 | 02, 02 | 03, 03 | 04, 04 | 05, 05 | 06, 06 | 07, 07 | 08, 08 | 09, 09 | 10, 10 | 11, 11 | 12, 12 | 13, 13 | 14, 14 | 15, 15 | 16, 16 | 17, 17 | 18, 18 | 19, 19 | 20, 20 | 21, 21 | 22, 22 | 23, 23 | 24, 24 | 25, 25 | 26, 26 | 27, 27 | 28, 28 | 29, 29 | 30, 30 | 31, 31",,,,,,,,,,,,
met1_ed,treatment_details,,text,Metastatic Medication 1 End Date,,,,,,,,,,,,," @CALCTEXT(concat(if(isblankormissingcode([met1_ed_m]),'00',[met1_ed_m]), ""/"", if(isblankormissingcode([met1_ed_d]),'00',[met1_ed_d]), ""/"", if(isblankormissingcode([met1_ed_y]),'0000',[met1_ed_y]))) AND @HIDDEN"
met6_ed_m,treatment_details,,dropdown,Metastatic Medication 6 End Date (Month),"XX, Unknown | 01, 01 | 02, 02 | 03, 03 | 04, 04 | 05, 05 | 06, 06 | 07, 07 | 08, 08 | 09, 09 | 10, 10 | 11, 11 | 12, 12",,,,,,,,,,,,
met6_ed_y,treatment_details,,dropdown,Metastatic Medication 6 End Date (Year),"XXXX, Unknown | 2026, 2026 | 2025, 2025 | 2024, 2024 | 2023, 2023 | 2022, 2022 | 2021, 2021 | 2020, 2020 | 2019, 2019 | 2018, 2018 | 2017, 2017 | 2016, 2016 | 2015, 2015 | 2014, 2014 | 2013, 2013 | 2012, 2012 | 2011, 2011 | 2010, 2010 | 2009, 2009 | 2008, 2008 | 2007, 2007 | 2006, 2006 | 2005, 2005 | 2004, 2004 | 2003, 2003 | 2002, 2002 | 2001, 2001 | 2000, 2000 | 1999, 1999 | 1998, 1998 | 1997, 1997 | 1996, 1996 | 1995, 1995 | 1994, 1994 | 1993, 1993 | 1992, 1992 | 1991, 1991 | 1990, 1990",,,,,,,,,,,,
met1_sd,treatment_details,,text,Metastatic Medication 1 Start Date,,,,,,,,,,,,," @CALCTEXT(concat(if(isblankormissingcode([met1_sd_m]),'00',[met1_sd_m]), ""/"", if(isblankormissingcode([met1_sd_d]),'00',[met1_sd_d]), ""/"", if(isblankormissingcode([met1_sd_y]),'0000',[met1_sd_y]))) AND @HIDDEN"
met2_sd,treatment_details,,text,Metastatic Medication 2 Start Date,,,,,,,,,,,,," @CALCTEXT(concat(if(isblankormissingcode([met2_sd_m]),'00',[met2_sd_m]), ""/"", if(isblankormissingcode([met2_sd_d]),'00',[met2_sd_d]), ""/"", if(isblankormissingcode([met2_sd_y]),'0000',[met2_sd_y]))) AND @HIDDEN"
met2_ed,treatment_details,,text,Metastatic Medication 2 End Date,,,,,,,,,,,,," @CALCTEXT(concat(if(isblankormissingcode([met2_ed_m]),'00',[met2_ed_m]), ""/"", if(isblankormissingcode([met2_ed_d]),'00',[met2_ed_d]), ""/"", if(isblankormissingcode([met2_ed_y]),'0000',[met2_ed_y]))) AND @HIDDEN"
met3_sd,treatment_details,,text,Metastatic Medication 3 Start Date,,,,,,,,,,,,," @CALCTEXT(concat(if(isblankormissingcode([met3_sd_m]),'00',[met3_sd_m]), ""/"", if(isblankormissingcode([met3_sd_d]),'00',[met3_sd_d]), ""/"", if(isblankormissingcode([met3_sd_y]),'0000',[met3_sd_y]))) AND @HIDDEN"
met3_ed,treatment_details,,text,Metastatic Medication 3 End Date,,,,,,,,,,,,," @CALCTEXT(concat(if(isblankormissingcode([met3_ed_m]),'00',[met3_ed_m]), ""/"", if(isblankormissingcode([met3_ed_d]),'00',[met3_ed_d]), ""/"", if(isblankormissingcode([met3_ed_y]),'0000',[met3_ed_y]))) AND @HIDDEN"
met4_sd,treatment_details,,text,Metastatic Medication 4 Start Date,,,,,,,,,,,,," @CALCTEXT(concat(if(isblankormissingcode([met4_sd_m]),'00',[met4_sd_m]), ""/"", if(isblankormissingcode([met4_sd_d]),'00',[met4_sd_d]), ""/"", if(isblankormissingcode([met4_sd_y]),'0000',[met4_sd_y]))) AND @HIDDEN"
met4_ed,treatment_details,,text,Metastatic Medication 4 End Date,,,,,,,,,,,,," @CALCTEXT(concat(if(isblankormissingcode([met4_ed_m]),'00',[met4_ed_m]), ""/"", if(isblankormissingcode([met4_ed_d]),'00',[met4_ed_d]), ""/"", if(isblankormissingcode([met4_ed_y]),'0000',[met4_ed_y]))) AND @HIDDEN"
met5_sd,treatment_details,,text,Metastatic Medication 5 Start Date,,,,,,,,,,,,," @CALCTEXT(concat(if(isblankormissingcode([met5_sd_m]),'00',[met5_sd_m]), ""/"", if(isblankormissingcode([met5_sd_d]),'00',[met5_sd_d]), ""/"", if(isblankormissingcode([met5_sd_y]),'0000',[met5_sd_y]))) AND @HIDDEN"
met5_ed,treatment_details,,text,Metastatic Medication 5 End Date,,,,,,,,,,,,," @CALCTEXT(concat(if(isblankormissingcode([met5_ed_m]),'00',[met5_ed_m]), ""/"", if(isblankormissingcode([met5_ed_d]),'00',[met5_ed_d]), ""/"", if(isblankormissingcode([met5_ed_y]),'0000',[met5_ed_y]))) AND @HIDDEN"
met6_sd,treatment_details,,text,Metastatic Medication 6 Start Date,,,,,,,,,,,,," @CALCTEXT(concat(if(isblankormissingcode([met6_sd_m]),'00',[met6_sd_m]), ""/"", if(isblankormissingcode([met6_sd_d]),'00',[met6_sd_d]), ""/"", if(isblankormissingcode([met6_sd_y]),'0000',[met6_sd_y]))) AND @HIDDEN"
met6_ed,treatment_details,,text,Metastatic Medication 6 End Date,,,,,,,,,,,,," @CALCTEXT(concat(if(isblankormissingcode([met6_ed_m]),'00',[met6_ed_m]), ""/"", if(isblankormissingcode([met6_ed_d]),'00',[met6_ed_d]), ""/"", if(isblankormissingcode([met6_ed_y]),'0000',[met6_ed_y]))) AND @HIDDEN"
met_discontinue,treatment_details,,radio,Was the metastatic medication/regimen discontinued? ,"1, Yes | 0, No | 99, Unknown",,,,,,[met_yn]=1,,,,,,
met_discontinue_reason,treatment_details,,checkbox,Metastatic Medication/Regimen Discontinuation Reason,"0, Completion of Planned Therapy/Maximal Response | 1, Toxicity | 2, Patient Preference | 3, Not Effective/Progression of Disease | 4, Transitioned to Supportive Care/ Patient Expired | 5, Lost to Follow-Up | 98, Other | 99, Unknown",A code explaining unplanned or premature termination of the metastatic medication or regimen,,,,,[met_yn]=1 and [met_discontinue]=1,,,,,,
met_toxicity,treatment_details,,text,"If the metastatic medication/regimen was discontinued due to toxicity, please explain why (list side effect, condition, symptom, etc.)?",,,,,,,[met_yn]=1 and [met_discontinue]=1 and [met_discontinue_reason(1)]=1,,,,,,
disease_progression_yn,treatment_details,Follow-up Information,yesno,New Information on Disease Progression,,,,,,,,,,,,,
progressive_disease_yn,treatment_details,,yesno,Progressive Disease?,,,,,,,[disease_progression_yn]=1,,,,,,
disease_progression_date,treatment_details,,text,Date of Progression Status,,,date_mdy,,,,[disease_progression_yn]=1,,,,,,
progression_determination,treatment_details,,checkbox,Means of Progression Determination,"0, Pathology | 1, Radiographic | 2, Clinical",,,,,,[progressive_disease_yn]=1,,,,,,
tt_progression_recurrence,treatment_details,,calc,Time to Progression Status,"if([current-instance]=[first-instance], round(datediff ([primary_ca_path_dx_dt_full],[disease_progression_date][current-instance], ""M""),'1'),round(datediff ([disease_progression_date][previous-instance],[disease_progression_date][current-instance], ""M""),'1'))",,,,,,[disease_progression_yn]=1,,,,,,
date_cur_treat_summary,treatment_details,Treatment Details Curation Information,text,Date Last Curated (Treatment Summary),,,date_mdy,,,,,,,,,, @HIDDEN-SURVEY @TODAY
cur_by_treat_summary,treatment_details,,text,Curated By (Treatment Summary),,,,,,,,,,,,," @HIDDEN-SURVEY @PREFILL=""[user-fullname]"""
date_of_imaging,radiological_findings,,text,Date of Imaging,,,date_mdy,,,,,,,,,, @HIDEBUTTON
type_of_imaging,radiological_findings,,radio,Type of Imaging,"0, CT | 1, MRI | 2, PET",,,,,,,,,,,,
timing_rel_to_surgery,radiological_findings,,radio,Timing Status Relative to Surgery,"0, Preoperative | 1, Postoperative | 2, Surveillance (3 weeks or more after surgery)",,,,,,,,,,,,
contrast_used,radiological_findings,,yesno,Was contrast used? ,,,,,,,,,,,,,
radiotracer_type,radiological_findings,,radio,What radiotracer was used for the PET scan?,"0, FDG | 1, FET | 2, Fluciclovine | 3, Other",,,,,,[type_of_imaging]=2,,,,,,
radiotracer_other,radiological_findings,,text,"Specify ""Other"" Radiotracer",,,,,,,[type_of_imaging]=2 AND [radiotracer_type]=3,,,,,,
no_target_lesions,radiological_findings,,radio,Number of Target Lesions,"1, 1 | 2, 2 | 3, 3 | 4, 4 or more",Enter in order of the largest and most symptomatic lesions.,,,,,,,,,,,
tumor_loc_supr_infr,radiological_findings,,descriptive,"<div class=""rich-text-field-label""><p> </p> <table style=""border-collapse: collapse; width: 107.997%; height: 298.583px;"" border=""0""><colgroup><col style=""width: 24.9685%;""><col style=""width: 24.9685%;""><col style=""width: 24.9685%;""><col style=""width: 24.9685%;""></colgroup> <tbody> <tr style=""height: 24.3333px;""> <td style=""background-color: #95a5a6;""><strong>Target Lesion #1</strong></td> <td style=""background-color: #95a5a6;""><strong>{target_lesion_lbl_2}</strong></td> <td style=""background-color: #95a5a6;""><strong>{target_lesion_lbl_3}</strong></td> <td style=""background-color: #95a5a6;""><strong>{target_lesion_lbl_4}</strong></td> </tr> <tr style=""height: 24.3333px;""> <td style=""background-color: #ecf0f1;"">Laterality:</td> <td style=""background-color: #ecf0f1;""> </td> <td style=""background-color: #ecf0f1;""> </td> <td style=""background-color: #ecf0f1;""> </td> </tr> <tr style=""height: 24.3333px;""> <td style=""background-color: #ecf0f1;"">{radiogr_lesion_laterality_1}</td> <td style=""background-color: #ecf0f1;"">{radiogr_lesion_laterality_2}</td> <td style=""background-color: #ecf0f1;"">{radiogr_lesion_laterality_3}</td> <td style=""background-color: #ecf0f1;"">{radiogr_lesion_laterality_4}</td> </tr> <tr style=""height: 45.1167px;""> <td style=""background-color: #ecf0f1;""> <p>Location:</p> </td> <td style=""background-color: #ecf0f1;""> </td> <td style=""background-color: #ecf0f1;""> </td> <td style=""background-color: #ecf0f1;""> </td> </tr> <tr style=""height: 45.1167px;""> <td style=""background-color: #ecf0f1;""> <p>Supratentorial</p> </td> <td style=""background-color: #ecf0f1;""> </td> <td style=""background-color: #ecf0f1;""> </td> <td style=""background-color: #ecf0f1;""> </td> </tr> <tr style=""height: 45.1167px;""> <td style=""background-color: #ecf0f1;""> <p>{lesion_loc_supratentorial_1}</p> </td> <td style=""background-color: #ecf0f1;""> <p>{lesion_loc_supratentorial_2}</p> </td> <td style=""background-color: #ecf0f1;"">{lesion_loc_supratentorial_3}</td> <td style=""background-color: #ecf0f1;"">{lesion_loc_supratentorial_4}</td> </tr> <tr style=""height: 45.1167px;""> <td style=""background-color: #ecf0f1;""> <p>Infratentorial</p> </td> <td style=""background-color: #ecf0f1;""> </td> <td style=""background-color: #ecf0f1;""> </td> <td style=""background-color: #ecf0f1;""> </td> </tr> <tr style=""height: 45.1167px;""> <td style=""background-color: #ecf0f1;""> <p>{lesion_loc_infratentorial_1}</p> </td> <td style=""background-color: #ecf0f1;""> <p>{lesion_loc_infratentorial_2}</p> </td> <td style=""background-color: #ecf0f1;"">{lesion_loc_infratentorial_3}</td> <td style=""background-color: #ecf0f1;"">{lesion_loc_infratentorial_4}</td> </tr> </tbody> </table> <p> </p></div>",,,,,,,[no_target_lesions]>0,,,,,,
target_lesion_lbl_2,radiological_findings,,descriptive,Target Lesion #2,,,,,,,[no_target_lesions]>1,,,,,,
target_lesion_lbl_3,radiological_findings,,descriptive,Target Lesion #3,,,,,,,[no_target_lesions]>2,,,,,,
target_lesion_lbl_4,radiological_findings,,descriptive,Target Lesion #4,,,,,,,[no_target_lesions]>3,,,,,,
radiogr_lesion_laterality_1,radiological_findings,,radio,Lesion Laterality #1,"0, Unilateral Left | 1, Unilateral Right | 2, Bilateral | 3, Midline",,,,,,[no_target_lesions]>0,,,,,,
radiogr_lesion_laterality_2,radiological_findings,,radio,Lesion Laterality #2,"0, Unilateral Left | 1, Unilateral Right | 2, Bilateral | 3, Midline",,,,,,[no_target_lesions]>1,,,,,,
radiogr_lesion_laterality_3,radiological_findings,,radio,Lesion Laterality #3,"0, Unilateral Left | 1, Unilateral Right | 2, Bilateral | 3, Midline",,,,,,[no_target_lesions]>2,,,,,,
radiogr_lesion_laterality_4,radiological_findings,,radio,Lesion Laterality #4,"0, Unilateral Left | 1, Unilateral Right | 2, Bilateral | 3, Midline",,,,,,[no_target_lesions]>3,,,,,,
lesion_loc_supratentorial_1,radiological_findings,,checkbox,Supratentorial #1,"0, Frontal Lobe | 1, Temporal Lobe | 2, Parietal Lobe | 3, Occipital Lobe | 4, Ventricle(s) | 5, Corpus Callosum | 6, Basal Ganglia/Thalamus | 7, Dura Mater (Calvarium) | 8, Dura Mater (Skull base) | 9, Optic Pathway | 10, Pineal region | 11, Pituitary | 12, Leptomeninges",,,,,,[no_target_lesions]>0,,,,,,
lesion_loc_supratentorial_2,radiological_findings,,checkbox,Supratentorial #2,"0, Frontal Lobe | 1, Temporal Lobe | 2, Parietal Lobe | 3, Occipital Lobe | 4, Ventricle(s) | 5, Corpus Callosum | 6, Basal Ganglia/Thalamus | 7, Dura Mater (Calvarium) | 8, Dura Mater (Skull base) | 9, Optic Pathway | 10, Pineal region | 11, Pituitary | 12, Leptomeninges",,,,,,[no_target_lesions]>1,,,,,,
lesion_loc_supratentorial_3,radiological_findings,,checkbox,Supratentorial #3,"0, Frontal Lobe | 1, Temporal Lobe | 2, Parietal Lobe | 3, Occipital Lobe | 4, Ventricle(s) | 5, Corpus Callosum | 6, Basal Ganglia/Thalamus | 7, Dura Mater (Calvarium) | 8, Dura Mater (Skull base) | 9, Optic Pathway | 10, Pineal region | 11, Pituitary | 12, Leptomeninges",,,,,,[no_target_lesions]>2,,,,,,
lesion_loc_supratentorial_4,radiological_findings,,checkbox,Supratentorial #4,"0, Frontal Lobe | 1, Temporal Lobe | 2, Parietal Lobe | 3, Occipital Lobe | 4, Ventricle(s) | 5, Corpus Callosum | 6, Basal Ganglia/Thalamus | 7, Dura Mater (Calvarium) | 8, Dura Mater (Skull base) | 9, Optic Pathway | 10, Pineal region | 11, Pituitary | 12, Leptomeninges",,,,,,[no_target_lesions]>3,,,,,,
lesion_loc_infratentorial_1,radiological_findings,,checkbox,Infratentorial #1,"0, Cerebellum | 1, Brainstem | 2, Ventricle(s) | 3, Dura Mater | 4, Leptomeninges | 5, Cranial Nerves (CN3-CN12) | 6, Spinal Cord",,,,,,[no_target_lesions]>0,,,,,,
lesion_loc_infratentorial_2,radiological_findings,,checkbox,Infratentorial #2,"0, Cerebellum | 1, Brainstem | 2, Ventricle(s) | 3, Dura Mater | 4, Leptomeninges | 5, Cranial Nerves (CN3-CN12) | 6, Spinal Cord",,,,,,[no_target_lesions]>1,,,,,,
lesion_loc_infratentorial_3,radiological_findings,,checkbox,Infratentorial #3,"0, Cerebellum | 1, Brainstem | 2, Ventricle(s) | 3, Dura Mater | 4, Leptomeninges | 5, Cranial Nerves (CN3-CN12) | 6, Spinal Cord",,,,,,[no_target_lesions]>2,,,,,,
lesion_loc_infratentorial_4,radiological_findings,,checkbox,Infratentorial #4,"0, Cerebellum | 1, Brainstem | 2, Ventricle(s) | 3, Dura Mater | 4, Leptomeninges | 5, Cranial Nerves (CN3-CN12) | 6, Spinal Cord",,,,,,[no_target_lesions]>3,,,,,,
contrast_en_dimensions,radiological_findings, Contrast Enhancement Dimensions,descriptive,"<div class=""rich-text-field-label""><p> </p> <table style=""border-collapse: collapse; width: 107.997%; height: 281.717px;"" border=""0""><colgroup><col style=""width: 24.9502%;""><col style=""width: 24.9502%;""><col style=""width: 24.9502%;""><col style=""width: 24.9502%;""></colgroup> <tbody> <tr style=""height: 43.9667px;""> <td style=""background-color: #95a5a6;""><strong>Target Lesion #1</strong></td> <td style=""background-color: #95a5a6;""><strong>{target_lesion_contrast_lbl_2}</strong></td> <td style=""background-color: #95a5a6;""><strong>{target_lesion_contrast_lbl_3}</strong></td> <td style=""background-color: #95a5a6;""><strong>{target_lesion_contrast_lbl_4}</strong></td> </tr> <tr style=""height: 13.3167px;""> <td style=""background-color: #ecf0f1;"" colspan=""2""> <p style=""margin-bottom: .0001pt;"">RANO 2.0 Criteria Bi-Perpendicular Diameter 1 (in mm):</p> </td> <td style=""background-color: #ecf0f1;""> </td> <td style=""background-color: #ecf0f1;""> </td> </tr> <tr style=""height: 43.9667px;""> <td style=""background-color: #ecf0f1;"">{rano_criteria_x_diam_contr_1}</td> <td style=""background-color: #ecf0f1;"">{rano_criteria_x_diam_contr_2}</td> <td style=""background-color: #ecf0f1;"">{rano_criteria_x_diam_contr_3}</td> <td style=""background-color: #ecf0f1;"">{rano_criteria_x_diam_contr_4}</td> </tr> <tr style=""height: 45.1167px;""> <td style=""background-color: #ecf0f1;"" colspan=""2""> <p>RANO 2.0 Criteria Bi-Perpendicular Diameter 2 (in mm):</p> </td> <td style=""background-color: #ecf0f1;""> </td> <td style=""background-color: #ecf0f1;""> </td> </tr> <tr style=""height: 45.1167px;""> <td style=""background-color: #ecf0f1;""> <p>{rano_criteria_y_diam_contr_1}</p> </td> <td style=""background-color: #ecf0f1;""> <p>{rano_criteria_y_diam_contr_2}</p> </td> <td style=""background-color: #ecf0f1;"">{rano_criteria_y_diam_contr_3}</td> <td style=""background-color: #ecf0f1;"">{rano_criteria_y_diam_contr_4}</td> </tr> <tr style=""height: 45.1167px;""> <td style=""background-color: #ecf0f1;"" colspan=""2""> <p>Volumetrics for Contrast Enhancement (in cm³):</p> </td> <td style=""background-color: #ecf0f1;""> </td> <td style=""background-color: #ecf0f1;""> </td> </tr> <tr style=""height: 45.1167px;""> <td style=""background-color: #ecf0f1;""> <p>{volumetrics_contrast_enhan_1}</p> </td> <td style=""background-color: #ecf0f1;""> <p>{volumetrics_contrast_enhan_2}</p> </td> <td style=""background-color: #ecf0f1;"">{volumetrics_contrast_enhan_3}</td> <td style=""background-color: #ecf0f1;"">{volumetrics_contrast_enhan_4}</td> </tr> </tbody> </table> <p> </p></div>",,,,,,,[contrast_used]=1 AND [no_target_lesions]>0,,,,,,
target_lesion_contrast_lbl_2,radiological_findings,,descriptive,Target Lesion #2,,,,,,,[contrast_used]=1 AND [no_target_lesions]>1,,,,,,
target_lesion_contrast_lbl_3,radiological_findings,,descriptive,Target Lesion #3,,,,,,,[contrast_used]=1 AND [no_target_lesions]>2,,,,,,
target_lesion_contrast_lbl_4,radiological_findings,,descriptive,Target Lesion #4,,,,,,,[contrast_used]=1 AND [no_target_lesions]>3,,,,,,
rano_criteria_x_diam_contr_1,radiological_findings,,text,RANO Criteria X Diameter Measured on Axial (left to right) in mm,,,integer,,,,[contrast_used]=1 AND [no_target_lesions]>0,,,,,,
rano_criteria_x_diam_contr_2,radiological_findings,,text,RANO Criteria X Diameter Measured on Axial (left to right) in mm,,,integer,,,,[contrast_used]=1 AND [no_target_lesions]>1,,,,,,
rano_criteria_x_diam_contr_3,radiological_findings,,text,RANO Criteria X Diameter Measured on Axial (left to right) in mm,,,integer,,,,[contrast_used]=1 AND [no_target_lesions]>2,,,,,,
rano_criteria_x_diam_contr_4,radiological_findings,,text,RANO Criteria X Diameter Measured on Axial (left to right) in mm,,,integer,,,,[contrast_used]=1 AND [no_target_lesions]>3,,,,,,
rano_criteria_y_diam_contr_1,radiological_findings,,text,RANO Criteria Y Diameter Measured on Axial (anterior to posterior) in mm,,,integer,,,,[contrast_used]=1 AND [no_target_lesions]>0,,,,,,
rano_criteria_y_diam_contr_2,radiological_findings,,text,RANO Criteria Y Diameter Measured on Axial (anterior to posterior) in mm,,,integer,,,,[contrast_used]=1 AND [no_target_lesions]>1,,,,,,
rano_criteria_y_diam_contr_3,radiological_findings,,text,RANO Criteria Y Diameter Measured on Axial (anterior to posterior) in mm,,,integer,,,,[contrast_used]=1 AND [no_target_lesions]>2,,,,,,
rano_criteria_y_diam_contr_4,radiological_findings,,text,RANO Criteria Y Diameter Measured on Axial (anterior to posterior) in mm,,,integer,,,,[contrast_used]=1 AND [no_target_lesions]>3,,,,,,
volumetrics_contrast_enhan_1,radiological_findings,,text,Volumetrics for Contrast Enhancement (if performed),,,,,,,[contrast_used]=1 AND [no_target_lesions]>0,,,,,,
volumetrics_contrast_enhan_2,radiological_findings,,text,Volumetrics for Contrast Enhancement (if performed),,,,,,,[contrast_used]=1 AND [no_target_lesions]>1,,,,,,
volumetrics_contrast_enhan_3,radiological_findings,,text,Volumetrics for Contrast Enhancement (if performed),,,,,,,[contrast_used]=1 AND [no_target_lesions]>2,,,,,,
volumetrics_contrast_enhan_4,radiological_findings,,text,Volumetrics for Contrast Enhancement (if performed),,,,,,,[contrast_used]=1 AND [no_target_lesions]>3,,,,,,
contrast_en_dimensions_2,radiological_findings,FLAIR Signal Dimensions,descriptive,"<div class=""rich-text-field-label""><p> </p> <table style=""border-collapse: collapse; width: 107.997%; height: 303.517px;"" border=""0""><colgroup><col style=""width: 24.9917%;""><col style=""width: 24.9917%;""><col style=""width: 24.9917%;""><col style=""width: 24.9917%;""></colgroup> <tbody> <tr style=""height: 43.9667px;""> <td style=""background-color: #95a5a6;""><strong>Target Lesion #1</strong></td> <td style=""background-color: #95a5a6;""><strong>{target_lesion_flair_lbl_2}</strong></td> <td style=""background-color: #95a5a6;""><strong>{target_lesion_flair_lbl_3}</strong></td> <td style=""background-color: #95a5a6;""><strong>{target_lesion_flair_lbl_4}</strong></td> </tr> <tr style=""height: 35.1167px;""> <td style=""background-color: #ecf0f1;"" colspan=""2""> <p style=""margin-bottom: .0001pt;"">RANO 2.0 Criteria Bi-Perpendicular Diameter 1 (in mm):</p> </td> <td style=""background-color: #ecf0f1;""> </td> <td style=""background-color: #ecf0f1;""> </td> </tr> <tr style=""height: 43.9667px;""> <td style=""background-color: #ecf0f1;"">{rano_criteria_x_diam_flair_1}</td> <td style=""background-color: #ecf0f1;"">{rano_criteria_x_diam_flair_2}</td> <td style=""background-color: #ecf0f1;"">{rano_criteria_x_diam_flair_3}</td> <td style=""background-color: #ecf0f1;"">{rano_criteria_x_diam_flair_4}</td> </tr> <tr style=""height: 45.1167px;""> <td style=""background-color: #ecf0f1;"" colspan=""2""> <p>RANO 2.0 Criteria Bi-Perpendicular Diameter 2 (in mm):</p> </td> <td style=""background-color: #ecf0f1;""> </td> <td style=""background-color: #ecf0f1;""> </td> </tr> <tr style=""height: 45.1167px;""> <td style=""background-color: #ecf0f1;""> <p>{rano_criteria_y_diam_flair_1}</p> </td> <td style=""background-color: #ecf0f1;""> <p>{rano_criteria_y_diam_flair_2}</p> </td> <td style=""background-color: #ecf0f1;"">{rano_criteria_y_diam_flair_3}</td> <td style=""background-color: #ecf0f1;"">{rano_criteria_y_diam_flair_4}</td> </tr> <tr style=""height: 45.1167px;""> <td style=""background-color: #ecf0f1;"" colspan=""2""> <p>Volumetrics for FLAIR (in cm³):</p> </td> <td style=""background-color: #ecf0f1;""> </td> <td style=""background-color: #ecf0f1;""> </td> </tr> <tr style=""height: 45.1167px;""> <td style=""background-color: #ecf0f1;""> <p>{volumetrics_flair_1}</p> </td> <td style=""background-color: #ecf0f1;""> <p>{volumetrics_flair_2}</p> </td> <td style=""background-color: #ecf0f1;"">{volumetrics_flair_3}</td> <td style=""background-color: #ecf0f1;"">{volumetrics_flair_4}</td> </tr> </tbody> </table> <p> </p></div>",,,,,,,[type_of_imaging]=1 AND [no_target_lesions]>0,,,,,,
target_lesion_flair_lbl_2,radiological_findings,,descriptive,Target Lesion #2,,,,,,,[type_of_imaging]=1 AND [no_target_lesions]>1,,,,,,
target_lesion_flair_lbl_3,radiological_findings,,descriptive,Target Lesion #3,,,,,,,[type_of_imaging]=1 AND [no_target_lesions]>2,,,,,,
target_lesion_flair_lbl_4,radiological_findings,,descriptive,Target Lesion #4,,,,,,,[type_of_imaging]=1 AND [no_target_lesions]>3,,,,,,
rano_criteria_x_diam_flair_1,radiological_findings,,text,RANO Criteria X Diameter Measured on Axial (left to right) in mm,,,integer,,,,[type_of_imaging]=1 AND [no_target_lesions]>0,,,,,,
rano_criteria_x_diam_flair_2,radiological_findings,,text,RANO Criteria X Diameter Measured on Axial (left to right) in mm,,,integer,,,,[type_of_imaging]=1 AND [no_target_lesions]>1,,,,,,
rano_criteria_x_diam_flair_3,radiological_findings,,text,RANO Criteria X Diameter Measured on Axial (left to right) in mm,,,integer,,,,[type_of_imaging]=1 AND [no_target_lesions]>2,,,,,,
rano_criteria_x_diam_flair_4,radiological_findings,,text,RANO Criteria X Diameter Measured on Axial (left to right) in mm,,,integer,,,,[type_of_imaging]=1 AND [no_target_lesions]>3,,,,,,
rano_criteria_y_diam_flair_1,radiological_findings,,text,RANO Criteria Y Diameter Measured on Axial (anterior to posterior) in mm,,,integer,,,,[type_of_imaging]=1 AND [no_target_lesions]>0,,,,,,
rano_criteria_y_diam_flair_2,radiological_findings,,text,RANO Criteria Y Diameter Measured on Axial (anterior to posterior) in mm,,,integer,,,,[type_of_imaging]=1 AND [no_target_lesions]>1,,,,,,
rano_criteria_y_diam_flair_3,radiological_findings,,text,RANO Criteria Y Diameter Measured on Axial (anterior to posterior) in mm,,,integer,,,,[type_of_imaging]=1 AND [no_target_lesions]>2,,,,,,
rano_criteria_y_diam_flair_4,radiological_findings,,text,RANO Criteria Y Diameter Measured on Axial (anterior to posterior) in mm,,,integer,,,,[type_of_imaging]=1 AND [no_target_lesions]>3,,,,,,
volumetrics_flair_1,radiological_findings,,text,Volumetrics for FLAIR (if performed),,,,,,,[type_of_imaging]=1 AND [no_target_lesions]>0,,,,,,
volumetrics_flair_2,radiological_findings,,text,Volumetrics for FLAIR (if performed),,,,,,,[type_of_imaging]=1 AND [no_target_lesions]>1,,,,,,
volumetrics_flair_3,radiological_findings,,text,Volumetrics for FLAIR (if performed),,,,,,,[type_of_imaging]=1 AND [no_target_lesions]>2,,,,,,
volumetrics_flair_4,radiological_findings,,text,Volumetrics for FLAIR (if performed),,,,,,,[type_of_imaging]=1 AND [no_target_lesions]>3,,,,,,
suvmax_tumor,radiological_findings,PET Scan Measurements,text,SUVmax in Tumor,,,,,,,[type_of_imaging]=2,,,,,,
tumor_to_brain_ratio,radiological_findings,,text,Tumor-to-Brain Ratio,,,,,,,[type_of_imaging]=2,,,,,,
evidence_rad_midline_shift,radiological_findings,Midline Shift,checkbox,Any evidence of radiological midline shift (check all that apply)?,"0, Supratentorial Midline Shift | 1, Infratentorial Midline Shift | 2, Brainstem Midline Shift",,,,,,,,,,,,
cur_by_radiological,radiological_findings,Radiological Findings Curation Information,text,Curated By (Radiological Findings),,Please enter your full name,,,,,,,,,,," @HIDDEN-SURVEY @PREFILL=""[user-fullname]"""
date_cur_radiological,radiological_findings,,text,Date Last Curated (Radiological Findings),,"Date of curation in the form MMDDYYYY, hyphens will be autocompleted",date_mdy,,,y,,,,,,, @HIDDEN-SURVEY @TODAY
vital_status,outcome,Survival Data,radio,Vital Status,"0, Alive | 1, Deceased",,,,,,,,,,,,
death_dt_full,outcome,,text,Date of Death (full value),,,date_mdy,,,,[vital_status]=1,,,,,, @HIDEBUTTON
last_seen_alive_date,outcome,,text,Date Last Seen Alive (full value),,,date_mdy,,,,,,,,,, @HIDEBUTTON
last_clinical_fup_date,outcome,,text,Date of Last Clinical Follow-up (full value),,,date_mdy,,,,,,,,,, @HIDEBUTTON
cause_death,outcome,,dropdown,Cause of Death,"0, Cancer | 1, Other",,,,,,[vital_status]=1,,,,,,
overall_survival,outcome,,calc,Overall Survival,"if([vital_status]=1, round(datediff ([primary_ca_path_dx_dt_full], [death_dt_full], ""y""),'1'), round(datediff ([primary_ca_path_dx_dt_full], [last_seen_alive_date], ""y""),'1'))",Survival in years,,,,,,,,,,,
cur_by_outcome,outcome,Outcome Curation Information,text,Curated By (Outcome),,,,,,,,,,,,," @HIDDEN-SURVEY @PREFILL=""[user-fullname]"""
date_cur_outcome,outcome,,text,Date Last Curated (Outcome),,,date_mdy,,,,,,,,,, @HIDDEN-SURVEY @TODAY
